I0815 20:56:03.087178   16264 log.go:244] (0x1da02f91a580) (0x1da02f8b7e00) Create stream
I0815 20:56:03.120483   16264 log.go:244] (0x1da02f91a580) (0x1da02f8b7e00) Stream added, broadcasting: 1
I0815 20:56:03.145531   16264 log.go:244] (0x1da02f91a580) Reply frame received for 1
I0815 20:56:03.164908   16264 log.go:244] (0x1da02f8b7e00) (1) Writing data frame
I0815 20:56:03.186427   16264 log.go:244] (0x1da02f91a580) (0x1da02fc32000) Create stream
I0815 20:56:03.209519   16264 log.go:244] (0x1da02f91a580) (0x1da02fc32000) Stream added, broadcasting: 3
I0815 20:56:03.212249   16264 log.go:244] (0x1da02f91a580) Reply frame received for 3
I0815 20:56:03.212755   16264 log.go:244] (0x1da02fc32000) (3) Writing data frame
I0815 20:56:03.227058   16264 log.go:244] (0x1da02f91a580) Data frame received for 3
I0815 20:56:03.227562   16264 log.go:244] (0x1da02fc32000) (3) Data frame handling
I0815 20:56:03.228098   16264 log.go:244] (0x1da02fc32000) (3) Data frame sent
I0815 20:56:03.500761   16264 log.go:244] (0x1da02fc32000) (3) Writing data frame
I0815 20:56:03.503486   16264 log.go:244] (0x1da02f91a580) Data frame received for 3
I0815 20:56:03.503486   16264 log.go:244] (0x1da02fc32000) (3) Data frame handling
I0815 20:56:03.503991   16264 log.go:244] (0x1da02fc32000) (3) Data frame sent
I0815 20:56:03.517639   16264 log.go:244] (0x1da02fc32000) (3) Writing data frame
I0815 20:56:03.543761   16264 log.go:244] (0x1da02f91a580) Data frame received for 3
I0815 20:56:03.544267   16264 log.go:244] (0x1da02fc32000) (3) Data frame handling
I0815 20:56:03.544267   16264 log.go:244] (0x1da02fc32000) (3) Data frame sent
I0815 20:56:03.556821   16264 log.go:244] (0x1da02fc32000) (3) Writing data frame
I0815 20:56:19.042990   16264 log.go:244] (0x1da02fc32000) (3) Writing data frame
I0815 20:56:19.102138   16264 log.go:244] (0x1da02f91a580) Data frame received for 1
I0815 20:56:19.106470   16264 log.go:244] (0x1da02f91a580) Data frame received for 3
I0815 20:56:19.107011   16264 log.go:244] (0x1da02fc32000) (3) Data frame handling
I0815 20:56:19.107551   16264 log.go:244] (0x1da02f91a580) (0x1da02fc32000) Stream removed, broadcasting: 3
I0815 20:56:19.219141   16264 log.go:244] (0x1da02f8b7e00) (1) Data frame handling
I0815 20:56:19.352151   16264 log.go:244] (0x1da02f91a580) (0x1da02fc32000) Stream removed, broadcasting: 3
I0815 20:56:19.465417   16264 log.go:244] (0x1da02f91a580) (0x1da02f8b7e00) Stream removed, broadcasting: 1
I0815 20:56:47.836876   16264 log.go:244] (0x1da02f91a580) (0x1da02f8b6000) Create stream
I0815 20:56:47.861464   16264 log.go:244] (0x1da02f91a580) (0x1da02f8b6000) Stream added, broadcasting: 5
I0815 20:56:47.863864   16264 log.go:244] (0x1da02f91a580) Reply frame received for 5
I0815 20:56:47.896554   16264 log.go:244] (0x1da02f8b6000) (5) Writing data frame
I0815 20:56:47.897112   16264 log.go:244] (0x1da02f91a580) (0x1da02f904000) Create stream
I0815 20:56:47.897630   16264 log.go:244] (0x1da02f91a580) (0x1da02f904000) Stream added, broadcasting: 7
I0815 20:56:47.899658   16264 log.go:244] (0x1da02f91a580) Reply frame received for 7
I0815 20:56:47.900171   16264 log.go:244] (0x1da02f904000) (7) Writing data frame
I0815 20:56:47.912033   16264 log.go:244] (0x1da02f91a580) Data frame received for 7
I0815 20:56:47.928167   16264 log.go:244] (0x1da02f904000) (7) Data frame handling
I0815 20:56:47.928167   16264 log.go:244] (0x1da02f904000) (7) Data frame sent
I0815 20:56:47.928672   16264 log.go:244] (0x1da02f91a580) Data frame received for 7
I0815 20:56:47.928672   16264 log.go:244] (0x1da02f904000) (7) Data frame handling
I0815 20:56:47.929199   16264 log.go:244] (0x1da02f904000) (7) Data frame sent
I0815 20:56:47.951936   16264 log.go:244] (0x1da02f904000) (7) Writing data frame
I0815 20:56:47.963575   16264 log.go:244] (0x1da02f91a580) Data frame received for 7
I0815 20:56:47.963575   16264 log.go:244] (0x1da02f904000) (7) Data frame handling
I0815 20:56:47.964080   16264 log.go:244] (0x1da02f904000) (7) Data frame sent
I0815 20:56:47.982944   16264 log.go:244] (0x1da02f904000) (7) Writing data frame
I0815 20:56:47.987866   16264 log.go:244] (0x1da02f91a580) Data frame received for 7
I0815 20:56:48.006361   16264 log.go:244] (0x1da02f904000) (7) Data frame handling
I0815 20:56:48.051881   16264 log.go:244] (0x1da02f904000) (7) Data frame sent
I0815 20:56:48.068324   16264 log.go:244] (0x1da02f904000) (7) Writing data frame
I0815 20:56:48.217233   16264 log.go:244] (0x1da02f91a580) Data frame received for 7
I0815 20:56:48.218353   16264 log.go:244] (0x1da02f904000) (7) Data frame handling
I0815 20:56:48.218896   16264 log.go:244] (0x1da02f904000) (7) Data frame sent
E0815 20:56:48.246359   16264 portforward.go:502] "Unhandled Error" err="error copying from local connection to remote stream: writeto tcp4 127.0.0.1:8080->127.0.0.1:61126: read tcp4 127.0.0.1:8080->127.0.0.1:61126: wsarecv: An existing connection was forcibly closed by the remote host."
I0815 20:56:48.246900   16264 log.go:244] (0x1da02f904000) (7) Writing data frame
I0815 20:56:48.247437   16264 log.go:244] (0x1da02f91a580) (0x1da02f904000) Stream removed, broadcasting: 7
I0815 20:56:48.250683   16264 log.go:244] (0x1da02f91a580) Data frame received for 5
I0815 20:56:48.251223   16264 log.go:244] (0x1da02f8b6000) (5) Data frame handling
I0815 20:56:48.251223   16264 log.go:244] (0x1da02f91a580) (0x1da02f8b6000) Stream removed, broadcasting: 5
I0815 20:56:48.251820   16264 log.go:244] (0x1da02f91a580) Data frame received for 7
I0815 20:56:48.251820   16264 log.go:244] (0x1da02f91a580) Data frame gone away for 7
I0815 20:57:50.845824   16264 log.go:244] (0x1da02f91a580) (0x1da02fc320a0) Create stream
I0815 20:57:50.866970   16264 log.go:244] (0x1da02f91a580) (0x1da02fc320a0) Stream added, broadcasting: 9
I0815 20:57:50.870094   16264 log.go:244] (0x1da02f91a580) Reply frame received for 9
I0815 20:57:50.870676   16264 log.go:244] (0x1da02fc320a0) (9) Writing data frame
I0815 20:57:50.871183   16264 log.go:244] (0x1da02f91a580) (0x1da02f9040a0) Create stream
I0815 20:57:50.871183   16264 log.go:244] (0x1da02f91a580) (0x1da02f9040a0) Stream added, broadcasting: 11
I0815 20:57:50.873407   16264 log.go:244] (0x1da02f91a580) Reply frame received for 11
I0815 20:57:50.873927   16264 log.go:244] (0x1da02f9040a0) (11) Writing data frame
I0815 20:57:50.886679   16264 log.go:244] (0x1da02f91a580) Data frame received for 11
I0815 20:57:50.887185   16264 log.go:244] (0x1da02f9040a0) (11) Data frame handling
I0815 20:57:50.887185   16264 log.go:244] (0x1da02f9040a0) (11) Data frame sent
I0815 20:57:51.025453   16264 log.go:244] (0x1da02f9040a0) (11) Writing data frame
I0815 20:57:51.057326   16264 log.go:244] (0x1da02f91a580) (0x1da02f88e000) Create stream
I0815 20:57:51.083025   16264 log.go:244] (0x1da02f91a580) (0x1da02f88e000) Stream added, broadcasting: 13
I0815 20:57:51.103170   16264 log.go:244] (0x1da02f91a580) Reply frame received for 13
I0815 20:57:51.118555   16264 log.go:244] (0x1da02f88e000) (13) Writing data frame
I0815 20:57:51.119065   16264 log.go:244] (0x1da02f91a580) (0x1da02f904140) Create stream
I0815 20:57:51.119065   16264 log.go:244] (0x1da02f91a580) (0x1da02f904140) Stream added, broadcasting: 15
I0815 20:57:51.120163   16264 log.go:244] (0x1da02f91a580) Data frame received for 11
I0815 20:57:51.128371   16264 log.go:244] (0x1da02f9040a0) (11) Data frame handling
I0815 20:57:51.128894   16264 log.go:244] (0x1da02f91a580) Reply frame received for 15
I0815 20:57:51.129494   16264 log.go:244] (0x1da02f9040a0) (11) Data frame sent
I0815 20:57:51.130083   16264 log.go:244] (0x1da02f904140) (15) Writing data frame
I0815 20:57:51.130721   16264 log.go:244] (0x1da02f91a580) Data frame received for 11
I0815 20:57:51.131229   16264 log.go:244] (0x1da02f9040a0) (11) Data frame handling
I0815 20:57:51.131229   16264 log.go:244] (0x1da02f9040a0) (11) Data frame sent
I0815 20:57:51.131761   16264 log.go:244] (0x1da02f91a580) Data frame received for 11
I0815 20:57:51.132313   16264 log.go:244] (0x1da02f9040a0) (11) Data frame handling
I0815 20:57:51.132313   16264 log.go:244] (0x1da02f9040a0) (11) Data frame sent
I0815 20:57:51.132841   16264 log.go:244] (0x1da02f91a580) Data frame received for 11
I0815 20:57:51.133371   16264 log.go:244] (0x1da02f9040a0) (11) Data frame handling
I0815 20:57:51.133900   16264 log.go:244] (0x1da02f9040a0) (11) Data frame sent
I0815 20:57:51.133900   16264 log.go:244] (0x1da02f91a580) Data frame received for 11
I0815 20:57:51.134546   16264 log.go:244] (0x1da02f9040a0) (11) Data frame handling
I0815 20:57:51.134546   16264 log.go:244] (0x1da02f9040a0) (11) Data frame sent
I0815 20:57:51.142234   16264 log.go:244] (0x1da02f91a580) Data frame received for 11
I0815 20:57:51.142782   16264 log.go:244] (0x1da02f9040a0) (11) Data frame handling
I0815 20:57:51.143338   16264 log.go:244] (0x1da02f9040a0) (11) Data frame sent
I0815 20:57:51.160500   16264 log.go:244] (0x1da02f91a580) Data frame received for 11
I0815 20:57:51.160500   16264 log.go:244] (0x1da02f91a580) Data frame received for 15
I0815 20:57:51.161009   16264 log.go:244] (0x1da02f904140) (15) Data frame handling
I0815 20:57:51.161009   16264 log.go:244] (0x1da02f904140) (15) Data frame sent
I0815 20:57:51.161551   16264 log.go:244] (0x1da02f9040a0) (11) Data frame handling
I0815 20:57:51.162080   16264 log.go:244] (0x1da02f9040a0) (11) Data frame sent
I0815 20:57:51.162080   16264 log.go:244] (0x1da02f91a580) Data frame received for 11
I0815 20:57:51.162689   16264 log.go:244] (0x1da02f9040a0) (11) Data frame handling
I0815 20:57:51.162689   16264 log.go:244] (0x1da02f9040a0) (11) Data frame sent
I0815 20:57:51.163201   16264 log.go:244] (0x1da02f91a580) Data frame received for 11
I0815 20:57:51.163735   16264 log.go:244] (0x1da02f91a580) Data frame received for 15
I0815 20:57:51.163735   16264 log.go:244] (0x1da02f904140) (15) Data frame handling
I0815 20:57:51.164266   16264 log.go:244] (0x1da02f904140) (15) Data frame sent
I0815 20:57:51.164802   16264 log.go:244] (0x1da02f91a580) Data frame received for 15
I0815 20:57:51.164802   16264 log.go:244] (0x1da02f9040a0) (11) Data frame handling
I0815 20:57:51.165343   16264 log.go:244] (0x1da02f9040a0) (11) Data frame sent
I0815 20:57:51.165343   16264 log.go:244] (0x1da02f91a580) Data frame received for 11
I0815 20:57:51.165893   16264 log.go:244] (0x1da02f9040a0) (11) Data frame handling
I0815 20:57:51.165893   16264 log.go:244] (0x1da02f904140) (15) Data frame handling
I0815 20:57:51.166426   16264 log.go:244] (0x1da02f904140) (15) Data frame sent
I0815 20:57:51.166957   16264 log.go:244] (0x1da02f9040a0) (11) Data frame sent
I0815 20:57:51.166957   16264 log.go:244] (0x1da02f91a580) Data frame received for 11
I0815 20:57:51.167510   16264 log.go:244] (0x1da02f9040a0) (11) Data frame handling
I0815 20:57:51.167510   16264 log.go:244] (0x1da02f9040a0) (11) Data frame sent
I0815 20:57:51.168141   16264 log.go:244] (0x1da02f91a580) Data frame received for 11
I0815 20:57:51.168804   16264 log.go:244] (0x1da02f9040a0) (11) Data frame handling
I0815 20:57:51.169313   16264 log.go:244] (0x1da02f9040a0) (11) Data frame sent
I0815 20:57:51.169313   16264 log.go:244] (0x1da02f91a580) Data frame received for 11
I0815 20:57:51.170000   16264 log.go:244] (0x1da02f9040a0) (11) Data frame handling
I0815 20:57:51.170000   16264 log.go:244] (0x1da02f9040a0) (11) Data frame sent
I0815 20:57:51.170591   16264 log.go:244] (0x1da02f91a580) Data frame received for 11
I0815 20:57:51.171097   16264 log.go:244] (0x1da02f9040a0) (11) Data frame handling
I0815 20:57:51.171097   16264 log.go:244] (0x1da02f9040a0) (11) Data frame sent
I0815 20:57:51.171635   16264 log.go:244] (0x1da02f91a580) Data frame received for 11
I0815 20:57:51.171635   16264 log.go:244] (0x1da02f9040a0) (11) Data frame handling
I0815 20:57:51.172178   16264 log.go:244] (0x1da02f9040a0) (11) Data frame sent
I0815 20:57:51.172178   16264 log.go:244] (0x1da02f91a580) Data frame received for 11
I0815 20:57:51.172906   16264 log.go:244] (0x1da02f9040a0) (11) Data frame handling
I0815 20:57:51.217072   16264 log.go:244] (0x1da02f9040a0) (11) Data frame sent
I0815 20:57:51.217598   16264 log.go:244] (0x1da02f91a580) Data frame received for 11
I0815 20:57:51.217598   16264 log.go:244] (0x1da02f9040a0) (11) Data frame handling
I0815 20:57:51.218141   16264 log.go:244] (0x1da02f9040a0) (11) Data frame sent
I0815 20:57:51.218141   16264 log.go:244] (0x1da02f91a580) Data frame received for 11
I0815 20:57:51.218694   16264 log.go:244] (0x1da02f9040a0) (11) Data frame handling
I0815 20:57:51.218694   16264 log.go:244] (0x1da02f9040a0) (11) Data frame sent
I0815 20:57:51.219231   16264 log.go:244] (0x1da02f91a580) Data frame received for 11
I0815 20:57:51.219231   16264 log.go:244] (0x1da02f9040a0) (11) Data frame handling
I0815 20:57:51.219778   16264 log.go:244] (0x1da02f9040a0) (11) Data frame sent
I0815 20:57:51.219778   16264 log.go:244] (0x1da02f91a580) Data frame received for 11
I0815 20:57:51.220308   16264 log.go:244] (0x1da02f9040a0) (11) Data frame handling
I0815 20:57:51.220308   16264 log.go:244] (0x1da02f9040a0) (11) Data frame sent
I0815 20:57:51.220837   16264 log.go:244] (0x1da02f91a580) Data frame received for 11
I0815 20:57:51.220837   16264 log.go:244] (0x1da02f9040a0) (11) Data frame handling
I0815 20:57:51.221362   16264 log.go:244] (0x1da02f9040a0) (11) Data frame sent
I0815 20:57:51.221362   16264 log.go:244] (0x1da02f91a580) Data frame received for 11
I0815 20:57:51.221897   16264 log.go:244] (0x1da02f9040a0) (11) Data frame handling
I0815 20:57:51.221897   16264 log.go:244] (0x1da02f9040a0) (11) Data frame sent
I0815 20:57:51.222419   16264 log.go:244] (0x1da02f91a580) Data frame received for 11
I0815 20:57:51.222419   16264 log.go:244] (0x1da02f9040a0) (11) Data frame handling
I0815 20:57:51.222951   16264 log.go:244] (0x1da02f9040a0) (11) Data frame sent
I0815 20:57:51.222951   16264 log.go:244] (0x1da02f91a580) Data frame received for 11
I0815 20:57:51.223477   16264 log.go:244] (0x1da02f9040a0) (11) Data frame handling
I0815 20:57:51.223477   16264 log.go:244] (0x1da02f9040a0) (11) Data frame sent
I0815 20:57:51.223994   16264 log.go:244] (0x1da02f91a580) Data frame received for 11
I0815 20:57:51.223994   16264 log.go:244] (0x1da02f9040a0) (11) Data frame handling
I0815 20:57:51.224590   16264 log.go:244] (0x1da02f9040a0) (11) Data frame sent
I0815 20:57:51.224590   16264 log.go:244] (0x1da02f91a580) Data frame received for 11
I0815 20:57:51.225106   16264 log.go:244] (0x1da02f9040a0) (11) Data frame handling
I0815 20:57:51.225106   16264 log.go:244] (0x1da02f9040a0) (11) Data frame sent
I0815 20:57:53.034697   16264 log.go:244] (0x1da02f9040a0) (11) Writing data frame
I0815 20:57:53.035202   16264 log.go:244] (0x1da02f904140) (15) Writing data frame
I0815 20:57:53.037694   16264 log.go:244] (0x1da02f91a580) Data frame received for 11
I0815 20:57:53.053770   16264 log.go:244] (0x1da02f91a580) Data frame received for 15
I0815 20:57:53.054673   16264 log.go:244] (0x1da02f904140) (15) Data frame handling
I0815 20:57:53.055182   16264 log.go:244] (0x1da02f904140) (15) Data frame sent
I0815 20:57:53.055182   16264 log.go:244] (0x1da02f9040a0) (11) Data frame handling
I0815 20:57:53.055725   16264 log.go:244] (0x1da02f9040a0) (11) Data frame sent
I0815 20:57:53.055725   16264 log.go:244] (0x1da02f91a580) Data frame received for 11
I0815 20:57:53.056263   16264 log.go:244] (0x1da02f9040a0) (11) Data frame handling
I0815 20:57:53.056263   16264 log.go:244] (0x1da02f91a580) Data frame received for 15
I0815 20:57:53.056794   16264 log.go:244] (0x1da02f904140) (15) Data frame handling
I0815 20:57:53.056794   16264 log.go:244] (0x1da02f904140) (15) Data frame sent
I0815 20:57:53.057325   16264 log.go:244] (0x1da02f9040a0) (11) Data frame sent
I0815 20:57:54.257452   16264 log.go:244] (0x1da02f9040a0) (11) Writing data frame
I0815 20:57:54.266642   16264 log.go:244] (0x1da02f904140) (15) Writing data frame
I0815 20:57:54.348079   16264 log.go:244] (0x1da02f91a580) Data frame received for 11
I0815 20:57:54.414321   16264 log.go:244] (0x1da02f91a580) Data frame received for 15
I0815 20:57:54.414321   16264 log.go:244] (0x1da02f904140) (15) Data frame handling
I0815 20:57:54.414830   16264 log.go:244] (0x1da02f904140) (15) Data frame sent
I0815 20:57:54.415950   16264 log.go:244] (0x1da02f91a580) Data frame received for 15
I0815 20:57:54.416504   16264 log.go:244] (0x1da02f9040a0) (11) Data frame handling
I0815 20:57:54.416504   16264 log.go:244] (0x1da02f9040a0) (11) Data frame sent
I0815 20:57:54.417100   16264 log.go:244] (0x1da02f91a580) Data frame received for 11
I0815 20:57:54.417100   16264 log.go:244] (0x1da02f9040a0) (11) Data frame handling
I0815 20:57:54.417637   16264 log.go:244] (0x1da02f9040a0) (11) Data frame sent
I0815 20:57:54.418181   16264 log.go:244] (0x1da02f904140) (15) Data frame handling
I0815 20:57:54.418181   16264 log.go:244] (0x1da02f904140) (15) Data frame sent
I0815 20:57:54.418718   16264 log.go:244] (0x1da02f91a580) Data frame received for 11
I0815 20:57:54.419240   16264 log.go:244] (0x1da02f9040a0) (11) Data frame handling
I0815 20:57:54.419769   16264 log.go:244] (0x1da02f9040a0) (11) Data frame sent
I0815 20:57:54.419769   16264 log.go:244] (0x1da02f91a580) Data frame received for 15
I0815 20:57:54.420312   16264 log.go:244] (0x1da02f904140) (15) Data frame handling
I0815 20:57:54.420312   16264 log.go:244] (0x1da02f904140) (15) Data frame sent
I0815 20:57:54.420853   16264 log.go:244] (0x1da02f91a580) Data frame received for 15
I0815 20:57:54.421382   16264 log.go:244] (0x1da02f91a580) Data frame received for 11
I0815 20:57:54.421382   16264 log.go:244] (0x1da02f9040a0) (11) Data frame handling
I0815 20:57:54.421933   16264 log.go:244] (0x1da02f9040a0) (11) Data frame sent
I0815 20:57:54.421933   16264 log.go:244] (0x1da02f91a580) Data frame received for 11
I0815 20:57:54.422473   16264 log.go:244] (0x1da02f9040a0) (11) Data frame handling
I0815 20:57:54.423131   16264 log.go:244] (0x1da02f904140) (15) Data frame handling
I0815 20:57:54.424156   16264 log.go:244] (0x1da02f904140) (15) Data frame sent
I0815 20:57:54.424707   16264 log.go:244] (0x1da02f9040a0) (11) Data frame sent
I0815 20:57:54.424707   16264 log.go:244] (0x1da02f91a580) Data frame received for 15
I0815 20:57:54.425251   16264 log.go:244] (0x1da02f904140) (15) Data frame handling
I0815 20:57:54.425251   16264 log.go:244] (0x1da02f904140) (15) Data frame sent
I0815 20:57:54.425784   16264 log.go:244] (0x1da02f91a580) Data frame received for 15
I0815 20:57:54.425784   16264 log.go:244] (0x1da02f904140) (15) Data frame handling
I0815 20:57:54.426303   16264 log.go:244] (0x1da02f904140) (15) Data frame sent
I0815 20:57:54.426303   16264 log.go:244] (0x1da02f91a580) Data frame received for 15
I0815 20:57:54.426842   16264 log.go:244] (0x1da02f904140) (15) Data frame handling
I0815 20:57:54.426842   16264 log.go:244] (0x1da02f904140) (15) Data frame sent
I0815 20:57:54.427369   16264 log.go:244] (0x1da02f91a580) Data frame received for 15
I0815 20:57:54.427894   16264 log.go:244] (0x1da02f904140) (15) Data frame handling
I0815 20:57:54.427894   16264 log.go:244] (0x1da02f904140) (15) Data frame sent
I0815 20:57:54.428431   16264 log.go:244] (0x1da02f91a580) Data frame received for 15
I0815 20:57:54.428431   16264 log.go:244] (0x1da02f904140) (15) Data frame handling
I0815 20:57:54.428977   16264 log.go:244] (0x1da02f904140) (15) Data frame sent
I0815 20:57:54.428977   16264 log.go:244] (0x1da02f91a580) Data frame received for 15
I0815 20:57:54.429520   16264 log.go:244] (0x1da02f904140) (15) Data frame handling
I0815 20:57:54.430068   16264 log.go:244] (0x1da02f904140) (15) Data frame sent
I0815 20:57:54.430121   16264 log.go:244] (0x1da02f91a580) Data frame received for 15
I0815 20:57:54.430628   16264 log.go:244] (0x1da02f904140) (15) Data frame handling
I0815 20:57:54.430628   16264 log.go:244] (0x1da02f904140) (15) Data frame sent
I0815 20:57:54.431179   16264 log.go:244] (0x1da02f91a580) Data frame received for 15
I0815 20:57:54.431179   16264 log.go:244] (0x1da02f904140) (15) Data frame handling
I0815 20:57:54.431721   16264 log.go:244] (0x1da02f904140) (15) Data frame sent
I0815 20:57:54.431721   16264 log.go:244] (0x1da02f91a580) Data frame received for 15
I0815 20:57:54.432255   16264 log.go:244] (0x1da02f904140) (15) Data frame handling
I0815 20:57:54.432791   16264 log.go:244] (0x1da02f904140) (15) Data frame sent
I0815 20:57:54.432791   16264 log.go:244] (0x1da02f91a580) Data frame received for 15
I0815 20:57:54.433333   16264 log.go:244] (0x1da02f904140) (15) Data frame handling
I0815 20:57:54.433333   16264 log.go:244] (0x1da02f904140) (15) Data frame sent
I0815 20:57:54.433854   16264 log.go:244] (0x1da02f91a580) Data frame received for 15
I0815 20:57:54.433854   16264 log.go:244] (0x1da02f904140) (15) Data frame handling
I0815 20:57:54.434389   16264 log.go:244] (0x1da02f904140) (15) Data frame sent
I0815 20:57:54.434389   16264 log.go:244] (0x1da02f91a580) Data frame received for 15
I0815 20:57:54.434925   16264 log.go:244] (0x1da02f904140) (15) Data frame handling
I0815 20:57:54.435470   16264 log.go:244] (0x1da02f904140) (15) Data frame sent
I0815 20:57:54.447745   16264 log.go:244] (0x1da02f91a580) Data frame received for 15
I0815 20:57:54.448756   16264 log.go:244] (0x1da02f904140) (15) Data frame handling
I0815 20:57:54.449263   16264 log.go:244] (0x1da02f904140) (15) Data frame sent
I0815 20:57:54.449263   16264 log.go:244] (0x1da02f91a580) Data frame received for 15
I0815 20:57:54.449789   16264 log.go:244] (0x1da02f904140) (15) Data frame handling
I0815 20:57:54.450336   16264 log.go:244] (0x1da02f904140) (15) Data frame sent
I0815 20:57:54.450336   16264 log.go:244] (0x1da02f91a580) Data frame received for 15
I0815 20:57:54.450873   16264 log.go:244] (0x1da02f904140) (15) Data frame handling
I0815 20:57:54.450873   16264 log.go:244] (0x1da02f904140) (15) Data frame sent
I0815 20:57:55.294023   16264 log.go:244] (0x1da02f9040a0) (11) Writing data frame
I0815 20:57:55.297229   16264 log.go:244] (0x1da02f91a580) Data frame received for 11
I0815 20:57:55.297756   16264 log.go:244] (0x1da02f9040a0) (11) Data frame handling
I0815 20:57:55.298281   16264 log.go:244] (0x1da02f9040a0) (11) Data frame sent
I0815 20:58:02.517476   16264 log.go:244] (0x1da02f9040a0) (11) Writing data frame
I0815 20:58:04.296046   16264 log.go:244] (0x1da02f904140) (15) Writing data frame
I0815 20:58:04.306203   16264 log.go:244] (0x1da02f91a580) Data frame received for 15
I0815 20:58:04.320336   16264 log.go:244] (0x1da02f904140) (15) Data frame handling
I0815 20:58:04.320336   16264 log.go:244] (0x1da02f904140) (15) Data frame sent
I0815 20:58:06.810926   16264 log.go:244] (0x1da02f91a580) Data frame received for 11
I0815 20:58:06.839008   16264 log.go:244] (0x1da02f9040a0) (11) Data frame handling
I0815 20:58:06.869934   16264 log.go:244] (0x1da02f9040a0) (11) Data frame sent
I0815 20:58:25.505621   16264 log.go:244] (0x1da02f9040a0) (11) Writing data frame
I0815 20:58:25.511627   16264 log.go:244] (0x1da02f91a580) Data frame received for 11
I0815 20:58:25.545212   16264 log.go:244] (0x1da02f9040a0) (11) Data frame handling
I0815 20:58:25.545212   16264 log.go:244] (0x1da02f9040a0) (11) Data frame sent
I0815 20:58:30.109900   16264 log.go:244] (0x1da02f91a580) (0x1da02fc32000) Create stream
I0815 20:58:30.109900   16264 log.go:244] (0x1da02f91a580) (0x1da02fc32000) Stream added, broadcasting: 17
I0815 20:58:30.112409   16264 log.go:244] (0x1da02f91a580) Reply frame received for 17
I0815 20:58:30.112915   16264 log.go:244] (0x1da02fc32000) (17) Writing data frame
I0815 20:58:30.112915   16264 log.go:244] (0x1da02f91a580) (0x1da02f8b6000) Create stream
I0815 20:58:30.113468   16264 log.go:244] (0x1da02f91a580) (0x1da02f8b6000) Stream added, broadcasting: 19
I0815 20:58:30.115094   16264 log.go:244] (0x1da02f91a580) Reply frame received for 19
I0815 20:58:30.115630   16264 log.go:244] (0x1da02f8b6000) (19) Writing data frame
I0815 20:58:30.129730   16264 log.go:244] (0x1da02f91a580) Data frame received for 19
I0815 20:58:30.130241   16264 log.go:244] (0x1da02f8b6000) (19) Data frame handling
I0815 20:58:30.130241   16264 log.go:244] (0x1da02f8b6000) (19) Data frame sent
I0815 20:58:30.147045   16264 log.go:244] (0x1da02f91a580) Data frame received for 19
I0815 20:58:30.179334   16264 log.go:244] (0x1da02f8b6000) (19) Data frame handling
I0815 20:58:30.179334   16264 log.go:244] (0x1da02f8b6000) (19) Data frame sent
I0815 20:58:30.179930   16264 log.go:244] (0x1da02f91a580) Data frame received for 19
I0815 20:58:30.179930   16264 log.go:244] (0x1da02f8b6000) (19) Data frame handling
I0815 20:58:30.180459   16264 log.go:244] (0x1da02f8b6000) (19) Data frame sent
I0815 20:58:30.180459   16264 log.go:244] (0x1da02f91a580) Data frame received for 19
I0815 20:58:30.180988   16264 log.go:244] (0x1da02f8b6000) (19) Data frame handling
I0815 20:58:30.180988   16264 log.go:244] (0x1da02f8b6000) (19) Data frame sent
I0815 20:58:30.181521   16264 log.go:244] (0x1da02f91a580) Data frame received for 19
I0815 20:58:30.181521   16264 log.go:244] (0x1da02f8b6000) (19) Data frame handling
I0815 20:58:30.182052   16264 log.go:244] (0x1da02f8b6000) (19) Data frame sent
I0815 20:58:30.182592   16264 log.go:244] (0x1da02f91a580) Data frame received for 19
I0815 20:58:30.182592   16264 log.go:244] (0x1da02f8b6000) (19) Data frame handling
I0815 20:58:30.182592   16264 log.go:244] (0x1da02f8b6000) (19) Data frame sent
I0815 20:58:30.183137   16264 log.go:244] (0x1da02f91a580) Data frame received for 19
I0815 20:58:30.183656   16264 log.go:244] (0x1da02f8b6000) (19) Data frame handling
I0815 20:58:30.183656   16264 log.go:244] (0x1da02f8b6000) (19) Data frame sent
I0815 20:58:30.184194   16264 log.go:244] (0x1da02f91a580) Data frame received for 19
I0815 20:58:30.184194   16264 log.go:244] (0x1da02f8b6000) (19) Data frame handling
I0815 20:58:30.184727   16264 log.go:244] (0x1da02f8b6000) (19) Data frame sent
I0815 20:58:30.192676   16264 log.go:244] (0x1da02f91a580) Data frame received for 19
I0815 20:58:30.193212   16264 log.go:244] (0x1da02f8b6000) (19) Data frame handling
I0815 20:58:30.207138   16264 log.go:244] (0x1da02f8b6000) (19) Data frame sent
I0815 20:58:30.219186   16264 log.go:244] (0x1da02f91a580) Data frame received for 19
I0815 20:58:30.219186   16264 log.go:244] (0x1da02f8b6000) (19) Data frame handling
I0815 20:58:30.219694   16264 log.go:244] (0x1da02f8b6000) (19) Data frame sent
I0815 20:58:30.219694   16264 log.go:244] (0x1da02f91a580) Data frame received for 19
I0815 20:58:30.231480   16264 log.go:244] (0x1da02f8b6000) (19) Data frame handling
I0815 20:58:30.231480   16264 log.go:244] (0x1da02f8b6000) (19) Data frame sent
I0815 20:58:30.252549   16264 log.go:244] (0x1da02f91a580) Data frame received for 19
I0815 20:58:30.292931   16264 log.go:244] (0x1da02f8b6000) (19) Data frame handling
I0815 20:58:30.292931   16264 log.go:244] (0x1da02f8b6000) (19) Data frame sent
I0815 20:58:30.293931   16264 log.go:244] (0x1da02f91a580) Data frame received for 19
I0815 20:58:30.294440   16264 log.go:244] (0x1da02f8b6000) (19) Data frame handling
I0815 20:58:30.294811   16264 log.go:244] (0x1da02f8b6000) (19) Data frame sent
I0815 20:58:30.295317   16264 log.go:244] (0x1da02f91a580) Data frame received for 19
I0815 20:58:30.295317   16264 log.go:244] (0x1da02f8b6000) (19) Data frame handling
I0815 20:58:30.295856   16264 log.go:244] (0x1da02f8b6000) (19) Data frame sent
I0815 20:58:30.296965   16264 log.go:244] (0x1da02f91a580) Data frame received for 19
I0815 20:58:30.297473   16264 log.go:244] (0x1da02f8b6000) (19) Data frame handling
I0815 20:58:30.298007   16264 log.go:244] (0x1da02f8b6000) (19) Data frame sent
I0815 20:58:30.298544   16264 log.go:244] (0x1da02f91a580) Data frame received for 19
I0815 20:58:30.298544   16264 log.go:244] (0x1da02f8b6000) (19) Data frame handling
I0815 20:58:30.299079   16264 log.go:244] (0x1da02f8b6000) (19) Data frame sent
I0815 20:58:30.299622   16264 log.go:244] (0x1da02f91a580) Data frame received for 19
I0815 20:58:30.299622   16264 log.go:244] (0x1da02f8b6000) (19) Data frame handling
I0815 20:58:30.300171   16264 log.go:244] (0x1da02f8b6000) (19) Data frame sent
I0815 20:58:30.300171   16264 log.go:244] (0x1da02f91a580) Data frame received for 19
I0815 20:58:30.300714   16264 log.go:244] (0x1da02f8b6000) (19) Data frame handling
I0815 20:58:30.301253   16264 log.go:244] (0x1da02f8b6000) (19) Data frame sent
I0815 20:58:30.301253   16264 log.go:244] (0x1da02f91a580) Data frame received for 19
I0815 20:58:30.301786   16264 log.go:244] (0x1da02f8b6000) (19) Data frame handling
I0815 20:58:30.301786   16264 log.go:244] (0x1da02f8b6000) (19) Data frame sent
I0815 20:58:30.302328   16264 log.go:244] (0x1da02f91a580) Data frame received for 19
I0815 20:58:30.302870   16264 log.go:244] (0x1da02f8b6000) (19) Data frame handling
I0815 20:58:30.303418   16264 log.go:244] (0x1da02f8b6000) (19) Data frame sent
I0815 20:58:30.303418   16264 log.go:244] (0x1da02f91a580) Data frame received for 19
I0815 20:58:30.303935   16264 log.go:244] (0x1da02f8b6000) (19) Data frame handling
I0815 20:58:30.307312   16264 log.go:244] (0x1da02f8b6000) (19) Data frame sent
I0815 20:58:30.307829   16264 log.go:244] (0x1da02f91a580) Data frame received for 19
I0815 20:58:30.308089   16264 log.go:244] (0x1da02f8b6000) (19) Data frame handling
I0815 20:58:30.308668   16264 log.go:244] (0x1da02f8b6000) (19) Data frame sent
I0815 20:58:30.309173   16264 log.go:244] (0x1da02f91a580) Data frame received for 19
I0815 20:58:30.309173   16264 log.go:244] (0x1da02f8b6000) (19) Data frame handling
I0815 20:58:30.309727   16264 log.go:244] (0x1da02f8b6000) (19) Data frame sent
I0815 20:58:30.309727   16264 log.go:244] (0x1da02f91a580) Data frame received for 19
I0815 20:58:30.310744   16264 log.go:244] (0x1da02f8b6000) (19) Data frame handling
I0815 20:58:30.311255   16264 log.go:244] (0x1da02f8b6000) (19) Data frame sent
I0815 20:58:30.311255   16264 log.go:244] (0x1da02f91a580) Data frame received for 19
I0815 20:58:30.311795   16264 log.go:244] (0x1da02f8b6000) (19) Data frame handling
I0815 20:58:30.311795   16264 log.go:244] (0x1da02f8b6000) (19) Data frame sent
I0815 20:58:30.312348   16264 log.go:244] (0x1da02f91a580) Data frame received for 19
I0815 20:58:30.312888   16264 log.go:244] (0x1da02f8b6000) (19) Data frame handling
I0815 20:58:30.313424   16264 log.go:244] (0x1da02f8b6000) (19) Data frame sent
I0815 20:58:30.313944   16264 log.go:244] (0x1da02f91a580) Data frame received for 19
I0815 20:58:30.314487   16264 log.go:244] (0x1da02f8b6000) (19) Data frame handling
I0815 20:58:30.314487   16264 log.go:244] (0x1da02f8b6000) (19) Data frame sent
I0815 20:58:30.315086   16264 log.go:244] (0x1da02f91a580) Data frame received for 19
I0815 20:58:30.315086   16264 log.go:244] (0x1da02f8b6000) (19) Data frame handling
I0815 20:58:30.315592   16264 log.go:244] (0x1da02f8b6000) (19) Data frame sent
I0815 20:58:30.316671   16264 log.go:244] (0x1da02f91a580) Data frame received for 19
I0815 20:58:30.317205   16264 log.go:244] (0x1da02f8b6000) (19) Data frame handling
I0815 20:58:30.317745   16264 log.go:244] (0x1da02f8b6000) (19) Data frame sent
I0815 20:58:30.317745   16264 log.go:244] (0x1da02f91a580) Data frame received for 19
I0815 20:58:30.318286   16264 log.go:244] (0x1da02f8b6000) (19) Data frame handling
I0815 20:58:30.318286   16264 log.go:244] (0x1da02f8b6000) (19) Data frame sent
I0815 20:58:30.318814   16264 log.go:244] (0x1da02f91a580) Data frame received for 19
I0815 20:58:30.319346   16264 log.go:244] (0x1da02f8b6000) (19) Data frame handling
I0815 20:58:30.319346   16264 log.go:244] (0x1da02f8b6000) (19) Data frame sent
I0815 20:58:30.319926   16264 log.go:244] (0x1da02f91a580) Data frame received for 19
I0815 20:58:30.319926   16264 log.go:244] (0x1da02f8b6000) (19) Data frame handling
I0815 20:58:30.320440   16264 log.go:244] (0x1da02f8b6000) (19) Data frame sent
I0815 20:58:30.320440   16264 log.go:244] (0x1da02f91a580) Data frame received for 19
I0815 20:58:30.320978   16264 log.go:244] (0x1da02f8b6000) (19) Data frame handling
I0815 20:58:30.321510   16264 log.go:244] (0x1da02f8b6000) (19) Data frame sent
I0815 20:58:30.321510   16264 log.go:244] (0x1da02f91a580) Data frame received for 19
I0815 20:58:30.322044   16264 log.go:244] (0x1da02f8b6000) (19) Data frame handling
I0815 20:58:30.322044   16264 log.go:244] (0x1da02f8b6000) (19) Data frame sent
I0815 20:58:30.322578   16264 log.go:244] (0x1da02f91a580) Data frame received for 19
I0815 20:58:30.322578   16264 log.go:244] (0x1da02f8b6000) (19) Data frame handling
I0815 20:58:30.323105   16264 log.go:244] (0x1da02f8b6000) (19) Data frame sent
I0815 20:58:30.323620   16264 log.go:244] (0x1da02f91a580) Data frame received for 19
I0815 20:58:30.323620   16264 log.go:244] (0x1da02f8b6000) (19) Data frame handling
I0815 20:58:30.324159   16264 log.go:244] (0x1da02f8b6000) (19) Data frame sent
I0815 20:58:30.324159   16264 log.go:244] (0x1da02f91a580) Data frame received for 19
I0815 20:58:30.324805   16264 log.go:244] (0x1da02f8b6000) (19) Data frame handling
I0815 20:58:30.325312   16264 log.go:244] (0x1da02f8b6000) (19) Data frame sent
I0815 20:58:30.325312   16264 log.go:244] (0x1da02f91a580) Data frame received for 19
I0815 20:58:30.325845   16264 log.go:244] (0x1da02f8b6000) (19) Data frame handling
I0815 20:58:30.325845   16264 log.go:244] (0x1da02f8b6000) (19) Data frame sent
I0815 20:58:30.326378   16264 log.go:244] (0x1da02f91a580) Data frame received for 19
I0815 20:58:30.326378   16264 log.go:244] (0x1da02f8b6000) (19) Data frame handling
I0815 20:58:30.326919   16264 log.go:244] (0x1da02f8b6000) (19) Data frame sent
I0815 20:58:30.326919   16264 log.go:244] (0x1da02f91a580) Data frame received for 19
I0815 20:58:30.327463   16264 log.go:244] (0x1da02f8b6000) (19) Data frame handling
I0815 20:58:30.327463   16264 log.go:244] (0x1da02f8b6000) (19) Data frame sent
I0815 20:58:30.328010   16264 log.go:244] (0x1da02f91a580) Data frame received for 19
I0815 20:58:30.328558   16264 log.go:244] (0x1da02f8b6000) (19) Data frame handling
I0815 20:58:30.328558   16264 log.go:244] (0x1da02f8b6000) (19) Data frame sent
I0815 20:58:30.329076   16264 log.go:244] (0x1da02f91a580) Data frame received for 19
I0815 20:58:30.329076   16264 log.go:244] (0x1da02f8b6000) (19) Data frame handling
I0815 20:58:30.329617   16264 log.go:244] (0x1da02f8b6000) (19) Data frame sent
I0815 20:58:30.329617   16264 log.go:244] (0x1da02f91a580) Data frame received for 19
I0815 20:58:30.330144   16264 log.go:244] (0x1da02f8b6000) (19) Data frame handling
I0815 20:58:30.330661   16264 log.go:244] (0x1da02f8b6000) (19) Data frame sent
I0815 20:58:30.330661   16264 log.go:244] (0x1da02f91a580) Data frame received for 19
I0815 20:58:30.331208   16264 log.go:244] (0x1da02f8b6000) (19) Data frame handling
I0815 20:58:30.331753   16264 log.go:244] (0x1da02f8b6000) (19) Data frame sent
I0815 20:58:30.331753   16264 log.go:244] (0x1da02f91a580) Data frame received for 19
I0815 20:58:30.332283   16264 log.go:244] (0x1da02f8b6000) (19) Data frame handling
I0815 20:58:30.332817   16264 log.go:244] (0x1da02f8b6000) (19) Data frame sent
I0815 20:58:30.332817   16264 log.go:244] (0x1da02f91a580) Data frame received for 19
I0815 20:58:30.333333   16264 log.go:244] (0x1da02f8b6000) (19) Data frame handling
I0815 20:58:30.333333   16264 log.go:244] (0x1da02f8b6000) (19) Data frame sent
I0815 20:58:30.333854   16264 log.go:244] (0x1da02f91a580) Data frame received for 19
I0815 20:58:30.333854   16264 log.go:244] (0x1da02f8b6000) (19) Data frame handling
I0815 20:58:30.334380   16264 log.go:244] (0x1da02f8b6000) (19) Data frame sent
I0815 20:58:30.334380   16264 log.go:244] (0x1da02f91a580) Data frame received for 19
I0815 20:58:30.334951   16264 log.go:244] (0x1da02f8b6000) (19) Data frame handling
I0815 20:58:30.334951   16264 log.go:244] (0x1da02f8b6000) (19) Data frame sent
I0815 20:58:30.335455   16264 log.go:244] (0x1da02f91a580) Data frame received for 19
I0815 20:58:30.335455   16264 log.go:244] (0x1da02f8b6000) (19) Data frame handling
I0815 20:58:30.335984   16264 log.go:244] (0x1da02f8b6000) (19) Data frame sent
I0815 20:58:30.335984   16264 log.go:244] (0x1da02f91a580) Data frame received for 19
I0815 20:58:30.336503   16264 log.go:244] (0x1da02f8b6000) (19) Data frame handling
I0815 20:58:30.336503   16264 log.go:244] (0x1da02f8b6000) (19) Data frame sent
I0815 20:58:30.337087   16264 log.go:244] (0x1da02f91a580) Data frame received for 19
I0815 20:58:30.337087   16264 log.go:244] (0x1da02f8b6000) (19) Data frame handling
I0815 20:58:30.337594   16264 log.go:244] (0x1da02f8b6000) (19) Data frame sent
I0815 20:58:30.337594   16264 log.go:244] (0x1da02f91a580) Data frame received for 19
I0815 20:58:30.338117   16264 log.go:244] (0x1da02f8b6000) (19) Data frame handling
I0815 20:58:30.338637   16264 log.go:244] (0x1da02f8b6000) (19) Data frame sent
I0815 20:58:30.338637   16264 log.go:244] (0x1da02f91a580) Data frame received for 19
I0815 20:58:30.339151   16264 log.go:244] (0x1da02f8b6000) (19) Data frame handling
I0815 20:58:30.339151   16264 log.go:244] (0x1da02f8b6000) (19) Data frame sent
I0815 20:58:30.339151   16264 log.go:244] (0x1da02f91a580) Data frame received for 19
I0815 20:58:30.339151   16264 log.go:244] (0x1da02f8b6000) (19) Data frame handling
I0815 20:58:30.339151   16264 log.go:244] (0x1da02f8b6000) (19) Data frame sent
I0815 20:58:30.340668   16264 log.go:244] (0x1da02f91a580) Data frame received for 19
I0815 20:58:30.340668   16264 log.go:244] (0x1da02f8b6000) (19) Data frame handling
I0815 20:58:30.340668   16264 log.go:244] (0x1da02f8b6000) (19) Data frame sent
I0815 20:58:30.341679   16264 log.go:244] (0x1da02f91a580) Data frame received for 19
I0815 20:58:30.341679   16264 log.go:244] (0x1da02f8b6000) (19) Data frame handling
I0815 20:58:30.341679   16264 log.go:244] (0x1da02f8b6000) (19) Data frame sent
I0815 20:58:30.341679   16264 log.go:244] (0x1da02f91a580) Data frame received for 19
I0815 20:58:30.342679   16264 log.go:244] (0x1da02f8b6000) (19) Data frame handling
I0815 20:58:30.342679   16264 log.go:244] (0x1da02f8b6000) (19) Data frame sent
I0815 20:58:30.342679   16264 log.go:244] (0x1da02f91a580) Data frame received for 19
I0815 20:58:30.343677   16264 log.go:244] (0x1da02f8b6000) (19) Data frame handling
I0815 20:58:30.343677   16264 log.go:244] (0x1da02f8b6000) (19) Data frame sent
I0815 20:58:30.344182   16264 log.go:244] (0x1da02f91a580) Data frame received for 19
I0815 20:58:30.344182   16264 log.go:244] (0x1da02f8b6000) (19) Data frame handling
I0815 20:58:30.344703   16264 log.go:244] (0x1da02f8b6000) (19) Data frame sent
I0815 20:58:30.345236   16264 log.go:244] (0x1da02f91a580) Data frame received for 19
I0815 20:58:30.345236   16264 log.go:244] (0x1da02f8b6000) (19) Data frame handling
I0815 20:58:30.345762   16264 log.go:244] (0x1da02f8b6000) (19) Data frame sent
I0815 20:58:30.345762   16264 log.go:244] (0x1da02f91a580) Data frame received for 19
I0815 20:58:30.346306   16264 log.go:244] (0x1da02f8b6000) (19) Data frame handling
I0815 20:58:30.346306   16264 log.go:244] (0x1da02f8b6000) (19) Data frame sent
I0815 20:58:30.346831   16264 log.go:244] (0x1da02f91a580) Data frame received for 19
I0815 20:58:30.346831   16264 log.go:244] (0x1da02f8b6000) (19) Data frame handling
I0815 20:58:30.347364   16264 log.go:244] (0x1da02f8b6000) (19) Data frame sent
I0815 20:58:30.347902   16264 log.go:244] (0x1da02f91a580) Data frame received for 19
I0815 20:58:30.347902   16264 log.go:244] (0x1da02f8b6000) (19) Data frame handling
I0815 20:58:30.348431   16264 log.go:244] (0x1da02f8b6000) (19) Data frame sent
I0815 20:58:30.348431   16264 log.go:244] (0x1da02f91a580) Data frame received for 19
I0815 20:58:30.348978   16264 log.go:244] (0x1da02f8b6000) (19) Data frame handling
I0815 20:58:30.348978   16264 log.go:244] (0x1da02f8b6000) (19) Data frame sent
I0815 20:58:30.349519   16264 log.go:244] (0x1da02f91a580) Data frame received for 19
I0815 20:58:30.349519   16264 log.go:244] (0x1da02f8b6000) (19) Data frame handling
I0815 20:58:30.350110   16264 log.go:244] (0x1da02f8b6000) (19) Data frame sent
I0815 20:58:30.350110   16264 log.go:244] (0x1da02f91a580) Data frame received for 19
I0815 20:58:30.350615   16264 log.go:244] (0x1da02f8b6000) (19) Data frame handling
I0815 20:58:30.351142   16264 log.go:244] (0x1da02f8b6000) (19) Data frame sent
I0815 20:58:30.351142   16264 log.go:244] (0x1da02f91a580) Data frame received for 19
I0815 20:58:30.351671   16264 log.go:244] (0x1da02f8b6000) (19) Data frame handling
I0815 20:58:30.351671   16264 log.go:244] (0x1da02f8b6000) (19) Data frame sent
I0815 20:58:30.352785   16264 log.go:244] (0x1da02f91a580) Data frame received for 19
I0815 20:58:30.353292   16264 log.go:244] (0x1da02f8b6000) (19) Data frame handling
I0815 20:58:30.353292   16264 log.go:244] (0x1da02f8b6000) (19) Data frame sent
I0815 20:58:30.353815   16264 log.go:244] (0x1da02f91a580) Data frame received for 19
I0815 20:58:30.353815   16264 log.go:244] (0x1da02f8b6000) (19) Data frame handling
I0815 20:58:30.354352   16264 log.go:244] (0x1da02f8b6000) (19) Data frame sent
I0815 20:58:30.354896   16264 log.go:244] (0x1da02f91a580) Data frame received for 19
I0815 20:58:30.354896   16264 log.go:244] (0x1da02f8b6000) (19) Data frame handling
I0815 20:58:30.355432   16264 log.go:244] (0x1da02f8b6000) (19) Data frame sent
I0815 20:58:30.355432   16264 log.go:244] (0x1da02f91a580) Data frame received for 19
I0815 20:58:30.355964   16264 log.go:244] (0x1da02f8b6000) (19) Data frame handling
I0815 20:58:30.355964   16264 log.go:244] (0x1da02f8b6000) (19) Data frame sent
I0815 20:58:30.356485   16264 log.go:244] (0x1da02f91a580) Data frame received for 19
I0815 20:58:30.356485   16264 log.go:244] (0x1da02f8b6000) (19) Data frame handling
I0815 20:58:30.357006   16264 log.go:244] (0x1da02f8b6000) (19) Data frame sent
I0815 20:58:30.357006   16264 log.go:244] (0x1da02f91a580) Data frame received for 19
I0815 20:58:30.357526   16264 log.go:244] (0x1da02f8b6000) (19) Data frame handling
I0815 20:58:30.357526   16264 log.go:244] (0x1da02f8b6000) (19) Data frame sent
I0815 20:58:30.358060   16264 log.go:244] (0x1da02f91a580) Data frame received for 19
I0815 20:58:30.358060   16264 log.go:244] (0x1da02f8b6000) (19) Data frame handling
I0815 20:58:30.358581   16264 log.go:244] (0x1da02f8b6000) (19) Data frame sent
I0815 20:58:30.358581   16264 log.go:244] (0x1da02f91a580) Data frame received for 19
I0815 20:58:30.360170   16264 log.go:244] (0x1da02f8b6000) (19) Data frame handling
I0815 20:58:30.360170   16264 log.go:244] (0x1da02f8b6000) (19) Data frame sent
I0815 20:58:30.360699   16264 log.go:244] (0x1da02f91a580) Data frame received for 19
I0815 20:58:30.360699   16264 log.go:244] (0x1da02f8b6000) (19) Data frame handling
I0815 20:58:30.361221   16264 log.go:244] (0x1da02f8b6000) (19) Data frame sent
I0815 20:58:30.361221   16264 log.go:244] (0x1da02f91a580) Data frame received for 19
I0815 20:58:30.361749   16264 log.go:244] (0x1da02f8b6000) (19) Data frame handling
I0815 20:58:30.361749   16264 log.go:244] (0x1da02f8b6000) (19) Data frame sent
I0815 20:58:30.362270   16264 log.go:244] (0x1da02f91a580) Data frame received for 19
I0815 20:58:30.362270   16264 log.go:244] (0x1da02f8b6000) (19) Data frame handling
I0815 20:58:30.362798   16264 log.go:244] (0x1da02f8b6000) (19) Data frame sent
I0815 20:58:30.362798   16264 log.go:244] (0x1da02f91a580) Data frame received for 19
I0815 20:58:30.363326   16264 log.go:244] (0x1da02f8b6000) (19) Data frame handling
I0815 20:58:30.363326   16264 log.go:244] (0x1da02f8b6000) (19) Data frame sent
I0815 20:58:30.363838   16264 log.go:244] (0x1da02f91a580) Data frame received for 19
I0815 20:58:30.363838   16264 log.go:244] (0x1da02f8b6000) (19) Data frame handling
I0815 20:58:30.364372   16264 log.go:244] (0x1da02f8b6000) (19) Data frame sent
I0815 20:58:30.364372   16264 log.go:244] (0x1da02f91a580) Data frame received for 19
I0815 20:58:30.364889   16264 log.go:244] (0x1da02f8b6000) (19) Data frame handling
I0815 20:58:30.364889   16264 log.go:244] (0x1da02f8b6000) (19) Data frame sent
I0815 20:58:30.365412   16264 log.go:244] (0x1da02f91a580) Data frame received for 19
I0815 20:58:30.365412   16264 log.go:244] (0x1da02f8b6000) (19) Data frame handling
I0815 20:58:30.365963   16264 log.go:244] (0x1da02f8b6000) (19) Data frame sent
I0815 20:58:30.365963   16264 log.go:244] (0x1da02f91a580) Data frame received for 19
I0815 20:58:30.366491   16264 log.go:244] (0x1da02f8b6000) (19) Data frame handling
I0815 20:58:30.366491   16264 log.go:244] (0x1da02f8b6000) (19) Data frame sent
I0815 20:58:30.367021   16264 log.go:244] (0x1da02f91a580) Data frame received for 19
I0815 20:58:30.367021   16264 log.go:244] (0x1da02f8b6000) (19) Data frame handling
I0815 20:58:30.367559   16264 log.go:244] (0x1da02f8b6000) (19) Data frame sent
I0815 20:58:30.368089   16264 log.go:244] (0x1da02f91a580) Data frame received for 19
I0815 20:58:30.368089   16264 log.go:244] (0x1da02f8b6000) (19) Data frame handling
I0815 20:58:30.368616   16264 log.go:244] (0x1da02f8b6000) (19) Data frame sent
I0815 20:58:30.368616   16264 log.go:244] (0x1da02f91a580) Data frame received for 19
I0815 20:58:30.369152   16264 log.go:244] (0x1da02f8b6000) (19) Data frame handling
I0815 20:58:30.369152   16264 log.go:244] (0x1da02f8b6000) (19) Data frame sent
I0815 20:58:30.369674   16264 log.go:244] (0x1da02f91a580) Data frame received for 19
I0815 20:58:30.369674   16264 log.go:244] (0x1da02f8b6000) (19) Data frame handling
I0815 20:58:30.370204   16264 log.go:244] (0x1da02f8b6000) (19) Data frame sent
I0815 20:58:30.370204   16264 log.go:244] (0x1da02f91a580) Data frame received for 19
I0815 20:58:30.370724   16264 log.go:244] (0x1da02f8b6000) (19) Data frame handling
I0815 20:58:30.370724   16264 log.go:244] (0x1da02f8b6000) (19) Data frame sent
I0815 20:58:30.371242   16264 log.go:244] (0x1da02f91a580) Data frame received for 19
I0815 20:58:30.371242   16264 log.go:244] (0x1da02f8b6000) (19) Data frame handling
I0815 20:58:30.371771   16264 log.go:244] (0x1da02f8b6000) (19) Data frame sent
I0815 20:58:30.371771   16264 log.go:244] (0x1da02f91a580) Data frame received for 19
I0815 20:58:30.371771   16264 log.go:244] (0x1da02f8b6000) (19) Data frame handling
I0815 20:58:30.372322   16264 log.go:244] (0x1da02f8b6000) (19) Data frame sent
I0815 20:58:30.372322   16264 log.go:244] (0x1da02f91a580) Data frame received for 19
I0815 20:58:30.372847   16264 log.go:244] (0x1da02f8b6000) (19) Data frame handling
I0815 20:58:30.373387   16264 log.go:244] (0x1da02f8b6000) (19) Data frame sent
I0815 20:58:30.373387   16264 log.go:244] (0x1da02f91a580) Data frame received for 19
I0815 20:58:30.373387   16264 log.go:244] (0x1da02f8b6000) (19) Data frame handling
I0815 20:58:30.373907   16264 log.go:244] (0x1da02f8b6000) (19) Data frame sent
I0815 20:58:30.374443   16264 log.go:244] (0x1da02f91a580) Data frame received for 19
I0815 20:58:30.374443   16264 log.go:244] (0x1da02f8b6000) (19) Data frame handling
I0815 20:58:30.374971   16264 log.go:244] (0x1da02f8b6000) (19) Data frame sent
I0815 20:58:30.374971   16264 log.go:244] (0x1da02f91a580) Data frame received for 19
I0815 20:58:30.375492   16264 log.go:244] (0x1da02f8b6000) (19) Data frame handling
I0815 20:58:30.375492   16264 log.go:244] (0x1da02f8b6000) (19) Data frame sent
I0815 20:58:30.375492   16264 log.go:244] (0x1da02f91a580) Data frame received for 19
I0815 20:58:30.376012   16264 log.go:244] (0x1da02f8b6000) (19) Data frame handling
I0815 20:58:30.376012   16264 log.go:244] (0x1da02f8b6000) (19) Data frame sent
I0815 20:58:30.376537   16264 log.go:244] (0x1da02f91a580) Data frame received for 19
I0815 20:58:30.376537   16264 log.go:244] (0x1da02f8b6000) (19) Data frame handling
I0815 20:58:30.377062   16264 log.go:244] (0x1da02f8b6000) (19) Data frame sent
I0815 20:58:30.377580   16264 log.go:244] (0x1da02f91a580) Data frame received for 19
I0815 20:58:30.377580   16264 log.go:244] (0x1da02f8b6000) (19) Data frame handling
I0815 20:58:30.378117   16264 log.go:244] (0x1da02f8b6000) (19) Data frame sent
I0815 20:58:30.378117   16264 log.go:244] (0x1da02f91a580) Data frame received for 19
I0815 20:58:30.378644   16264 log.go:244] (0x1da02f8b6000) (19) Data frame handling
I0815 20:58:30.378644   16264 log.go:244] (0x1da02f8b6000) (19) Data frame sent
I0815 20:58:30.379174   16264 log.go:244] (0x1da02f91a580) Data frame received for 19
I0815 20:58:30.379174   16264 log.go:244] (0x1da02f8b6000) (19) Data frame handling
I0815 20:58:30.379174   16264 log.go:244] (0x1da02f8b6000) (19) Data frame sent
I0815 20:58:30.379691   16264 log.go:244] (0x1da02f91a580) Data frame received for 19
I0815 20:58:30.380215   16264 log.go:244] (0x1da02f8b6000) (19) Data frame handling
I0815 20:58:30.380215   16264 log.go:244] (0x1da02f8b6000) (19) Data frame sent
I0815 20:58:30.380747   16264 log.go:244] (0x1da02f91a580) Data frame received for 19
I0815 20:58:30.380747   16264 log.go:244] (0x1da02f8b6000) (19) Data frame handling
I0815 20:58:30.381303   16264 log.go:244] (0x1da02f8b6000) (19) Data frame sent
I0815 20:58:30.381303   16264 log.go:244] (0x1da02f91a580) Data frame received for 19
I0815 20:58:30.381830   16264 log.go:244] (0x1da02f8b6000) (19) Data frame handling
I0815 20:58:30.381830   16264 log.go:244] (0x1da02f8b6000) (19) Data frame sent
I0815 20:58:30.382367   16264 log.go:244] (0x1da02f91a580) Data frame received for 19
I0815 20:58:30.382367   16264 log.go:244] (0x1da02f8b6000) (19) Data frame handling
I0815 20:58:30.382898   16264 log.go:244] (0x1da02f8b6000) (19) Data frame sent
I0815 20:58:30.382898   16264 log.go:244] (0x1da02f91a580) Data frame received for 19
I0815 20:58:30.383432   16264 log.go:244] (0x1da02f8b6000) (19) Data frame handling
I0815 20:58:30.383432   16264 log.go:244] (0x1da02f8b6000) (19) Data frame sent
I0815 20:58:30.383951   16264 log.go:244] (0x1da02f91a580) Data frame received for 19
I0815 20:58:30.383951   16264 log.go:244] (0x1da02f8b6000) (19) Data frame handling
I0815 20:58:30.384492   16264 log.go:244] (0x1da02f8b6000) (19) Data frame sent
I0815 20:58:30.385027   16264 log.go:244] (0x1da02f91a580) Data frame received for 19
I0815 20:58:30.385027   16264 log.go:244] (0x1da02f8b6000) (19) Data frame handling
I0815 20:58:30.385571   16264 log.go:244] (0x1da02f8b6000) (19) Data frame sent
I0815 20:58:30.385571   16264 log.go:244] (0x1da02f91a580) Data frame received for 19
I0815 20:58:30.386106   16264 log.go:244] (0x1da02f8b6000) (19) Data frame handling
I0815 20:58:30.386106   16264 log.go:244] (0x1da02f8b6000) (19) Data frame sent
I0815 20:58:30.386648   16264 log.go:244] (0x1da02f91a580) Data frame received for 19
I0815 20:58:30.386648   16264 log.go:244] (0x1da02f8b6000) (19) Data frame handling
I0815 20:58:30.387186   16264 log.go:244] (0x1da02f8b6000) (19) Data frame sent
I0815 20:58:30.387186   16264 log.go:244] (0x1da02f91a580) Data frame received for 19
I0815 20:58:30.387729   16264 log.go:244] (0x1da02f8b6000) (19) Data frame handling
I0815 20:58:30.388267   16264 log.go:244] (0x1da02f8b6000) (19) Data frame sent
I0815 20:58:30.388267   16264 log.go:244] (0x1da02f91a580) Data frame received for 19
I0815 20:58:30.388802   16264 log.go:244] (0x1da02f8b6000) (19) Data frame handling
I0815 20:58:30.388802   16264 log.go:244] (0x1da02f8b6000) (19) Data frame sent
I0815 20:58:30.389321   16264 log.go:244] (0x1da02f91a580) Data frame received for 19
I0815 20:58:30.389321   16264 log.go:244] (0x1da02f8b6000) (19) Data frame handling
I0815 20:58:30.389855   16264 log.go:244] (0x1da02f8b6000) (19) Data frame sent
I0815 20:58:30.389855   16264 log.go:244] (0x1da02f91a580) Data frame received for 19
I0815 20:58:30.390384   16264 log.go:244] (0x1da02f8b6000) (19) Data frame handling
I0815 20:58:30.390908   16264 log.go:244] (0x1da02f8b6000) (19) Data frame sent
I0815 20:58:30.390908   16264 log.go:244] (0x1da02f91a580) Data frame received for 19
I0815 20:58:30.391436   16264 log.go:244] (0x1da02f8b6000) (19) Data frame handling
I0815 20:58:30.391436   16264 log.go:244] (0x1da02f8b6000) (19) Data frame sent
I0815 20:58:30.391960   16264 log.go:244] (0x1da02f91a580) Data frame received for 19
I0815 20:58:30.392499   16264 log.go:244] (0x1da02f8b6000) (19) Data frame handling
I0815 20:58:30.392499   16264 log.go:244] (0x1da02f8b6000) (19) Data frame sent
I0815 20:58:30.392499   16264 log.go:244] (0x1da02f91a580) Data frame received for 19
I0815 20:58:30.393042   16264 log.go:244] (0x1da02f8b6000) (19) Data frame handling
I0815 20:58:30.393042   16264 log.go:244] (0x1da02f8b6000) (19) Data frame sent
I0815 20:58:30.393559   16264 log.go:244] (0x1da02f91a580) Data frame received for 19
I0815 20:58:30.394101   16264 log.go:244] (0x1da02f8b6000) (19) Data frame handling
I0815 20:58:30.394101   16264 log.go:244] (0x1da02f8b6000) (19) Data frame sent
I0815 20:58:30.394643   16264 log.go:244] (0x1da02f91a580) Data frame received for 19
I0815 20:58:30.394643   16264 log.go:244] (0x1da02f8b6000) (19) Data frame handling
I0815 20:58:30.395178   16264 log.go:244] (0x1da02f8b6000) (19) Data frame sent
I0815 20:58:34.948169   16264 log.go:244] (0x1da02f9040a0) (11) Writing data frame
I0815 20:58:35.001652   16264 log.go:244] (0x1da02f91a580) Data frame received for 11
I0815 20:58:35.003159   16264 log.go:244] (0x1da02f9040a0) (11) Data frame handling
I0815 20:58:35.003159   16264 log.go:244] (0x1da02f9040a0) (11) Data frame sent
I0815 20:58:39.693523   16264 log.go:244] (0x1da02f9040a0) (11) Writing data frame
I0815 20:58:39.757106   16264 log.go:244] (0x1da02f91a580) Data frame received for 11
I0815 20:58:39.878282   16264 log.go:244] (0x1da02f9040a0) (11) Data frame handling
I0815 20:58:39.967044   16264 log.go:244] (0x1da02f9040a0) (11) Data frame sent
I0815 20:58:44.962624   16264 log.go:244] (0x1da02f9040a0) (11) Writing data frame
I0815 20:58:45.053791   16264 log.go:244] (0x1da02f91a580) Data frame received for 11
I0815 20:58:45.058566   16264 log.go:244] (0x1da02f9040a0) (11) Data frame handling
I0815 20:58:45.058566   16264 log.go:244] (0x1da02f9040a0) (11) Data frame sent
I0815 20:58:55.714299   16264 log.go:244] (0x1da02f9040a0) (11) Writing data frame
I0815 20:58:55.717860   16264 log.go:244] (0x1da02f91a580) Data frame received for 11
I0815 20:58:55.718368   16264 log.go:244] (0x1da02f9040a0) (11) Data frame handling
I0815 20:58:55.718912   16264 log.go:244] (0x1da02f9040a0) (11) Data frame sent
I0815 20:59:05.925405   16264 log.go:244] (0x1da02f9040a0) (11) Writing data frame
I0815 20:59:05.928676   16264 log.go:244] (0x1da02f91a580) Data frame received for 11
I0815 20:59:05.929267   16264 log.go:244] (0x1da02f9040a0) (11) Data frame handling
I0815 20:59:05.929781   16264 log.go:244] (0x1da02f9040a0) (11) Data frame sent
I0815 20:59:09.078957   16264 log.go:244] (0x1da02f91a580) Data frame received for 13
I0815 20:59:09.088429   16264 log.go:244] (0x1da02f88e000) (13) Data frame handling
I0815 20:59:09.088960   16264 log.go:244] (0x1da02f91a580) Data frame received for 15
I0815 20:59:09.141747   16264 log.go:244] (0x1da02f91a580) (0x1da02f88e000) Stream removed, broadcasting: 13
I0815 20:59:09.143255   16264 log.go:244] (0x1da02f904140) (15) Data frame handling
I0815 20:59:09.186294   16264 log.go:244] (0x1da02f91a580) (0x1da02f904140) Stream removed, broadcasting: 15
I0815 20:59:09.186803   16264 log.go:244] (0x1da02f91a580) (0x1da02f904140) Stream removed, broadcasting: 15
I0815 20:59:16.513198   16264 log.go:244] (0x1da02f9040a0) (11) Writing data frame
I0815 20:59:16.516586   16264 log.go:244] (0x1da02f91a580) Data frame received for 11
I0815 20:59:16.576775   16264 log.go:244] (0x1da02f9040a0) (11) Data frame handling
I0815 20:59:16.633237   16264 log.go:244] (0x1da02f9040a0) (11) Data frame sent
I0815 20:59:18.056772   16264 log.go:244] (0x1da02f9040a0) (11) Writing data frame
I0815 20:59:18.082455   16264 log.go:244] (0x1da02f91a580) Data frame received for 11
I0815 20:59:18.082961   16264 log.go:244] (0x1da02f9040a0) (11) Data frame handling
I0815 20:59:18.082961   16264 log.go:244] (0x1da02f9040a0) (11) Data frame sent
I0815 20:59:26.904510   16264 log.go:244] (0x1da02f9040a0) (11) Writing data frame
I0815 20:59:26.951253   16264 log.go:244] (0x1da02f91a580) Data frame received for 11
I0815 20:59:26.951760   16264 log.go:244] (0x1da02f9040a0) (11) Data frame handling
I0815 20:59:26.951986   16264 log.go:244] (0x1da02f9040a0) (11) Data frame sent
I0815 20:59:35.255101   16264 log.go:244] (0x1da02f91a580) Data frame received for 19
I0815 20:59:35.258360   16264 log.go:244] (0x1da02f8b6000) (19) Data frame handling
I0815 20:59:35.259449   16264 log.go:244] (0x1da02f91a580) Data frame received for 17
I0815 20:59:35.259449   16264 log.go:244] (0x1da02f91a580) (0x1da02f8b6000) Stream removed, broadcasting: 19
I0815 20:59:35.260135   16264 log.go:244] (0x1da02fc32000) (17) Data frame handling
I0815 20:59:35.260644   16264 log.go:244] (0x1da02f91a580) (0x1da02fc32000) Stream removed, broadcasting: 17
I0815 20:59:35.260644   16264 log.go:244] (0x1da02f91a580) (0x1da02f8b6000) Stream removed, broadcasting: 19
I0815 20:59:37.495275   16264 log.go:244] (0x1da02f9040a0) (11) Writing data frame
I0815 20:59:37.498763   16264 log.go:244] (0x1da02f91a580) Data frame received for 11
I0815 20:59:37.499268   16264 log.go:244] (0x1da02f9040a0) (11) Data frame handling
I0815 20:59:37.499268   16264 log.go:244] (0x1da02f9040a0) (11) Data frame sent
I0815 20:59:48.086821   16264 log.go:244] (0x1da02f9040a0) (11) Writing data frame
I0815 20:59:48.089470   16264 log.go:244] (0x1da02f91a580) Data frame received for 11
I0815 20:59:48.102980   16264 log.go:244] (0x1da02f9040a0) (11) Data frame handling
I0815 20:59:48.103501   16264 log.go:244] (0x1da02f9040a0) (11) Data frame sent
I0815 20:59:56.371715   16264 log.go:244] (0x1da02f9040a0) (11) Writing data frame
I0815 20:59:56.379881   16264 log.go:244] (0x1da02f91a580) Data frame received for 11
I0815 20:59:56.396272   16264 log.go:244] (0x1da02f9040a0) (11) Data frame handling
I0815 20:59:56.403137   16264 log.go:244] (0x1da02f9040a0) (11) Data frame sent
I0815 20:59:58.098004   16264 log.go:244] (0x1da02f9040a0) (11) Writing data frame
I0815 20:59:58.104242   16264 log.go:244] (0x1da02f91a580) Data frame received for 11
I0815 20:59:58.104751   16264 log.go:244] (0x1da02f9040a0) (11) Data frame handling
I0815 20:59:58.104751   16264 log.go:244] (0x1da02f9040a0) (11) Data frame sent
I0815 21:00:08.688109   16264 log.go:244] (0x1da02f9040a0) (11) Writing data frame
I0815 21:00:08.706923   16264 log.go:244] (0x1da02f91a580) Data frame received for 11
I0815 21:00:08.749958   16264 log.go:244] (0x1da02f9040a0) (11) Data frame handling
I0815 21:00:08.749958   16264 log.go:244] (0x1da02f9040a0) (11) Data frame sent
I0815 21:00:19.278502   16264 log.go:244] (0x1da02f9040a0) (11) Writing data frame
I0815 21:00:19.285718   16264 log.go:244] (0x1da02f91a580) Data frame received for 11
I0815 21:00:19.286230   16264 log.go:244] (0x1da02f9040a0) (11) Data frame handling
I0815 21:00:19.286820   16264 log.go:244] (0x1da02f9040a0) (11) Data frame sent
I0815 21:00:29.854704   16264 log.go:244] (0x1da02f9040a0) (11) Writing data frame
I0815 21:00:29.858018   16264 log.go:244] (0x1da02f91a580) Data frame received for 11
I0815 21:00:29.858522   16264 log.go:244] (0x1da02f9040a0) (11) Data frame handling
I0815 21:00:29.858522   16264 log.go:244] (0x1da02f9040a0) (11) Data frame sent
I0815 21:00:40.461736   16264 log.go:244] (0x1da02f9040a0) (11) Writing data frame
I0815 21:00:40.518206   16264 log.go:244] (0x1da02f91a580) Data frame received for 11
I0815 21:00:40.567656   16264 log.go:244] (0x1da02f9040a0) (11) Data frame handling
I0815 21:00:40.567656   16264 log.go:244] (0x1da02f9040a0) (11) Data frame sent
I0815 21:00:41.000912   16264 log.go:244] (0x1da02f91a580) (0x1da02f8b6000) Create stream
I0815 21:00:41.011912   16264 log.go:244] (0x1da02f91a580) (0x1da02f8b6000) Stream added, broadcasting: 21
I0815 21:00:41.014453   16264 log.go:244] (0x1da02f91a580) Reply frame received for 21
I0815 21:00:41.014963   16264 log.go:244] (0x1da02f8b6000) (21) Writing data frame
I0815 21:00:41.014963   16264 log.go:244] (0x1da02f91a580) (0x1da02f8b60a0) Create stream
I0815 21:00:41.015513   16264 log.go:244] (0x1da02f91a580) (0x1da02f8b60a0) Stream added, broadcasting: 23
I0815 21:00:41.017672   16264 log.go:244] (0x1da02f91a580) Reply frame received for 23
I0815 21:00:41.018210   16264 log.go:244] (0x1da02f8b60a0) (23) Writing data frame
I0815 21:00:41.031352   16264 log.go:244] (0x1da02f91a580) Data frame received for 23
I0815 21:00:41.031857   16264 log.go:244] (0x1da02f8b60a0) (23) Data frame handling
I0815 21:00:41.032384   16264 log.go:244] (0x1da02f8b60a0) (23) Data frame sent
I0815 21:00:41.053689   16264 log.go:244] (0x1da02f8b60a0) (23) Writing data frame
I0815 21:00:41.060591   16264 log.go:244] (0x1da02f91a580) Data frame received for 23
I0815 21:00:41.061164   16264 log.go:244] (0x1da02f8b60a0) (23) Data frame handling
I0815 21:00:41.061164   16264 log.go:244] (0x1da02f8b60a0) (23) Data frame sent
I0815 21:00:41.078658   16264 log.go:244] (0x1da02f8b60a0) (23) Writing data frame
I0815 21:00:41.149203   16264 log.go:244] (0x1da02f91a580) Data frame received for 23
I0815 21:00:41.165703   16264 log.go:244] (0x1da02f8b60a0) (23) Data frame handling
I0815 21:00:41.165703   16264 log.go:244] (0x1da02f8b60a0) (23) Data frame sent
E0815 21:00:41.228935   16264 portforward.go:502] "Unhandled Error" err="error copying from local connection to remote stream: writeto tcp4 127.0.0.1:8080->127.0.0.1:54081: read tcp4 127.0.0.1:8080->127.0.0.1:54081: wsarecv: An existing connection was forcibly closed by the remote host."
I0815 21:00:41.228935   16264 log.go:244] (0x1da02f8b60a0) (23) Writing data frame
I0815 21:00:41.229440   16264 log.go:244] (0x1da02f91a580) (0x1da02f8b60a0) Stream removed, broadcasting: 23
I0815 21:00:41.232513   16264 log.go:244] (0x1da02f91a580) Data frame received for 23
I0815 21:00:41.233021   16264 log.go:244] (0x1da02f91a580) Data frame gone away for 23
I0815 21:00:41.233021   16264 log.go:244] (0x1da02f91a580) Data frame received for 21
I0815 21:00:41.233577   16264 log.go:244] (0x1da02f8b6000) (21) Data frame handling
I0815 21:00:41.234117   16264 log.go:244] (0x1da02f91a580) (0x1da02f8b6000) Stream removed, broadcasting: 21
I0815 21:00:50.936369   16264 log.go:244] (0x1da02f9040a0) (11) Writing data frame
I0815 21:00:50.939155   16264 log.go:244] (0x1da02f91a580) Data frame received for 11
I0815 21:00:50.939664   16264 log.go:244] (0x1da02f9040a0) (11) Data frame handling
I0815 21:00:50.939664   16264 log.go:244] (0x1da02f9040a0) (11) Data frame sent
I0815 21:01:01.531117   16264 log.go:244] (0x1da02f9040a0) (11) Writing data frame
I0815 21:01:01.533696   16264 log.go:244] (0x1da02f91a580) Data frame received for 11
I0815 21:01:01.533696   16264 log.go:244] (0x1da02f9040a0) (11) Data frame handling
I0815 21:01:01.534210   16264 log.go:244] (0x1da02f9040a0) (11) Data frame sent
I0815 21:01:12.120494   16264 log.go:244] (0x1da02f9040a0) (11) Writing data frame
I0815 21:01:12.123384   16264 log.go:244] (0x1da02f91a580) Data frame received for 11
I0815 21:01:12.123889   16264 log.go:244] (0x1da02f9040a0) (11) Data frame handling
I0815 21:01:12.123889   16264 log.go:244] (0x1da02f9040a0) (11) Data frame sent
I0815 21:01:22.713023   16264 log.go:244] (0x1da02f9040a0) (11) Writing data frame
I0815 21:01:22.761752   16264 log.go:244] (0x1da02f91a580) Data frame received for 11
I0815 21:01:22.762271   16264 log.go:244] (0x1da02f9040a0) (11) Data frame handling
I0815 21:01:22.762876   16264 log.go:244] (0x1da02f9040a0) (11) Data frame sent
I0815 21:01:27.297611   16264 log.go:244] (0x1da02f91a580) (0x1da02fc32000) Create stream
I0815 21:01:27.297611   16264 log.go:244] (0x1da02f91a580) (0x1da02fc32000) Stream added, broadcasting: 25
I0815 21:01:27.300219   16264 log.go:244] (0x1da02f91a580) Reply frame received for 25
I0815 21:01:27.300727   16264 log.go:244] (0x1da02fc32000) (25) Writing data frame
I0815 21:01:27.300727   16264 log.go:244] (0x1da02f91a580) (0x1da02f904000) Create stream
I0815 21:01:27.301270   16264 log.go:244] (0x1da02f91a580) (0x1da02f904000) Stream added, broadcasting: 27
I0815 21:01:27.303406   16264 log.go:244] (0x1da02f91a580) Reply frame received for 27
I0815 21:01:27.303936   16264 log.go:244] (0x1da02f904000) (27) Writing data frame
I0815 21:01:27.320190   16264 log.go:244] (0x1da02f91a580) Data frame received for 27
I0815 21:01:27.331268   16264 log.go:244] (0x1da02f904000) (27) Data frame handling
I0815 21:01:27.352224   16264 log.go:244] (0x1da02f904000) (27) Data frame sent
E0815 21:01:27.409394   16264 portforward.go:502] "Unhandled Error" err="error copying from local connection to remote stream: writeto tcp4 127.0.0.1:8080->127.0.0.1:59893: read tcp4 127.0.0.1:8080->127.0.0.1:59893: wsarecv: An existing connection was forcibly closed by the remote host."
I0815 21:01:27.414150   16264 log.go:244] (0x1da02f904000) (27) Writing data frame
I0815 21:01:27.414680   16264 log.go:244] (0x1da02f91a580) (0x1da02f904000) Stream removed, broadcasting: 27
I0815 21:01:27.417519   16264 log.go:244] (0x1da02f91a580) Data frame received for 27
I0815 21:01:27.418030   16264 log.go:244] (0x1da02f91a580) Data frame gone away for 27
I0815 21:01:27.418030   16264 log.go:244] (0x1da02f91a580) Data frame received for 25
I0815 21:01:27.418568   16264 log.go:244] (0x1da02fc32000) (25) Data frame handling
I0815 21:01:27.419116   16264 log.go:244] (0x1da02f91a580) (0x1da02fc32000) Stream removed, broadcasting: 25
I0815 21:01:33.679973   16264 log.go:244] (0x1da02f9040a0) (11) Writing data frame
I0815 21:01:33.746362   16264 log.go:244] (0x1da02f91a580) Data frame received for 11
I0815 21:01:33.746873   16264 log.go:244] (0x1da02f9040a0) (11) Data frame handling
I0815 21:01:33.747399   16264 log.go:244] (0x1da02f9040a0) (11) Data frame sent
I0815 21:01:40.559933   16264 log.go:244] (0x1da02f91a580) (0x1da02fc32140) Create stream
I0815 21:01:40.584955   16264 log.go:244] (0x1da02f91a580) (0x1da02fc32140) Stream added, broadcasting: 29
I0815 21:01:40.587071   16264 log.go:244] (0x1da02f91a580) Reply frame received for 29
I0815 21:01:40.624397   16264 log.go:244] (0x1da02fc32140) (29) Writing data frame
I0815 21:01:40.642447   16264 log.go:244] (0x1da02f91a580) (0x1da02f904140) Create stream
I0815 21:01:40.653876   16264 log.go:244] (0x1da02f91a580) (0x1da02f904140) Stream added, broadcasting: 31
I0815 21:01:40.656731   16264 log.go:244] (0x1da02f91a580) Reply frame received for 31
I0815 21:01:40.742140   16264 log.go:244] (0x1da02f904140) (31) Writing data frame
I0815 21:01:40.814668   16264 log.go:244] (0x1da02f91a580) Data frame received for 31
I0815 21:01:40.852175   16264 log.go:244] (0x1da02f904140) (31) Data frame handling
I0815 21:01:40.889412   16264 log.go:244] (0x1da02f904140) (31) Data frame sent
I0815 21:01:40.913979   16264 log.go:244] (0x1da02f904140) (31) Writing data frame
I0815 21:01:41.022072   16264 log.go:244] (0x1da02f91a580) Data frame received for 31
I0815 21:01:41.052049   16264 log.go:244] (0x1da02f904140) (31) Data frame handling
I0815 21:01:41.052049   16264 log.go:244] (0x1da02f904140) (31) Data frame sent
E0815 21:01:41.119563   16264 portforward.go:502] "Unhandled Error" err="error copying from local connection to remote stream: writeto tcp6 [::1]:8080->[::1]:59903: read tcp6 [::1]:8080->[::1]:59903: wsarecv: An existing connection was forcibly closed by the remote host."
I0815 21:01:41.124354   16264 log.go:244] (0x1da02f904140) (31) Writing data frame
I0815 21:01:41.124881   16264 log.go:244] (0x1da02f91a580) (0x1da02f904140) Stream removed, broadcasting: 31
I0815 21:01:41.128296   16264 log.go:244] (0x1da02f91a580) Data frame received for 31
I0815 21:01:41.128806   16264 log.go:244] (0x1da02f91a580) Data frame gone away for 31
I0815 21:01:41.128806   16264 log.go:244] (0x1da02f91a580) Data frame received for 29
I0815 21:01:41.129339   16264 log.go:244] (0x1da02fc32140) (29) Data frame handling
I0815 21:01:41.129878   16264 log.go:244] (0x1da02f91a580) (0x1da02fc32140) Stream removed, broadcasting: 29
I0815 21:01:44.292329   16264 log.go:244] (0x1da02f9040a0) (11) Writing data frame
I0815 21:01:44.299780   16264 log.go:244] (0x1da02f91a580) Data frame received for 11
I0815 21:01:44.300314   16264 log.go:244] (0x1da02f9040a0) (11) Data frame handling
I0815 21:01:44.300314   16264 log.go:244] (0x1da02f9040a0) (11) Data frame sent
I0815 21:01:54.885541   16264 log.go:244] (0x1da02f9040a0) (11) Writing data frame
I0815 21:01:54.893063   16264 log.go:244] (0x1da02f91a580) Data frame received for 11
I0815 21:01:54.893573   16264 log.go:244] (0x1da02f9040a0) (11) Data frame handling
I0815 21:01:54.893573   16264 log.go:244] (0x1da02f9040a0) (11) Data frame sent
I0815 21:02:05.500887   16264 log.go:244] (0x1da02f9040a0) (11) Writing data frame
I0815 21:02:05.507624   16264 log.go:244] (0x1da02f91a580) Data frame received for 11
I0815 21:02:05.508133   16264 log.go:244] (0x1da02f9040a0) (11) Data frame handling
I0815 21:02:05.508663   16264 log.go:244] (0x1da02f9040a0) (11) Data frame sent
I0815 21:02:10.797747   16264 log.go:244] (0x1da02f9040a0) (11) Writing data frame
I0815 21:02:10.813928   16264 log.go:244] (0x1da02f91a580) Data frame received for 11
I0815 21:02:10.873552   16264 log.go:244] (0x1da02f9040a0) (11) Data frame handling
I0815 21:02:10.873552   16264 log.go:244] (0x1da02f9040a0) (11) Data frame sent
I0815 21:02:15.510273   16264 log.go:244] (0x1da02f9040a0) (11) Writing data frame
I0815 21:02:15.515062   16264 log.go:244] (0x1da02f91a580) Data frame received for 11
I0815 21:02:15.515655   16264 log.go:244] (0x1da02f9040a0) (11) Data frame handling
I0815 21:02:15.515655   16264 log.go:244] (0x1da02f9040a0) (11) Data frame sent
I0815 21:02:26.098187   16264 log.go:244] (0x1da02f9040a0) (11) Writing data frame
I0815 21:02:26.106538   16264 log.go:244] (0x1da02f91a580) Data frame received for 11
I0815 21:02:26.107085   16264 log.go:244] (0x1da02f9040a0) (11) Data frame handling
I0815 21:02:26.107609   16264 log.go:244] (0x1da02f9040a0) (11) Data frame sent
I0815 21:02:36.180841   16264 log.go:244] (0x1da02f9040a0) (11) Writing data frame
I0815 21:02:36.280801   16264 log.go:244] (0x1da02f91a580) Data frame received for 11
I0815 21:02:36.382736   16264 log.go:244] (0x1da02f9040a0) (11) Data frame handling
I0815 21:02:36.414099   16264 log.go:244] (0x1da02f9040a0) (11) Data frame sent
I0815 21:02:46.764972   16264 log.go:244] (0x1da02f9040a0) (11) Writing data frame
I0815 21:02:46.769838   16264 log.go:244] (0x1da02f91a580) Data frame received for 11
I0815 21:02:46.812781   16264 log.go:244] (0x1da02f9040a0) (11) Data frame handling
I0815 21:02:46.813299   16264 log.go:244] (0x1da02f9040a0) (11) Data frame sent
I0815 21:02:56.865844   16264 log.go:244] (0x1da02f9040a0) (11) Writing data frame
I0815 21:02:56.874482   16264 log.go:244] (0x1da02f91a580) Data frame received for 11
I0815 21:02:56.875548   16264 log.go:244] (0x1da02f9040a0) (11) Data frame handling
I0815 21:02:56.875548   16264 log.go:244] (0x1da02f9040a0) (11) Data frame sent
I0815 21:03:07.465949   16264 log.go:244] (0x1da02f9040a0) (11) Writing data frame
I0815 21:03:07.536673   16264 log.go:244] (0x1da02f91a580) Data frame received for 11
I0815 21:03:07.580207   16264 log.go:244] (0x1da02f9040a0) (11) Data frame handling
I0815 21:03:07.580715   16264 log.go:244] (0x1da02f9040a0) (11) Data frame sent
I0815 21:03:17.538846   16264 log.go:244] (0x1da02f9040a0) (11) Writing data frame
I0815 21:03:17.549762   16264 log.go:244] (0x1da02f91a580) Data frame received for 11
I0815 21:03:17.624330   16264 log.go:244] (0x1da02f9040a0) (11) Data frame handling
I0815 21:03:17.678485   16264 log.go:244] (0x1da02f9040a0) (11) Data frame sent
I0815 21:03:19.534656   16264 log.go:244] (0x1da02f9040a0) (11) Writing data frame
I0815 21:03:19.621972   16264 log.go:244] (0x1da02f91a580) Data frame received for 11
I0815 21:03:19.668262   16264 log.go:244] (0x1da02f9040a0) (11) Data frame handling
I0815 21:03:19.679991   16264 log.go:244] (0x1da02f9040a0) (11) Data frame sent
I0815 21:03:27.882583   16264 log.go:244] (0x1da02f9040a0) (11) Writing data frame
I0815 21:03:27.986303   16264 log.go:244] (0x1da02f91a580) Data frame received for 9
I0815 21:03:28.058630   16264 log.go:244] (0x1da02fc320a0) (9) Data frame handling
I0815 21:03:28.251373   16264 log.go:244] (0x1da02f91a580) Data frame received for 11
I0815 21:03:28.323504   16264 log.go:244] (0x1da02f91a580) (0x1da02f8b6000) Create stream
I0815 21:03:28.459550   16264 log.go:244] (0x1da02f91a580) (0x1da02fc320a0) Stream removed, broadcasting: 9
I0815 21:03:28.478225   16264 log.go:244] (0x1da02f9040a0) (11) Data frame handling
I0815 21:03:28.556725   16264 log.go:244] (0x1da02f91a580) (0x1da02f8b6000) Stream added, broadcasting: 33
I0815 21:03:28.576417   16264 log.go:244] (0x1da02f91a580) (0x1da02f9040a0) Stream removed, broadcasting: 11
I0815 21:03:28.576417   16264 log.go:244] (0x1da02f91a580) (0x1da02fc32000) Create stream
I0815 21:03:28.576977   16264 log.go:244] (0x1da02f91a580) (0x1da02f9040a0) Stream removed, broadcasting: 11
I0815 21:03:28.577533   16264 log.go:244] (0x1da02f91a580) (0x1da02fc32000) Stream added, broadcasting: 35
I0815 21:03:28.578609   16264 log.go:244] (0x1da02f91a580) Reply frame received for 33
I0815 21:03:28.578609   16264 log.go:244] (0x1da02f8b6000) (33) Writing data frame
I0815 21:03:28.579796   16264 log.go:244] (0x1da02f91a580) (0x1da02fc32140) Create stream
I0815 21:03:28.580847   16264 log.go:244] (0x1da02f91a580) (0x1da02fc32140) Stream added, broadcasting: 37
I0815 21:03:28.581369   16264 log.go:244] (0x1da02f91a580) Reply frame received for 35
I0815 21:03:28.581921   16264 log.go:244] (0x1da02fc32000) (35) Writing data frame
I0815 21:03:28.582605   16264 log.go:244] (0x1da02f91a580) (0x1da02fc32640) Create stream
I0815 21:03:28.582605   16264 log.go:244] (0x1da02f91a580) (0x1da02fc32640) Stream added, broadcasting: 39
I0815 21:03:28.584883   16264 log.go:244] (0x1da02f91a580) Reply frame received for 37
I0815 21:03:28.585424   16264 log.go:244] (0x1da02f91a580) Reply frame received for 39
I0815 21:03:28.585980   16264 log.go:244] (0x1da02fc32140) (37) Writing data frame
I0815 21:03:28.585980   16264 log.go:244] (0x1da02fc32640) (39) Writing data frame
I0815 21:03:28.597990   16264 log.go:244] (0x1da02f91a580) Data frame received for 39
I0815 21:03:28.598532   16264 log.go:244] (0x1da02fc32640) (39) Data frame handling
I0815 21:03:28.598532   16264 log.go:244] (0x1da02fc32640) (39) Data frame sent
I0815 21:03:28.618719   16264 log.go:244] (0x1da02f91a580) Data frame received for 37
I0815 21:03:28.618719   16264 log.go:244] (0x1da02fc32140) (37) Data frame handling
I0815 21:03:28.637008   16264 log.go:244] (0x1da02fc32140) (37) Data frame sent
I0815 21:03:28.863095   16264 log.go:244] (0x1da02fc32140) (37) Writing data frame
I0815 21:03:28.871631   16264 log.go:244] (0x1da02fc32640) (39) Writing data frame
I0815 21:03:28.884967   16264 log.go:244] (0x1da02f91a580) Data frame received for 37
I0815 21:03:28.890346   16264 log.go:244] (0x1da02f91a580) Data frame received for 39
I0815 21:03:28.908383   16264 log.go:244] (0x1da02fc32140) (37) Data frame handling
I0815 21:03:28.908925   16264 log.go:244] (0x1da02fc32140) (37) Data frame sent
I0815 21:03:28.909468   16264 log.go:244] (0x1da02f91a580) Data frame received for 37
I0815 21:03:28.910012   16264 log.go:244] (0x1da02fc32640) (39) Data frame handling
I0815 21:03:28.910012   16264 log.go:244] (0x1da02fc32640) (39) Data frame sent
I0815 21:03:28.910552   16264 log.go:244] (0x1da02f91a580) Data frame received for 39
I0815 21:03:28.910552   16264 log.go:244] (0x1da02fc32640) (39) Data frame handling
I0815 21:03:28.911072   16264 log.go:244] (0x1da02fc32640) (39) Data frame sent
I0815 21:03:28.911621   16264 log.go:244] (0x1da02fc32140) (37) Data frame handling
I0815 21:03:28.911621   16264 log.go:244] (0x1da02fc32140) (37) Data frame sent
I0815 21:03:28.912143   16264 log.go:244] (0x1da02f91a580) Data frame received for 37
I0815 21:03:28.912684   16264 log.go:244] (0x1da02fc32140) (37) Data frame handling
I0815 21:03:28.912684   16264 log.go:244] (0x1da02f91a580) Data frame received for 39
I0815 21:03:28.913206   16264 log.go:244] (0x1da02fc32640) (39) Data frame handling
I0815 21:03:28.913745   16264 log.go:244] (0x1da02fc32640) (39) Data frame sent
I0815 21:03:28.913745   16264 log.go:244] (0x1da02fc32140) (37) Data frame sent
I0815 21:03:28.913745   16264 log.go:244] (0x1da02f91a580) Data frame received for 37
I0815 21:03:28.914755   16264 log.go:244] (0x1da02fc32140) (37) Data frame handling
I0815 21:03:28.915263   16264 log.go:244] (0x1da02fc32140) (37) Data frame sent
I0815 21:03:28.915942   16264 log.go:244] (0x1da02f91a580) Data frame received for 37
I0815 21:03:28.915942   16264 log.go:244] (0x1da02fc32140) (37) Data frame handling
I0815 21:03:28.916449   16264 log.go:244] (0x1da02fc32140) (37) Data frame sent
I0815 21:03:28.916988   16264 log.go:244] (0x1da02f91a580) Data frame received for 37
I0815 21:03:28.917563   16264 log.go:244] (0x1da02fc32140) (37) Data frame handling
I0815 21:03:28.921393   16264 log.go:244] (0x1da02fc32140) (37) Data frame sent
I0815 21:03:28.921914   16264 log.go:244] (0x1da02f91a580) Data frame received for 37
I0815 21:03:28.921914   16264 log.go:244] (0x1da02fc32140) (37) Data frame handling
I0815 21:03:28.922438   16264 log.go:244] (0x1da02fc32140) (37) Data frame sent
I0815 21:03:28.923017   16264 log.go:244] (0x1da02f91a580) Data frame received for 37
I0815 21:03:28.923524   16264 log.go:244] (0x1da02fc32140) (37) Data frame handling
I0815 21:03:28.923524   16264 log.go:244] (0x1da02fc32140) (37) Data frame sent
I0815 21:03:28.924044   16264 log.go:244] (0x1da02f91a580) Data frame received for 37
I0815 21:03:28.924564   16264 log.go:244] (0x1da02fc32140) (37) Data frame handling
I0815 21:03:28.924564   16264 log.go:244] (0x1da02fc32140) (37) Data frame sent
I0815 21:03:28.925114   16264 log.go:244] (0x1da02f91a580) Data frame received for 37
I0815 21:03:28.925657   16264 log.go:244] (0x1da02fc32140) (37) Data frame handling
I0815 21:03:28.925657   16264 log.go:244] (0x1da02fc32140) (37) Data frame sent
I0815 21:03:28.926197   16264 log.go:244] (0x1da02f91a580) Data frame received for 37
I0815 21:03:28.926722   16264 log.go:244] (0x1da02fc32140) (37) Data frame handling
I0815 21:03:28.926722   16264 log.go:244] (0x1da02fc32140) (37) Data frame sent
I0815 21:03:28.927324   16264 log.go:244] (0x1da02f91a580) Data frame received for 37
I0815 21:03:28.927831   16264 log.go:244] (0x1da02fc32140) (37) Data frame handling
I0815 21:03:28.928351   16264 log.go:244] (0x1da02fc32140) (37) Data frame sent
I0815 21:03:28.928351   16264 log.go:244] (0x1da02f91a580) Data frame received for 37
I0815 21:03:28.928887   16264 log.go:244] (0x1da02fc32140) (37) Data frame handling
I0815 21:03:28.928887   16264 log.go:244] (0x1da02fc32140) (37) Data frame sent
I0815 21:03:28.929440   16264 log.go:244] (0x1da02f91a580) Data frame received for 37
I0815 21:03:28.929985   16264 log.go:244] (0x1da02fc32140) (37) Data frame handling
I0815 21:03:28.930538   16264 log.go:244] (0x1da02fc32140) (37) Data frame sent
I0815 21:03:28.930538   16264 log.go:244] (0x1da02f91a580) Data frame received for 37
I0815 21:03:28.931062   16264 log.go:244] (0x1da02fc32140) (37) Data frame handling
I0815 21:03:28.931062   16264 log.go:244] (0x1da02fc32140) (37) Data frame sent
I0815 21:03:28.931594   16264 log.go:244] (0x1da02f91a580) Data frame received for 37
I0815 21:03:28.931594   16264 log.go:244] (0x1da02fc32140) (37) Data frame handling
I0815 21:03:28.932183   16264 log.go:244] (0x1da02fc32140) (37) Data frame sent
I0815 21:03:28.932183   16264 log.go:244] (0x1da02f91a580) Data frame received for 37
I0815 21:03:28.932784   16264 log.go:244] (0x1da02fc32140) (37) Data frame handling
I0815 21:03:28.933304   16264 log.go:244] (0x1da02fc32140) (37) Data frame sent
I0815 21:03:28.934423   16264 log.go:244] (0x1da02f91a580) Data frame received for 37
I0815 21:03:28.934939   16264 log.go:244] (0x1da02fc32140) (37) Data frame handling
I0815 21:03:28.935461   16264 log.go:244] (0x1da02fc32140) (37) Data frame sent
I0815 21:03:28.935461   16264 log.go:244] (0x1da02f91a580) Data frame received for 37
I0815 21:03:28.935987   16264 log.go:244] (0x1da02fc32140) (37) Data frame handling
I0815 21:03:28.935987   16264 log.go:244] (0x1da02fc32140) (37) Data frame sent
I0815 21:03:28.936532   16264 log.go:244] (0x1da02f91a580) Data frame received for 37
I0815 21:03:28.937076   16264 log.go:244] (0x1da02fc32140) (37) Data frame handling
I0815 21:03:28.937131   16264 log.go:244] (0x1da02fc32140) (37) Data frame sent
I0815 21:03:28.937637   16264 log.go:244] (0x1da02f91a580) Data frame received for 37
I0815 21:03:28.937637   16264 log.go:244] (0x1da02fc32140) (37) Data frame handling
I0815 21:03:28.938169   16264 log.go:244] (0x1da02fc32140) (37) Data frame sent
I0815 21:03:28.938697   16264 log.go:244] (0x1da02f91a580) Data frame received for 37
I0815 21:03:28.938697   16264 log.go:244] (0x1da02fc32140) (37) Data frame handling
I0815 21:03:28.939244   16264 log.go:244] (0x1da02fc32140) (37) Data frame sent
I0815 21:03:28.939244   16264 log.go:244] (0x1da02f91a580) Data frame received for 37
I0815 21:03:28.939781   16264 log.go:244] (0x1da02fc32140) (37) Data frame handling
I0815 21:03:28.940375   16264 log.go:244] (0x1da02fc32140) (37) Data frame sent
I0815 21:03:28.940375   16264 log.go:244] (0x1da02f91a580) Data frame received for 37
I0815 21:03:28.940375   16264 log.go:244] (0x1da02fc32140) (37) Data frame handling
I0815 21:03:28.941329   16264 log.go:244] (0x1da02fc32140) (37) Data frame sent
I0815 21:03:28.941329   16264 log.go:244] (0x1da02f91a580) Data frame received for 37
I0815 21:03:28.941329   16264 log.go:244] (0x1da02fc32140) (37) Data frame handling
I0815 21:03:28.942224   16264 log.go:244] (0x1da02fc32140) (37) Data frame sent
I0815 21:03:28.942745   16264 log.go:244] (0x1da02f91a580) Data frame received for 37
I0815 21:03:28.942745   16264 log.go:244] (0x1da02fc32140) (37) Data frame handling
I0815 21:03:28.942745   16264 log.go:244] (0x1da02fc32140) (37) Data frame sent
I0815 21:03:28.943753   16264 log.go:244] (0x1da02f91a580) Data frame received for 37
I0815 21:03:28.943753   16264 log.go:244] (0x1da02fc32140) (37) Data frame handling
I0815 21:03:28.943753   16264 log.go:244] (0x1da02fc32140) (37) Data frame sent
I0815 21:03:28.944758   16264 log.go:244] (0x1da02f91a580) Data frame received for 37
I0815 21:03:28.944758   16264 log.go:244] (0x1da02fc32140) (37) Data frame handling
I0815 21:03:28.944758   16264 log.go:244] (0x1da02fc32140) (37) Data frame sent
I0815 21:03:28.945755   16264 log.go:244] (0x1da02f91a580) Data frame received for 37
I0815 21:03:28.945755   16264 log.go:244] (0x1da02fc32140) (37) Data frame handling
I0815 21:03:28.945755   16264 log.go:244] (0x1da02fc32140) (37) Data frame sent
I0815 21:03:30.041223   16264 log.go:244] (0x1da02fc32140) (37) Writing data frame
I0815 21:03:30.112115   16264 log.go:244] (0x1da02fc32640) (39) Writing data frame
I0815 21:03:30.128865   16264 log.go:244] (0x1da02f91a580) Data frame received for 37
I0815 21:03:30.138593   16264 log.go:244] (0x1da02fc32140) (37) Data frame handling
I0815 21:03:30.139730   16264 log.go:244] (0x1da02f91a580) Data frame received for 39
I0815 21:03:30.188920   16264 log.go:244] (0x1da02fc32140) (37) Data frame sent
I0815 21:03:30.190446   16264 log.go:244] (0x1da02f91a580) Data frame received for 37
I0815 21:03:30.190446   16264 log.go:244] (0x1da02fc32640) (39) Data frame handling
I0815 21:03:30.191031   16264 log.go:244] (0x1da02fc32640) (39) Data frame sent
I0815 21:03:30.191537   16264 log.go:244] (0x1da02f91a580) Data frame received for 39
I0815 21:03:30.191537   16264 log.go:244] (0x1da02fc32640) (39) Data frame handling
I0815 21:03:30.192648   16264 log.go:244] (0x1da02fc32140) (37) Data frame handling
I0815 21:03:30.192648   16264 log.go:244] (0x1da02fc32140) (37) Data frame sent
I0815 21:03:30.193166   16264 log.go:244] (0x1da02f91a580) Data frame received for 37
I0815 21:03:30.193831   16264 log.go:244] (0x1da02fc32640) (39) Data frame sent
I0815 21:03:30.194340   16264 log.go:244] (0x1da02f91a580) Data frame received for 39
I0815 21:03:30.194872   16264 log.go:244] (0x1da02fc32640) (39) Data frame handling
I0815 21:03:30.194956   16264 log.go:244] (0x1da02fc32140) (37) Data frame handling
I0815 21:03:30.195463   16264 log.go:244] (0x1da02fc32140) (37) Data frame sent
I0815 21:03:30.196032   16264 log.go:244] (0x1da02f91a580) Data frame received for 37
I0815 21:03:30.196032   16264 log.go:244] (0x1da02fc32640) (39) Data frame sent
I0815 21:03:30.196541   16264 log.go:244] (0x1da02f91a580) Data frame received for 39
I0815 21:03:30.197081   16264 log.go:244] (0x1da02fc32640) (39) Data frame handling
I0815 21:03:30.197081   16264 log.go:244] (0x1da02fc32140) (37) Data frame handling
I0815 21:03:30.197631   16264 log.go:244] (0x1da02fc32140) (37) Data frame sent
I0815 21:03:30.197631   16264 log.go:244] (0x1da02f91a580) Data frame received for 37
I0815 21:03:30.216574   16264 log.go:244] (0x1da02fc32640) (39) Data frame sent
I0815 21:03:30.218073   16264 log.go:244] (0x1da02f91a580) Data frame received for 39
I0815 21:03:30.239099   16264 log.go:244] (0x1da02fc32140) (37) Data frame handling
I0815 21:03:30.239606   16264 log.go:244] (0x1da02fc32140) (37) Data frame sent
I0815 21:03:30.239606   16264 log.go:244] (0x1da02fc32640) (39) Data frame handling
I0815 21:03:30.240152   16264 log.go:244] (0x1da02fc32640) (39) Data frame sent
I0815 21:03:30.240684   16264 log.go:244] (0x1da02f91a580) Data frame received for 39
I0815 21:03:30.242274   16264 log.go:244] (0x1da02fc32640) (39) Data frame handling
I0815 21:03:30.242274   16264 log.go:244] (0x1da02fc32640) (39) Data frame sent
I0815 21:03:30.242274   16264 log.go:244] (0x1da02f91a580) Data frame received for 39
I0815 21:03:30.251437   16264 log.go:244] (0x1da02fc32640) (39) Data frame handling
I0815 21:03:30.251538   16264 log.go:244] (0x1da02fc32640) (39) Data frame sent
I0815 21:03:30.252129   16264 log.go:244] (0x1da02f91a580) Data frame received for 39
I0815 21:03:30.252645   16264 log.go:244] (0x1da02fc32640) (39) Data frame handling
I0815 21:03:30.252645   16264 log.go:244] (0x1da02fc32640) (39) Data frame sent
I0815 21:03:30.253317   16264 log.go:244] (0x1da02f91a580) Data frame received for 39
I0815 21:03:30.253317   16264 log.go:244] (0x1da02fc32640) (39) Data frame handling
I0815 21:03:30.253863   16264 log.go:244] (0x1da02fc32640) (39) Data frame sent
I0815 21:03:30.253863   16264 log.go:244] (0x1da02f91a580) Data frame received for 39
I0815 21:03:30.254404   16264 log.go:244] (0x1da02fc32640) (39) Data frame handling
I0815 21:03:30.254948   16264 log.go:244] (0x1da02fc32640) (39) Data frame sent
I0815 21:03:30.255493   16264 log.go:244] (0x1da02f91a580) Data frame received for 39
I0815 21:03:30.256107   16264 log.go:244] (0x1da02fc32640) (39) Data frame handling
I0815 21:03:30.256107   16264 log.go:244] (0x1da02fc32640) (39) Data frame sent
I0815 21:03:30.256662   16264 log.go:244] (0x1da02f91a580) Data frame received for 39
I0815 21:03:30.262917   16264 log.go:244] (0x1da02fc32640) (39) Data frame handling
I0815 21:03:30.263455   16264 log.go:244] (0x1da02fc32640) (39) Data frame sent
I0815 21:03:30.263971   16264 log.go:244] (0x1da02f91a580) Data frame received for 39
I0815 21:03:30.264511   16264 log.go:244] (0x1da02fc32640) (39) Data frame handling
I0815 21:03:30.264511   16264 log.go:244] (0x1da02fc32640) (39) Data frame sent
I0815 21:03:30.265116   16264 log.go:244] (0x1da02f91a580) Data frame received for 39
I0815 21:03:30.265631   16264 log.go:244] (0x1da02fc32640) (39) Data frame handling
I0815 21:03:30.266154   16264 log.go:244] (0x1da02fc32640) (39) Data frame sent
I0815 21:03:30.266154   16264 log.go:244] (0x1da02f91a580) Data frame received for 39
I0815 21:03:30.266696   16264 log.go:244] (0x1da02fc32640) (39) Data frame handling
I0815 21:03:30.267250   16264 log.go:244] (0x1da02fc32640) (39) Data frame sent
I0815 21:03:30.267250   16264 log.go:244] (0x1da02f91a580) Data frame received for 39
I0815 21:03:30.267780   16264 log.go:244] (0x1da02fc32640) (39) Data frame handling
I0815 21:03:30.268322   16264 log.go:244] (0x1da02fc32640) (39) Data frame sent
I0815 21:03:30.268914   16264 log.go:244] (0x1da02f91a580) Data frame received for 39
I0815 21:03:30.268914   16264 log.go:244] (0x1da02fc32640) (39) Data frame handling
I0815 21:03:30.269527   16264 log.go:244] (0x1da02fc32640) (39) Data frame sent
I0815 21:03:30.270034   16264 log.go:244] (0x1da02f91a580) Data frame received for 39
I0815 21:03:30.270592   16264 log.go:244] (0x1da02fc32640) (39) Data frame handling
I0815 21:03:30.271115   16264 log.go:244] (0x1da02fc32640) (39) Data frame sent
I0815 21:03:30.271115   16264 log.go:244] (0x1da02f91a580) Data frame received for 39
I0815 21:03:30.271643   16264 log.go:244] (0x1da02fc32640) (39) Data frame handling
I0815 21:03:30.272167   16264 log.go:244] (0x1da02fc32640) (39) Data frame sent
I0815 21:03:30.272167   16264 log.go:244] (0x1da02f91a580) Data frame received for 39
I0815 21:03:30.272746   16264 log.go:244] (0x1da02fc32640) (39) Data frame handling
I0815 21:03:30.273254   16264 log.go:244] (0x1da02fc32640) (39) Data frame sent
I0815 21:03:30.274833   16264 log.go:244] (0x1da02fc32140) (37) Writing data frame
I0815 21:03:30.277728   16264 log.go:244] (0x1da02fc32640) (39) Writing data frame
I0815 21:03:30.280352   16264 log.go:244] (0x1da02f91a580) Data frame received for 37
I0815 21:03:30.280857   16264 log.go:244] (0x1da02fc32140) (37) Data frame handling
I0815 21:03:30.281393   16264 log.go:244] (0x1da02fc32140) (37) Data frame sent
I0815 21:03:30.281935   16264 log.go:244] (0x1da02f91a580) Data frame received for 39
I0815 21:03:30.281935   16264 log.go:244] (0x1da02fc32640) (39) Data frame handling
I0815 21:03:30.282510   16264 log.go:244] (0x1da02fc32640) (39) Data frame sent
I0815 21:03:31.027690   16264 log.go:244] (0x1da02fc32140) (37) Writing data frame
I0815 21:03:31.201390   16264 log.go:244] (0x1da02f91a580) Data frame received for 37
I0815 21:03:31.245733   16264 log.go:244] (0x1da02fc32140) (37) Data frame handling
I0815 21:03:31.245733   16264 log.go:244] (0x1da02fc32140) (37) Data frame sent
I0815 21:03:40.026667   16264 log.go:244] (0x1da02fc32140) (37) Writing data frame
I0815 21:03:40.054128   16264 log.go:244] (0x1da02f91a580) Data frame received for 37
I0815 21:03:40.122855   16264 log.go:244] (0x1da02fc32140) (37) Data frame handling
I0815 21:03:40.165133   16264 log.go:244] (0x1da02fc32140) (37) Data frame sent
I0815 21:03:50.602620   16264 log.go:244] (0x1da02fc32140) (37) Writing data frame
I0815 21:03:50.630545   16264 log.go:244] (0x1da02f91a580) Data frame received for 37
I0815 21:03:50.687463   16264 log.go:244] (0x1da02fc32140) (37) Data frame handling
I0815 21:03:50.808867   16264 log.go:244] (0x1da02fc32140) (37) Data frame sent
I0815 21:04:01.159618   16264 log.go:244] (0x1da02fc32140) (37) Writing data frame
I0815 21:04:01.249236   16264 log.go:244] (0x1da02f91a580) Data frame received for 37
I0815 21:04:01.307372   16264 log.go:244] (0x1da02fc32140) (37) Data frame handling
I0815 21:04:01.339422   16264 log.go:244] (0x1da02fc32140) (37) Data frame sent
I0815 21:04:11.727087   16264 log.go:244] (0x1da02fc32140) (37) Writing data frame
I0815 21:04:11.783931   16264 log.go:244] (0x1da02f91a580) Data frame received for 37
I0815 21:04:11.869836   16264 log.go:244] (0x1da02fc32140) (37) Data frame handling
I0815 21:04:11.958908   16264 log.go:244] (0x1da02fc32140) (37) Data frame sent
I0815 21:04:22.309734   16264 log.go:244] (0x1da02fc32140) (37) Writing data frame
I0815 21:04:22.312857   16264 log.go:244] (0x1da02f91a580) Data frame received for 37
I0815 21:04:22.313363   16264 log.go:244] (0x1da02fc32140) (37) Data frame handling
I0815 21:04:22.313898   16264 log.go:244] (0x1da02fc32140) (37) Data frame sent
I0815 21:04:32.893499   16264 log.go:244] (0x1da02fc32140) (37) Writing data frame
I0815 21:04:32.897715   16264 log.go:244] (0x1da02f91a580) Data frame received for 37
I0815 21:04:32.898219   16264 log.go:244] (0x1da02fc32140) (37) Data frame handling
I0815 21:04:32.898219   16264 log.go:244] (0x1da02fc32140) (37) Data frame sent
I0815 21:04:35.098015   16264 log.go:244] (0x1da02f91a580) Data frame received for 35
I0815 21:04:35.099138   16264 log.go:244] (0x1da02fc32000) (35) Data frame handling
I0815 21:04:35.099138   16264 log.go:244] (0x1da02f91a580) Data frame received for 39
I0815 21:04:35.099701   16264 log.go:244] (0x1da02f91a580) (0x1da02fc32000) Stream removed, broadcasting: 35
I0815 21:04:35.100760   16264 log.go:244] (0x1da02fc32640) (39) Data frame handling
I0815 21:04:35.101310   16264 log.go:244] (0x1da02f91a580) (0x1da02fc32640) Stream removed, broadcasting: 39
I0815 21:04:35.101870   16264 log.go:244] (0x1da02f91a580) (0x1da02fc32640) Stream removed, broadcasting: 39
I0815 21:04:43.495156   16264 log.go:244] (0x1da02fc32140) (37) Writing data frame
I0815 21:04:43.498424   16264 log.go:244] (0x1da02f91a580) Data frame received for 37
I0815 21:04:43.498930   16264 log.go:244] (0x1da02fc32140) (37) Data frame handling
I0815 21:04:43.498930   16264 log.go:244] (0x1da02fc32140) (37) Data frame sent
I0815 21:04:54.105092   16264 log.go:244] (0x1da02fc32140) (37) Writing data frame
I0815 21:04:54.107599   16264 log.go:244] (0x1da02f91a580) Data frame received for 37
I0815 21:04:54.107599   16264 log.go:244] (0x1da02fc32140) (37) Data frame handling
I0815 21:04:54.108104   16264 log.go:244] (0x1da02fc32140) (37) Data frame sent
I0815 21:05:04.704873   16264 log.go:244] (0x1da02fc32140) (37) Writing data frame
I0815 21:05:04.708109   16264 log.go:244] (0x1da02f91a580) Data frame received for 37
I0815 21:05:04.708709   16264 log.go:244] (0x1da02fc32140) (37) Data frame handling
I0815 21:05:04.709215   16264 log.go:244] (0x1da02fc32140) (37) Data frame sent
I0815 21:05:15.285717   16264 log.go:244] (0x1da02fc32140) (37) Writing data frame
I0815 21:05:15.315123   16264 log.go:244] (0x1da02f91a580) Data frame received for 37
I0815 21:05:15.316872   16264 log.go:244] (0x1da02fc32140) (37) Data frame handling
I0815 21:05:15.326336   16264 log.go:244] (0x1da02fc32140) (37) Data frame sent
I0815 21:05:25.858062   16264 log.go:244] (0x1da02fc32140) (37) Writing data frame
I0815 21:05:25.868919   16264 log.go:244] (0x1da02f91a580) Data frame received for 37
I0815 21:05:25.914060   16264 log.go:244] (0x1da02fc32140) (37) Data frame handling
I0815 21:05:25.914176   16264 log.go:244] (0x1da02fc32140) (37) Data frame sent
I0815 21:05:36.434925   16264 log.go:244] (0x1da02fc32140) (37) Writing data frame
I0815 21:05:36.438261   16264 log.go:244] (0x1da02f91a580) Data frame received for 37
I0815 21:05:36.438820   16264 log.go:244] (0x1da02fc32140) (37) Data frame handling
I0815 21:05:36.438820   16264 log.go:244] (0x1da02fc32140) (37) Data frame sent
I0815 21:05:46.576195   16264 log.go:244] (0x1da02fc32140) (37) Writing data frame
I0815 21:05:46.580236   16264 log.go:244] (0x1da02f91a580) Data frame received for 37
I0815 21:05:46.580768   16264 log.go:244] (0x1da02fc32140) (37) Data frame handling
I0815 21:05:46.580768   16264 log.go:244] (0x1da02fc32140) (37) Data frame sent
I0815 21:05:57.096259   16264 log.go:244] (0x1da02fc32140) (37) Writing data frame
I0815 21:05:57.099071   16264 log.go:244] (0x1da02f91a580) Data frame received for 37
I0815 21:05:57.100077   16264 log.go:244] (0x1da02fc32140) (37) Data frame handling
I0815 21:05:57.100582   16264 log.go:244] (0x1da02fc32140) (37) Data frame sent
I0815 21:06:07.687433   16264 log.go:244] (0x1da02fc32140) (37) Writing data frame
I0815 21:06:07.690076   16264 log.go:244] (0x1da02f91a580) Data frame received for 37
I0815 21:06:07.690583   16264 log.go:244] (0x1da02fc32140) (37) Data frame handling
I0815 21:06:07.690583   16264 log.go:244] (0x1da02fc32140) (37) Data frame sent
I0815 21:06:18.272481   16264 log.go:244] (0x1da02fc32140) (37) Writing data frame
I0815 21:06:18.511116   16264 log.go:244] (0x1da02f91a580) Data frame received for 37
I0815 21:06:18.648599   16264 log.go:244] (0x1da02fc32140) (37) Data frame handling
I0815 21:06:18.741006   16264 log.go:244] (0x1da02fc32140) (37) Data frame sent
I0815 21:06:28.817033   16264 log.go:244] (0x1da02fc32140) (37) Writing data frame
I0815 21:06:28.819921   16264 log.go:244] (0x1da02f91a580) Data frame received for 37
I0815 21:06:28.819921   16264 log.go:244] (0x1da02fc32140) (37) Data frame handling
I0815 21:06:28.820426   16264 log.go:244] (0x1da02fc32140) (37) Data frame sent
I0815 21:06:39.080411   16264 log.go:244] (0x1da02fc32140) (37) Writing data frame
I0815 21:06:39.129810   16264 log.go:244] (0x1da02f91a580) Data frame received for 37
I0815 21:06:39.164950   16264 log.go:244] (0x1da02fc32140) (37) Data frame handling
I0815 21:06:39.165847   16264 log.go:244] (0x1da02fc32140) (37) Data frame sent
I0815 21:06:49.210882   16264 log.go:244] (0x1da02fc32140) (37) Writing data frame
I0815 21:06:49.214060   16264 log.go:244] (0x1da02f91a580) Data frame received for 37
I0815 21:06:49.214599   16264 log.go:244] (0x1da02fc32140) (37) Data frame handling
I0815 21:06:49.214599   16264 log.go:244] (0x1da02fc32140) (37) Data frame sent
I0815 21:06:59.809562   16264 log.go:244] (0x1da02fc32140) (37) Writing data frame
I0815 21:06:59.839742   16264 log.go:244] (0x1da02f91a580) Data frame received for 37
I0815 21:06:59.840250   16264 log.go:244] (0x1da02fc32140) (37) Data frame handling
I0815 21:06:59.840250   16264 log.go:244] (0x1da02fc32140) (37) Data frame sent
I0815 21:07:09.990977   16264 log.go:244] (0x1da02fc32140) (37) Writing data frame
I0815 21:07:09.997255   16264 log.go:244] (0x1da02f91a580) Data frame received for 37
I0815 21:07:09.997764   16264 log.go:244] (0x1da02fc32140) (37) Data frame handling
I0815 21:07:09.997764   16264 log.go:244] (0x1da02fc32140) (37) Data frame sent
I0815 21:07:20.591272   16264 log.go:244] (0x1da02fc32140) (37) Writing data frame
I0815 21:07:20.594518   16264 log.go:244] (0x1da02f91a580) Data frame received for 37
I0815 21:07:20.673462   16264 log.go:244] (0x1da02fc32140) (37) Data frame handling
I0815 21:07:20.706955   16264 log.go:244] (0x1da02fc32140) (37) Data frame sent
I0815 21:07:31.323647   16264 log.go:244] (0x1da02fc32140) (37) Writing data frame
I0815 21:07:31.326868   16264 log.go:244] (0x1da02f91a580) Data frame received for 37
I0815 21:07:31.327410   16264 log.go:244] (0x1da02fc32140) (37) Data frame handling
I0815 21:07:31.327410   16264 log.go:244] (0x1da02fc32140) (37) Data frame sent
I0815 21:07:34.115631   16264 log.go:244] (0x1da02f91a580) (0x1da02fc32000) Create stream
I0815 21:07:34.116162   16264 log.go:244] (0x1da02f91a580) (0x1da02fc32000) Stream added, broadcasting: 41
I0815 21:07:34.118225   16264 log.go:244] (0x1da02f91a580) Reply frame received for 41
I0815 21:07:34.118225   16264 log.go:244] (0x1da02fc32000) (41) Writing data frame
I0815 21:07:34.119225   16264 log.go:244] (0x1da02f91a580) (0x1da02f8b60a0) Create stream
I0815 21:07:34.119225   16264 log.go:244] (0x1da02f91a580) (0x1da02f8b60a0) Stream added, broadcasting: 43
I0815 21:07:34.121328   16264 log.go:244] (0x1da02f91a580) Reply frame received for 43
I0815 21:07:34.121861   16264 log.go:244] (0x1da02f8b60a0) (43) Writing data frame
I0815 21:07:41.409289   16264 log.go:244] (0x1da02fc32140) (37) Writing data frame
I0815 21:07:41.420373   16264 log.go:244] (0x1da02f91a580) Data frame received for 37
I0815 21:07:41.511884   16264 log.go:244] (0x1da02fc32140) (37) Data frame handling
I0815 21:07:41.525568   16264 log.go:244] (0x1da02fc32140) (37) Data frame sent
I0815 21:07:43.211206   16264 log.go:244] (0x1da02f91a580) Data frame received for 43
I0815 21:07:43.222648   16264 log.go:244] (0x1da02f8b60a0) (43) Data frame handling
I0815 21:07:43.222648   16264 log.go:244] (0x1da02f8b60a0) (43) Data frame sent
E0815 21:07:43.304958   16264 portforward.go:502] "Unhandled Error" err="error copying from local connection to remote stream: writeto tcp6 [::1]:8080->[::1]:62573: read tcp6 [::1]:8080->[::1]:62573: wsarecv: An existing connection was forcibly closed by the remote host."
I0815 21:07:43.389341   16264 log.go:244] (0x1da02f8b60a0) (43) Writing data frame
I0815 21:07:43.439207   16264 log.go:244] (0x1da02f91a580) (0x1da02f8b60a0) Stream removed, broadcasting: 43
I0815 21:07:43.442329   16264 log.go:244] (0x1da02f91a580) Data frame received for 43
I0815 21:07:43.442837   16264 log.go:244] (0x1da02f91a580) Data frame gone away for 43
I0815 21:07:43.442837   16264 log.go:244] (0x1da02f91a580) Data frame received for 41
I0815 21:07:43.443365   16264 log.go:244] (0x1da02fc32000) (41) Data frame handling
I0815 21:07:43.443365   16264 log.go:244] (0x1da02f91a580) (0x1da02fc32000) Stream removed, broadcasting: 41
I0815 21:07:51.488842   16264 log.go:244] (0x1da02fc32140) (37) Writing data frame
I0815 21:07:51.496033   16264 log.go:244] (0x1da02f91a580) Data frame received for 37
I0815 21:07:51.497037   16264 log.go:244] (0x1da02fc32140) (37) Data frame handling
I0815 21:07:51.497543   16264 log.go:244] (0x1da02fc32140) (37) Data frame sent
I0815 21:08:02.090460   16264 log.go:244] (0x1da02fc32140) (37) Writing data frame
I0815 21:08:02.117924   16264 log.go:244] (0x1da02f91a580) Data frame received for 37
I0815 21:08:02.118433   16264 log.go:244] (0x1da02fc32140) (37) Data frame handling
I0815 21:08:02.118433   16264 log.go:244] (0x1da02fc32140) (37) Data frame sent
I0815 21:08:12.679437   16264 log.go:244] (0x1da02fc32140) (37) Writing data frame
I0815 21:08:12.682136   16264 log.go:244] (0x1da02f91a580) Data frame received for 37
I0815 21:08:12.682643   16264 log.go:244] (0x1da02fc32140) (37) Data frame handling
I0815 21:08:12.682643   16264 log.go:244] (0x1da02fc32140) (37) Data frame sent
I0815 21:08:23.276506   16264 log.go:244] (0x1da02fc32140) (37) Writing data frame
I0815 21:08:23.293451   16264 log.go:244] (0x1da02f91a580) Data frame received for 37
I0815 21:08:23.310249   16264 log.go:244] (0x1da02fc32140) (37) Data frame handling
I0815 21:08:23.310249   16264 log.go:244] (0x1da02fc32140) (37) Data frame sent
I0815 21:08:33.883155   16264 log.go:244] (0x1da02fc32140) (37) Writing data frame
I0815 21:08:33.904139   16264 log.go:244] (0x1da02f91a580) Data frame received for 37
I0815 21:08:33.955685   16264 log.go:244] (0x1da02fc32140) (37) Data frame handling
I0815 21:08:33.955782   16264 log.go:244] (0x1da02fc32140) (37) Data frame sent
I0815 21:08:44.478953   16264 log.go:244] (0x1da02fc32140) (37) Writing data frame
I0815 21:08:44.511578   16264 log.go:244] (0x1da02f91a580) Data frame received for 37
I0815 21:08:44.566914   16264 log.go:244] (0x1da02fc32140) (37) Data frame handling
I0815 21:08:44.610188   16264 log.go:244] (0x1da02fc32140) (37) Data frame sent
I0815 21:08:55.039324   16264 log.go:244] (0x1da02fc32140) (37) Writing data frame
I0815 21:08:55.042158   16264 log.go:244] (0x1da02f91a580) Data frame received for 37
I0815 21:08:55.042158   16264 log.go:244] (0x1da02fc32140) (37) Data frame handling
I0815 21:08:55.042664   16264 log.go:244] (0x1da02fc32140) (37) Data frame sent
I0815 21:09:05.624293   16264 log.go:244] (0x1da02fc32140) (37) Writing data frame
I0815 21:09:05.628406   16264 log.go:244] (0x1da02f91a580) Data frame received for 37
I0815 21:09:05.628406   16264 log.go:244] (0x1da02fc32140) (37) Data frame handling
I0815 21:09:05.628939   16264 log.go:244] (0x1da02fc32140) (37) Data frame sent
I0815 21:09:16.229924   16264 log.go:244] (0x1da02fc32140) (37) Writing data frame
I0815 21:09:16.251375   16264 log.go:244] (0x1da02f91a580) Data frame received for 37
I0815 21:09:16.265890   16264 log.go:244] (0x1da02fc32140) (37) Data frame handling
I0815 21:09:16.265890   16264 log.go:244] (0x1da02fc32140) (37) Data frame sent
I0815 21:09:26.813466   16264 log.go:244] (0x1da02fc32140) (37) Writing data frame
I0815 21:09:26.818159   16264 log.go:244] (0x1da02f91a580) Data frame received for 37
I0815 21:09:26.828204   16264 log.go:244] (0x1da02fc32140) (37) Data frame handling
I0815 21:09:26.828204   16264 log.go:244] (0x1da02fc32140) (37) Data frame sent
I0815 21:09:37.408890   16264 log.go:244] (0x1da02fc32140) (37) Writing data frame
I0815 21:09:37.487381   16264 log.go:244] (0x1da02f91a580) Data frame received for 37
I0815 21:09:37.488377   16264 log.go:244] (0x1da02fc32140) (37) Data frame handling
I0815 21:09:37.488884   16264 log.go:244] (0x1da02fc32140) (37) Data frame sent
I0815 21:09:47.993323   16264 log.go:244] (0x1da02fc32140) (37) Writing data frame
I0815 21:09:47.995777   16264 log.go:244] (0x1da02f91a580) Data frame received for 37
I0815 21:09:47.995777   16264 log.go:244] (0x1da02fc32140) (37) Data frame handling
I0815 21:09:47.996284   16264 log.go:244] (0x1da02fc32140) (37) Data frame sent
I0815 21:09:58.586800   16264 log.go:244] (0x1da02fc32140) (37) Writing data frame
I0815 21:09:58.618358   16264 log.go:244] (0x1da02f91a580) Data frame received for 37
I0815 21:09:58.618864   16264 log.go:244] (0x1da02fc32140) (37) Data frame handling
I0815 21:09:58.618864   16264 log.go:244] (0x1da02fc32140) (37) Data frame sent
I0815 21:10:09.179234   16264 log.go:244] (0x1da02fc32140) (37) Writing data frame
I0815 21:10:09.185222   16264 log.go:244] (0x1da02f91a580) Data frame received for 37
I0815 21:10:09.185222   16264 log.go:244] (0x1da02fc32140) (37) Data frame handling
I0815 21:10:09.185727   16264 log.go:244] (0x1da02fc32140) (37) Data frame sent
I0815 21:10:19.772135   16264 log.go:244] (0x1da02fc32140) (37) Writing data frame
I0815 21:10:19.930271   16264 log.go:244] (0x1da02f91a580) Data frame received for 37
I0815 21:10:20.081743   16264 log.go:244] (0x1da02fc32140) (37) Data frame handling
I0815 21:10:20.085442   16264 log.go:244] (0x1da02fc32140) (37) Data frame sent
I0815 21:10:30.330251   16264 log.go:244] (0x1da02fc32140) (37) Writing data frame
I0815 21:10:30.427179   16264 log.go:244] (0x1da02f91a580) Data frame received for 37
I0815 21:10:30.493679   16264 log.go:244] (0x1da02fc32140) (37) Data frame handling
I0815 21:10:30.513861   16264 log.go:244] (0x1da02fc32140) (37) Data frame sent
I0815 21:10:40.907233   16264 log.go:244] (0x1da02fc32140) (37) Writing data frame
I0815 21:10:40.931582   16264 log.go:244] (0x1da02f91a580) Data frame received for 37
I0815 21:10:40.972620   16264 log.go:244] (0x1da02fc32140) (37) Data frame handling
I0815 21:10:41.024624   16264 log.go:244] (0x1da02fc32140) (37) Data frame sent
I0815 21:10:51.510183   16264 log.go:244] (0x1da02fc32140) (37) Writing data frame
I0815 21:10:51.561285   16264 log.go:244] (0x1da02f91a580) Data frame received for 37
I0815 21:10:51.726103   16264 log.go:244] (0x1da02fc32140) (37) Data frame handling
I0815 21:10:51.790630   16264 log.go:244] (0x1da02fc32140) (37) Data frame sent
I0815 21:11:02.080223   16264 log.go:244] (0x1da02fc32140) (37) Writing data frame
I0815 21:11:02.126281   16264 log.go:244] (0x1da02f91a580) Data frame received for 37
I0815 21:11:02.127283   16264 log.go:244] (0x1da02fc32140) (37) Data frame handling
I0815 21:11:02.127789   16264 log.go:244] (0x1da02fc32140) (37) Data frame sent
I0815 21:11:12.671451   16264 log.go:244] (0x1da02fc32140) (37) Writing data frame
I0815 21:11:12.841269   16264 log.go:244] (0x1da02f91a580) Data frame received for 37
I0815 21:11:12.966070   16264 log.go:244] (0x1da02fc32140) (37) Data frame handling
I0815 21:11:13.069877   16264 log.go:244] (0x1da02fc32140) (37) Data frame sent
I0815 21:11:23.222726   16264 log.go:244] (0x1da02fc32140) (37) Writing data frame
I0815 21:11:23.323676   16264 log.go:244] (0x1da02f91a580) Data frame received for 37
I0815 21:11:23.421278   16264 log.go:244] (0x1da02fc32140) (37) Data frame handling
I0815 21:11:23.633384   16264 log.go:244] (0x1da02fc32140) (37) Data frame sent
I0815 21:11:33.829339   16264 log.go:244] (0x1da02fc32140) (37) Writing data frame
I0815 21:11:34.091623   16264 log.go:244] (0x1da02f91a580) Data frame received for 37
I0815 21:11:34.124077   16264 log.go:244] (0x1da02fc32140) (37) Data frame handling
I0815 21:11:34.210577   16264 log.go:244] (0x1da02fc32140) (37) Data frame sent
I0815 21:11:44.303468   16264 log.go:244] (0x1da02fc32140) (37) Writing data frame
I0815 21:11:46.620323   16264 log.go:244] (0x1da02f91a580) Data frame received for 37
I0815 21:11:46.635321   16264 log.go:244] (0x1da02fc32140) (37) Data frame handling
I0815 21:11:46.635321   16264 log.go:244] (0x1da02fc32140) (37) Data frame sent
I0815 21:11:54.605963   16264 log.go:244] (0x1da02fc32140) (37) Writing data frame
I0815 21:11:54.927208   16264 log.go:244] (0x1da02f91a580) Data frame received for 37
I0815 21:11:55.106105   16264 log.go:244] (0x1da02fc32140) (37) Data frame handling
I0815 21:11:55.194979   16264 log.go:244] (0x1da02fc32140) (37) Data frame sent
I0815 21:12:05.124670   16264 log.go:244] (0x1da02fc32140) (37) Writing data frame
I0815 21:12:05.212032   16264 log.go:244] (0x1da02f91a580) Data frame received for 37
I0815 21:12:05.273958   16264 log.go:244] (0x1da02fc32140) (37) Data frame handling
I0815 21:12:05.351655   16264 log.go:244] (0x1da02fc32140) (37) Data frame sent
I0815 21:12:09.707416   16264 log.go:244] (0x1da02f91a580) (0x1da02f8b60a0) Create stream
I0815 21:12:09.775458   16264 log.go:244] (0x1da02f91a580) (0x1da02f8b60a0) Stream added, broadcasting: 45
I0815 21:12:09.832037   16264 log.go:244] (0x1da02f91a580) Reply frame received for 45
I0815 21:12:09.907838   16264 log.go:244] (0x1da02f8b60a0) (45) Writing data frame
I0815 21:12:09.940707   16264 log.go:244] (0x1da02f91a580) (0x1da02fc32000) Create stream
I0815 21:12:09.983786   16264 log.go:244] (0x1da02f91a580) (0x1da02fc32000) Stream added, broadcasting: 47
I0815 21:12:09.988287   16264 log.go:244] (0x1da02f91a580) Reply frame received for 47
I0815 21:12:10.152122   16264 log.go:244] (0x1da02fc32000) (47) Writing data frame
I0815 21:12:14.280089   16264 log.go:244] (0x1da02f91a580) Data frame received for 47
I0815 21:12:14.373737   16264 log.go:244] (0x1da02fc32000) (47) Data frame handling
I0815 21:12:14.494856   16264 log.go:244] (0x1da02fc32000) (47) Data frame sent
E0815 21:12:14.510680   16264 portforward.go:502] "Unhandled Error" err="error copying from local connection to remote stream: writeto tcp6 [::1]:8080->[::1]:55929: read tcp6 [::1]:8080->[::1]:55929: wsarecv: An existing connection was forcibly closed by the remote host."
I0815 21:12:14.889293   16264 log.go:244] (0x1da02fc32000) (47) Writing data frame
I0815 21:12:15.026347   16264 log.go:244] (0x1da02f91a580) (0x1da02fc32000) Stream removed, broadcasting: 47
I0815 21:12:15.118072   16264 log.go:244] (0x1da02f91a580) Data frame received for 45
I0815 21:12:15.275142   16264 log.go:244] (0x1da02f91a580) Data frame received for 47
I0815 21:12:15.351626   16264 log.go:244] (0x1da02f8b60a0) (45) Data frame handling
I0815 21:12:15.452897   16264 log.go:244] (0x1da02f91a580) Data frame gone away for 47
I0815 21:12:15.573467   16264 log.go:244] (0x1da02f91a580) (0x1da02f8b60a0) Stream removed, broadcasting: 45
I0815 21:12:15.728567   16264 log.go:244] (0x1da02fc32140) (37) Writing data frame
I0815 21:12:16.040535   16264 log.go:244] (0x1da02f91a580) Data frame received for 37
I0815 21:12:16.155524   16264 log.go:244] (0x1da02fc32140) (37) Data frame handling
I0815 21:12:16.239799   16264 log.go:244] (0x1da02fc32140) (37) Data frame sent
I0815 21:12:26.232384   16264 log.go:244] (0x1da02fc32140) (37) Writing data frame
I0815 21:12:26.421686   16264 log.go:244] (0x1da02f91a580) Data frame received for 37
I0815 21:12:26.437910   16264 log.go:244] (0x1da02fc32140) (37) Data frame handling
I0815 21:12:26.437910   16264 log.go:244] (0x1da02fc32140) (37) Data frame sent
I0815 21:12:36.761582   16264 log.go:244] (0x1da02fc32140) (37) Writing data frame
I0815 21:12:36.764954   16264 log.go:244] (0x1da02f91a580) Data frame received for 37
I0815 21:12:36.765462   16264 log.go:244] (0x1da02fc32140) (37) Data frame handling
I0815 21:12:36.765994   16264 log.go:244] (0x1da02fc32140) (37) Data frame sent
I0815 21:12:47.349502   16264 log.go:244] (0x1da02fc32140) (37) Writing data frame
I0815 21:12:47.380647   16264 log.go:244] (0x1da02f91a580) Data frame received for 37
I0815 21:12:47.417516   16264 log.go:244] (0x1da02fc32140) (37) Data frame handling
I0815 21:12:47.459756   16264 log.go:244] (0x1da02fc32140) (37) Data frame sent
I0815 21:12:57.953934   16264 log.go:244] (0x1da02fc32140) (37) Writing data frame
I0815 21:12:57.957326   16264 log.go:244] (0x1da02f91a580) Data frame received for 37
I0815 21:12:57.957837   16264 log.go:244] (0x1da02fc32140) (37) Data frame handling
I0815 21:12:57.958357   16264 log.go:244] (0x1da02fc32140) (37) Data frame sent
I0815 21:13:08.539591   16264 log.go:244] (0x1da02fc32140) (37) Writing data frame
I0815 21:13:08.565795   16264 log.go:244] (0x1da02f91a580) Data frame received for 37
I0815 21:13:08.601486   16264 log.go:244] (0x1da02fc32140) (37) Data frame handling
I0815 21:13:08.633555   16264 log.go:244] (0x1da02fc32140) (37) Data frame sent
I0815 21:13:19.125765   16264 log.go:244] (0x1da02fc32140) (37) Writing data frame
I0815 21:13:19.128981   16264 log.go:244] (0x1da02f91a580) Data frame received for 37
I0815 21:13:19.129515   16264 log.go:244] (0x1da02fc32140) (37) Data frame handling
I0815 21:13:19.130060   16264 log.go:244] (0x1da02fc32140) (37) Data frame sent
I0815 21:13:29.722838   16264 log.go:244] (0x1da02fc32140) (37) Writing data frame
I0815 21:13:29.727402   16264 log.go:244] (0x1da02f91a580) Data frame received for 37
I0815 21:13:29.727920   16264 log.go:244] (0x1da02fc32140) (37) Data frame handling
I0815 21:13:29.727920   16264 log.go:244] (0x1da02fc32140) (37) Data frame sent
I0815 21:13:40.302031   16264 log.go:244] (0x1da02fc32140) (37) Writing data frame
I0815 21:13:40.305287   16264 log.go:244] (0x1da02f91a580) Data frame received for 37
I0815 21:13:40.306884   16264 log.go:244] (0x1da02fc32140) (37) Data frame handling
I0815 21:13:40.306884   16264 log.go:244] (0x1da02fc32140) (37) Data frame sent
I0815 21:13:50.891473   16264 log.go:244] (0x1da02fc32140) (37) Writing data frame
I0815 21:13:50.894457   16264 log.go:244] (0x1da02f91a580) Data frame received for 37
I0815 21:13:50.913840   16264 log.go:244] (0x1da02fc32140) (37) Data frame handling
I0815 21:13:50.914249   16264 log.go:244] (0x1da02fc32140) (37) Data frame sent
I0815 21:14:01.489114   16264 log.go:244] (0x1da02fc32140) (37) Writing data frame
I0815 21:14:01.491782   16264 log.go:244] (0x1da02f91a580) Data frame received for 37
I0815 21:14:01.492313   16264 log.go:244] (0x1da02fc32140) (37) Data frame handling
I0815 21:14:01.492313   16264 log.go:244] (0x1da02fc32140) (37) Data frame sent
I0815 21:14:12.073185   16264 log.go:244] (0x1da02fc32140) (37) Writing data frame
I0815 21:14:12.076184   16264 log.go:244] (0x1da02f91a580) Data frame received for 37
I0815 21:14:12.076693   16264 log.go:244] (0x1da02fc32140) (37) Data frame handling
I0815 21:14:12.077231   16264 log.go:244] (0x1da02fc32140) (37) Data frame sent
I0815 21:14:22.664637   16264 log.go:244] (0x1da02fc32140) (37) Writing data frame
I0815 21:14:22.708730   16264 log.go:244] (0x1da02f91a580) Data frame received for 37
I0815 21:14:22.709236   16264 log.go:244] (0x1da02fc32140) (37) Data frame handling
I0815 21:14:22.709236   16264 log.go:244] (0x1da02fc32140) (37) Data frame sent
I0815 21:14:33.265071   16264 log.go:244] (0x1da02fc32140) (37) Writing data frame
I0815 21:14:33.311934   16264 log.go:244] (0x1da02f91a580) Data frame received for 37
I0815 21:14:33.312441   16264 log.go:244] (0x1da02fc32140) (37) Data frame handling
I0815 21:14:33.312441   16264 log.go:244] (0x1da02fc32140) (37) Data frame sent
I0815 21:14:43.844547   16264 log.go:244] (0x1da02fc32140) (37) Writing data frame
I0815 21:14:43.847729   16264 log.go:244] (0x1da02f91a580) Data frame received for 37
I0815 21:14:43.848239   16264 log.go:244] (0x1da02fc32140) (37) Data frame handling
I0815 21:14:43.848239   16264 log.go:244] (0x1da02fc32140) (37) Data frame sent
I0815 21:14:54.445587   16264 log.go:244] (0x1da02fc32140) (37) Writing data frame
I0815 21:14:54.464312   16264 log.go:244] (0x1da02f91a580) Data frame received for 37
I0815 21:14:54.497599   16264 log.go:244] (0x1da02fc32140) (37) Data frame handling
I0815 21:14:54.497599   16264 log.go:244] (0x1da02fc32140) (37) Data frame sent
I0815 21:15:05.043750   16264 log.go:244] (0x1da02fc32140) (37) Writing data frame
I0815 21:15:05.048211   16264 log.go:244] (0x1da02f91a580) Data frame received for 37
I0815 21:15:05.048758   16264 log.go:244] (0x1da02fc32140) (37) Data frame handling
I0815 21:15:05.048758   16264 log.go:244] (0x1da02fc32140) (37) Data frame sent
I0815 21:15:15.655101   16264 log.go:244] (0x1da02fc32140) (37) Writing data frame
I0815 21:15:15.789056   16264 log.go:244] (0x1da02f91a580) Data frame received for 37
I0815 21:15:15.911279   16264 log.go:244] (0x1da02fc32140) (37) Data frame handling
I0815 21:15:15.938280   16264 log.go:244] (0x1da02fc32140) (37) Data frame sent
I0815 21:15:26.216021   16264 log.go:244] (0x1da02fc32140) (37) Writing data frame
I0815 21:15:26.218865   16264 log.go:244] (0x1da02f91a580) Data frame received for 37
I0815 21:15:26.219374   16264 log.go:244] (0x1da02fc32140) (37) Data frame handling
I0815 21:15:26.219924   16264 log.go:244] (0x1da02fc32140) (37) Data frame sent
I0815 21:15:36.810058   16264 log.go:244] (0x1da02fc32140) (37) Writing data frame
I0815 21:15:36.848222   16264 log.go:244] (0x1da02f91a580) Data frame received for 37
I0815 21:15:36.862448   16264 log.go:244] (0x1da02fc32140) (37) Data frame handling
I0815 21:15:36.925946   16264 log.go:244] (0x1da02fc32140) (37) Data frame sent
I0815 21:15:47.417292   16264 log.go:244] (0x1da02fc32140) (37) Writing data frame
I0815 21:15:47.436756   16264 log.go:244] (0x1da02f91a580) Data frame received for 37
I0815 21:15:47.437263   16264 log.go:244] (0x1da02fc32140) (37) Data frame handling
I0815 21:15:47.437263   16264 log.go:244] (0x1da02fc32140) (37) Data frame sent
I0815 21:15:58.016700   16264 log.go:244] (0x1da02fc32140) (37) Writing data frame
I0815 21:15:58.297834   16264 log.go:244] (0x1da02f91a580) Data frame received for 37
I0815 21:15:58.411285   16264 log.go:244] (0x1da02fc32140) (37) Data frame handling
I0815 21:15:58.437915   16264 log.go:244] (0x1da02fc32140) (37) Data frame sent
I0815 21:16:08.545502   16264 log.go:244] (0x1da02fc32140) (37) Writing data frame
I0815 21:16:08.575612   16264 log.go:244] (0x1da02f91a580) Data frame received for 37
I0815 21:16:08.584669   16264 log.go:244] (0x1da02fc32140) (37) Data frame handling
I0815 21:16:08.614120   16264 log.go:244] (0x1da02fc32140) (37) Data frame sent
I0815 21:16:19.142448   16264 log.go:244] (0x1da02fc32140) (37) Writing data frame
I0815 21:16:19.951511   16264 log.go:244] (0x1da02f91a580) Data frame received for 37
I0815 21:16:19.958943   16264 log.go:244] (0x1da02fc32140) (37) Data frame handling
I0815 21:16:19.961662   16264 log.go:244] (0x1da02fc32140) (37) Data frame sent
I0815 21:16:29.618446   16264 log.go:244] (0x1da02fc32140) (37) Writing data frame
I0815 21:16:29.863159   16264 log.go:244] (0x1da02f91a580) Data frame received for 37
I0815 21:16:29.872738   16264 log.go:244] (0x1da02fc32140) (37) Data frame handling
I0815 21:16:29.877380   16264 log.go:244] (0x1da02fc32140) (37) Data frame sent
I0815 21:16:40.187971   16264 log.go:244] (0x1da02fc32140) (37) Writing data frame
I0815 21:16:40.869788   16264 log.go:244] (0x1da02f91a580) Data frame received for 37
I0815 21:16:41.033798   16264 log.go:244] (0x1da02fc32140) (37) Data frame handling
I0815 21:16:41.033798   16264 log.go:244] (0x1da02fc32140) (37) Data frame sent
I0815 21:16:50.674565   16264 log.go:244] (0x1da02fc32140) (37) Writing data frame
I0815 21:16:50.736741   16264 log.go:244] (0x1da02f91a580) Data frame received for 37
I0815 21:16:50.757362   16264 log.go:244] (0x1da02fc32140) (37) Data frame handling
I0815 21:16:50.877115   16264 log.go:244] (0x1da02fc32140) (37) Data frame sent
I0815 21:16:54.098514   16264 log.go:244] (0x1da02fc32140) (37) Writing data frame
I0815 21:16:54.509983   16264 log.go:244] (0x1da02f91a580) (0x1da02f8b60a0) Create stream
I0815 21:16:54.761415   16264 log.go:244] (0x1da02f91a580) (0x1da02f8b60a0) Stream added, broadcasting: 49
I0815 21:16:54.930620   16264 log.go:244] (0x1da02f91a580) Reply frame received for 49
I0815 21:16:54.934372   16264 log.go:244] (0x1da02f8b60a0) (49) Writing data frame
I0815 21:16:54.934908   16264 log.go:244] (0x1da02f91a580) (0x1da02fc32000) Create stream
I0815 21:16:54.939172   16264 log.go:244] (0x1da02f91a580) (0x1da02fc32000) Stream added, broadcasting: 51
I0815 21:16:54.941303   16264 log.go:244] (0x1da02f91a580) Reply frame received for 51
I0815 21:16:54.949395   16264 log.go:244] (0x1da02fc32000) (51) Writing data frame
I0815 21:16:57.242733   16264 log.go:244] (0x1da02f91a580) Data frame received for 51
I0815 21:16:57.353078   16264 log.go:244] (0x1da02fc32000) (51) Data frame handling
I0815 21:16:57.371634   16264 log.go:244] (0x1da02fc32000) (51) Data frame sent
I0815 21:17:01.297916   16264 log.go:244] (0x1da02f91a580) (0x1da02f8b6140) Create stream
I0815 21:17:01.353563   16264 log.go:244] (0x1da02f91a580) (0x1da02f8b6140) Stream added, broadcasting: 53
I0815 21:17:02.493196   16264 log.go:244] (0x1da02f91a580) Reply frame received for 53
I0815 21:17:02.689277   16264 log.go:244] (0x1da02f8b6140) (53) Writing data frame
I0815 21:17:02.707171   16264 log.go:244] (0x1da02f91a580) (0x1da02f8b61e0) Create stream
I0815 21:17:02.721765   16264 log.go:244] (0x1da02f91a580) (0x1da02f8b61e0) Stream added, broadcasting: 55
I0815 21:17:02.793718   16264 log.go:244] (0x1da02f91a580) Reply frame received for 55
I0815 21:17:03.104821   16264 log.go:244] (0x1da02f8b61e0) (55) Writing data frame
I0815 21:17:03.178170   16264 log.go:244] (0x1da02f8b61e0) (55) Writing data frame
I0815 21:17:03.385155   16264 log.go:244] (0x1da02f91a580) Data frame received for 55
I0815 21:17:03.686297   16264 log.go:244] (0x1da02f91a580) Data frame received for 53
I0815 21:17:03.718279   16264 log.go:244] (0x1da02f8b61e0) (55) Data frame handling
I0815 21:17:03.868557   16264 log.go:244] (0x1da02f8b61e0) (55) Data frame sent
I0815 21:17:03.987339   16264 log.go:244] (0x1da02f8b6140) (53) Data frame handling
I0815 21:17:04.002826   16264 log.go:244] (0x1da02f91a580) Data frame received for 55
I0815 21:17:04.015877   16264 log.go:244] (0x1da02f91a580) (0x1da02f8b6140) Stream removed, broadcasting: 53
I0815 21:17:04.016383   16264 log.go:244] (0x1da02f8b61e0) (55) Data frame handling
I0815 21:17:04.016442   16264 log.go:244] (0x1da02f91a580) (0x1da02f8b61e0) Stream removed, broadcasting: 55
I0815 21:17:04.016947   16264 log.go:244] (0x1da02f91a580) (0x1da02f8b61e0) Stream removed, broadcasting: 55
I0815 21:17:11.275194   16264 log.go:244] (0x1da02f91a580) (0x1da02f8b6280) Create stream
I0815 21:17:11.354474   16264 log.go:244] (0x1da02f91a580) (0x1da02f8b6280) Stream added, broadcasting: 57
I0815 21:17:11.523083   16264 log.go:244] (0x1da02f91a580) Reply frame received for 57
I0815 21:17:11.631548   16264 log.go:244] (0x1da02f8b6280) (57) Writing data frame
I0815 21:17:11.741374   16264 log.go:244] (0x1da02f91a580) (0x1da02f8b6320) Create stream
I0815 21:17:11.873431   16264 log.go:244] (0x1da02f91a580) (0x1da02f8b6320) Stream added, broadcasting: 59
I0815 21:17:12.020610   16264 log.go:244] (0x1da02f91a580) Reply frame received for 59
I0815 21:17:12.109693   16264 log.go:244] (0x1da02f8b6320) (59) Writing data frame
I0815 21:17:12.193368   16264 log.go:244] (0x1da02f91a580) Data frame received for 59
I0815 21:17:12.441670   16264 log.go:244] (0x1da02f8b6320) (59) Data frame handling
I0815 21:17:12.499172   16264 log.go:244] (0x1da02f8b6320) (59) Data frame sent
I0815 21:17:21.335371   16264 log.go:244] (0x1da02f8b6320) (59) Writing data frame
I0815 21:17:21.402626   16264 log.go:244] (0x1da02f91a580) Data frame received for 59
I0815 21:17:21.630868   16264 log.go:244] (0x1da02f8b6320) (59) Data frame handling
I0815 21:17:21.708629   16264 log.go:244] (0x1da02f8b6320) (59) Data frame sent
I0815 21:17:29.109023   16264 log.go:244] (0x1da02f91a580) Data frame received for 37
I0815 21:17:29.151977   16264 log.go:244] (0x1da02fc32140) (37) Data frame handling
I0815 21:17:29.209176   16264 log.go:244] (0x1da02fc32140) (37) Data frame sent
I0815 21:17:31.331267   16264 log.go:244] (0x1da02fc32140) (37) Writing data frame
I0815 21:17:31.585024   16264 log.go:244] (0x1da02f91a580) Data frame received for 37
I0815 21:17:31.739680   16264 log.go:244] (0x1da02fc32140) (37) Data frame handling
I0815 21:17:31.808066   16264 log.go:244] (0x1da02fc32140) (37) Data frame sent
I0815 21:17:41.388628   16264 log.go:244] (0x1da02fc32140) (37) Writing data frame
I0815 21:17:41.477867   16264 log.go:244] (0x1da02f91a580) Data frame received for 37
I0815 21:17:41.539261   16264 log.go:244] (0x1da02fc32140) (37) Data frame handling
I0815 21:17:41.735854   16264 log.go:244] (0x1da02fc32140) (37) Data frame sent
I0815 21:17:51.948654   16264 log.go:244] (0x1da02fc32140) (37) Writing data frame
I0815 21:17:51.951840   16264 log.go:244] (0x1da02f91a580) Data frame received for 37
I0815 21:17:51.952377   16264 log.go:244] (0x1da02fc32140) (37) Data frame handling
I0815 21:17:51.952377   16264 log.go:244] (0x1da02fc32140) (37) Data frame sent
I0815 21:18:02.329469   16264 log.go:244] (0x1da02f91a580) Data frame received for 49
I0815 21:18:02.329997   16264 log.go:244] (0x1da02f8b60a0) (49) Data frame handling
I0815 21:18:02.330528   16264 log.go:244] (0x1da02f91a580) (0x1da02f8b60a0) Stream removed, broadcasting: 49
I0815 21:18:02.330528   16264 log.go:244] (0x1da02f91a580) Data frame received for 51
I0815 21:18:02.331057   16264 log.go:244] (0x1da02fc32000) (51) Data frame handling
I0815 21:18:02.331057   16264 log.go:244] (0x1da02f91a580) (0x1da02fc32000) Stream removed, broadcasting: 51
I0815 21:18:02.331590   16264 log.go:244] (0x1da02f91a580) (0x1da02fc32000) Stream removed, broadcasting: 51
I0815 21:18:02.561297   16264 log.go:244] (0x1da02fc32140) (37) Writing data frame
I0815 21:18:02.563980   16264 log.go:244] (0x1da02f91a580) Data frame received for 37
I0815 21:18:02.564486   16264 log.go:244] (0x1da02fc32140) (37) Data frame handling
I0815 21:18:02.564486   16264 log.go:244] (0x1da02fc32140) (37) Data frame sent
I0815 21:18:12.669489   16264 log.go:244] (0x1da02fc32140) (37) Writing data frame
I0815 21:18:12.734945   16264 log.go:244] (0x1da02f91a580) Data frame received for 37
I0815 21:18:12.887611   16264 log.go:244] (0x1da02fc32140) (37) Data frame handling
I0815 21:18:13.073604   16264 log.go:244] (0x1da02fc32140) (37) Data frame sent
I0815 21:18:23.182723   16264 log.go:244] (0x1da02fc32140) (37) Writing data frame
I0815 21:18:23.325813   16264 log.go:244] (0x1da02f91a580) Data frame received for 37
I0815 21:18:23.469410   16264 log.go:244] (0x1da02fc32140) (37) Data frame handling
I0815 21:18:23.549283   16264 log.go:244] (0x1da02fc32140) (37) Data frame sent
I0815 21:18:26.431948   16264 log.go:244] (0x1da02f91a580) Data frame received for 59
I0815 21:18:26.535809   16264 log.go:244] (0x1da02f91a580) Data frame received for 57
I0815 21:18:26.803844   16264 log.go:244] (0x1da02f8b6320) (59) Data frame handling
I0815 21:18:26.959706   16264 log.go:244] (0x1da02f8b6280) (57) Data frame handling
I0815 21:18:27.173323   16264 log.go:244] (0x1da02f91a580) (0x1da02f8b6320) Stream removed, broadcasting: 59
I0815 21:18:27.361191   16264 log.go:244] (0x1da02f91a580) (0x1da02f8b6280) Stream removed, broadcasting: 57
I0815 21:18:27.448857   16264 log.go:244] (0x1da02f91a580) (0x1da02f8b6320) Stream removed, broadcasting: 59
I0815 21:18:33.732031   16264 log.go:244] (0x1da02fc32140) (37) Writing data frame
I0815 21:18:33.737381   16264 log.go:244] (0x1da02f91a580) Data frame received for 37
I0815 21:18:33.747052   16264 log.go:244] (0x1da02fc32140) (37) Data frame handling
I0815 21:18:33.747595   16264 log.go:244] (0x1da02fc32140) (37) Data frame sent
I0815 21:18:44.334560   16264 log.go:244] (0x1da02fc32140) (37) Writing data frame
I0815 21:18:44.356096   16264 log.go:244] (0x1da02f91a580) Data frame received for 37
I0815 21:18:44.410488   16264 log.go:244] (0x1da02fc32140) (37) Data frame handling
I0815 21:18:44.628248   16264 log.go:244] (0x1da02fc32140) (37) Data frame sent
I0815 21:18:54.901680   16264 log.go:244] (0x1da02fc32140) (37) Writing data frame
I0815 21:18:54.905414   16264 log.go:244] (0x1da02f91a580) Data frame received for 37
I0815 21:18:54.918132   16264 log.go:244] (0x1da02fc32140) (37) Data frame handling
I0815 21:18:54.932581   16264 log.go:244] (0x1da02fc32140) (37) Data frame sent
I0815 21:19:05.077237   16264 log.go:244] (0x1da02fc32140) (37) Writing data frame
I0815 21:19:05.091167   16264 log.go:244] (0x1da02f91a580) Data frame received for 37
I0815 21:19:05.097980   16264 log.go:244] (0x1da02fc32140) (37) Data frame handling
I0815 21:19:05.117455   16264 log.go:244] (0x1da02fc32140) (37) Data frame sent
I0815 21:19:15.660805   16264 log.go:244] (0x1da02fc32140) (37) Writing data frame
I0815 21:19:15.815891   16264 log.go:244] (0x1da02f91a580) Data frame received for 37
I0815 21:19:16.110066   16264 log.go:244] (0x1da02fc32140) (37) Data frame handling
I0815 21:19:16.257857   16264 log.go:244] (0x1da02fc32140) (37) Data frame sent
I0815 21:19:26.182326   16264 log.go:244] (0x1da02fc32140) (37) Writing data frame
I0815 21:19:26.188869   16264 log.go:244] (0x1da02f91a580) Data frame received for 37
I0815 21:19:26.190979   16264 log.go:244] (0x1da02fc32140) (37) Data frame handling
I0815 21:19:26.206709   16264 log.go:244] (0x1da02fc32140) (37) Data frame sent
I0815 21:19:36.768352   16264 log.go:244] (0x1da02fc32140) (37) Writing data frame
I0815 21:19:36.823770   16264 log.go:244] (0x1da02f91a580) Data frame received for 37
I0815 21:19:37.031055   16264 log.go:244] (0x1da02fc32140) (37) Data frame handling
I0815 21:19:37.032105   16264 log.go:244] (0x1da02fc32140) (37) Data frame sent
I0815 21:19:46.791740   16264 log.go:244] (0x1da02fc32140) (37) Writing data frame
I0815 21:19:46.810783   16264 log.go:244] (0x1da02f91a580) Data frame received for 37
I0815 21:19:46.986149   16264 log.go:244] (0x1da02fc32140) (37) Data frame handling
I0815 21:19:47.175014   16264 log.go:244] (0x1da02fc32140) (37) Data frame sent
I0815 21:19:57.348348   16264 log.go:244] (0x1da02fc32140) (37) Writing data frame
I0815 21:19:57.466152   16264 log.go:244] (0x1da02f91a580) Data frame received for 37
I0815 21:19:57.873384   16264 log.go:244] (0x1da02fc32140) (37) Data frame handling
I0815 21:19:58.447728   16264 log.go:244] (0x1da02fc32140) (37) Data frame sent
I0815 21:20:07.805864   16264 log.go:244] (0x1da02fc32140) (37) Writing data frame
I0815 21:20:08.486285   16264 log.go:244] (0x1da02f91a580) Data frame received for 37
I0815 21:20:09.384398   16264 log.go:244] (0x1da02fc32140) (37) Data frame handling
I0815 21:20:10.706355   16264 log.go:244] (0x1da02fc32140) (37) Data frame sent
I0815 21:20:10.908495   16264 log.go:244] (0x1da02fc32140) (37) Writing data frame
I0815 21:20:11.366133   16264 log.go:244] (0x1da02f91a580) Data frame received for 37
I0815 21:20:12.544923   16264 log.go:244] (0x1da02f91a580) Data frame received for 33
I0815 21:20:13.308799   16264 log.go:244] (0x1da02f8b6000) (33) Data frame handling
I0815 21:20:14.885512   16264 log.go:244] (0x1da02fc32140) (37) Data frame handling
I0815 21:20:15.525773   16264 log.go:244] (0x1da02f91a580) (0x1da02f8b6000) Stream removed, broadcasting: 33
I0815 21:20:16.788755   16264 log.go:244] (0x1da02f91a580) (0x1da02fc32140) Stream removed, broadcasting: 37
I0815 21:20:18.213617   16264 log.go:244] (0x1da02f91a580) (0x1da02fc32140) Stream removed, broadcasting: 37
I0815 21:20:30.174037   16264 log.go:244] (0x1da02f91a580) (0x1da02f8b6000) Create stream
I0815 21:20:30.400136   16264 log.go:244] (0x1da02f91a580) (0x1da02f8b6000) Stream added, broadcasting: 61
I0815 21:20:30.619218   16264 log.go:244] (0x1da02f91a580) Reply frame received for 61
I0815 21:20:31.004859   16264 log.go:244] (0x1da02f8b6000) (61) Writing data frame
I0815 21:20:31.186108   16264 log.go:244] (0x1da02f91a580) (0x1da02f8b60a0) Create stream
I0815 21:20:31.748470   16264 log.go:244] (0x1da02f91a580) (0x1da02f8b60a0) Stream added, broadcasting: 63
I0815 21:20:31.973833   16264 log.go:244] (0x1da02f91a580) Reply frame received for 63
I0815 21:20:32.212520   16264 log.go:244] (0x1da02f8b60a0) (63) Writing data frame
I0815 21:20:32.473335   16264 log.go:244] (0x1da02f8b60a0) (63) Writing data frame
I0815 21:20:32.792678   16264 log.go:244] (0x1da02f91a580) Data frame received for 63
I0815 21:20:33.139188   16264 log.go:244] (0x1da02f91a580) Data frame received for 61
I0815 21:20:33.451177   16264 log.go:244] (0x1da02f8b60a0) (63) Data frame handling
I0815 21:20:33.684440   16264 log.go:244] (0x1da02f8b60a0) (63) Data frame sent
I0815 21:20:34.117023   16264 log.go:244] (0x1da02f8b6000) (61) Data frame handling
I0815 21:20:34.348758   16264 log.go:244] (0x1da02f91a580) Data frame received for 63
I0815 21:20:34.351362   16264 log.go:244] (0x1da02f91a580) (0x1da02f8b6000) Stream removed, broadcasting: 61
I0815 21:20:34.562789   16264 log.go:244] (0x1da02f8b60a0) (63) Data frame handling
I0815 21:20:34.986413   16264 log.go:244] (0x1da02f91a580) (0x1da02f8b60a0) Stream removed, broadcasting: 63
I0815 21:20:35.294968   16264 log.go:244] (0x1da02f91a580) (0x1da02f8b60a0) Stream removed, broadcasting: 63
I0815 21:20:39.094393   16264 log.go:244] (0x1da02f91a580) (0x1da02fc32000) Create stream
I0815 21:20:39.344604   16264 log.go:244] (0x1da02f91a580) (0x1da02fc32000) Stream added, broadcasting: 65
I0815 21:20:41.158939   16264 log.go:244] (0x1da02f91a580) Reply frame received for 65
I0815 21:20:41.808832   16264 log.go:244] (0x1da02fc32000) (65) Writing data frame
I0815 21:20:42.090422   16264 log.go:244] (0x1da02f91a580) (0x1da02f8b6140) Create stream
I0815 21:20:42.821279   16264 log.go:244] (0x1da02f91a580) (0x1da02f8b6140) Stream added, broadcasting: 67
I0815 21:20:43.267524   16264 log.go:244] (0x1da02f91a580) Reply frame received for 67
I0815 21:20:43.628843   16264 log.go:244] (0x1da02f8b6140) (67) Writing data frame
I0815 21:20:43.805497   16264 log.go:244] (0x1da02f8b6140) (67) Writing data frame
I0815 21:20:45.466845   16264 log.go:244] (0x1da02f91a580) Data frame received for 67
I0815 21:20:45.620797   16264 log.go:244] (0x1da02f91a580) Data frame received for 65
I0815 21:20:46.133283   16264 log.go:244] (0x1da02fc32000) (65) Data frame handling
I0815 21:20:46.313339   16264 log.go:244] (0x1da02f8b6140) (67) Data frame handling
I0815 21:20:46.468606   16264 log.go:244] (0x1da02f8b6140) (67) Data frame sent
I0815 21:20:46.616420   16264 log.go:244] (0x1da02f91a580) (0x1da02fc32000) Stream removed, broadcasting: 65
I0815 21:20:46.775154   16264 log.go:244] (0x1da02f91a580) Data frame received for 67
I0815 21:20:46.893564   16264 log.go:244] (0x1da02f8b6140) (67) Data frame handling
I0815 21:20:46.907703   16264 log.go:244] (0x1da02f91a580) (0x1da02f8b6140) Stream removed, broadcasting: 67
I0815 21:20:47.494127   16264 log.go:244] (0x1da02f91a580) (0x1da02f8b6140) Stream removed, broadcasting: 67
I0815 21:20:48.967553   16264 log.go:244] (0x1da02f91a580) (0x1da02f904000) Create stream
I0815 21:20:49.130553   16264 log.go:244] (0x1da02f91a580) (0x1da02f904000) Stream added, broadcasting: 69
I0815 21:20:49.401086   16264 log.go:244] (0x1da02f91a580) Reply frame received for 69
I0815 21:20:49.703051   16264 log.go:244] (0x1da02f904000) (69) Writing data frame
I0815 21:20:49.899545   16264 log.go:244] (0x1da02f91a580) (0x1da02f88e000) Create stream
I0815 21:20:50.005067   16264 log.go:244] (0x1da02f91a580) (0x1da02f88e000) Stream added, broadcasting: 71
I0815 21:20:50.165774   16264 log.go:244] (0x1da02f91a580) Reply frame received for 71
I0815 21:20:50.316192   16264 log.go:244] (0x1da02f88e000) (71) Writing data frame
I0815 21:20:51.150155   16264 log.go:244] (0x1da02f88e000) (71) Writing data frame
I0815 21:20:58.839501   16264 log.go:244] (0x1da02f91a580) (0x1da02fc320a0) Create stream
I0815 21:20:58.937767   16264 log.go:244] (0x1da02f91a580) (0x1da02fc320a0) Stream added, broadcasting: 73
I0815 21:20:59.110977   16264 log.go:244] (0x1da02f91a580) Reply frame received for 73
I0815 21:20:59.158400   16264 log.go:244] (0x1da02fc320a0) (73) Writing data frame
I0815 21:20:59.181288   16264 log.go:244] (0x1da02f91a580) (0x1da02fc32140) Create stream
I0815 21:20:59.214260   16264 log.go:244] (0x1da02f91a580) (0x1da02fc32140) Stream added, broadcasting: 75
I0815 21:20:59.253637   16264 log.go:244] (0x1da02f91a580) Reply frame received for 75
I0815 21:20:59.337336   16264 log.go:244] (0x1da02fc32140) (75) Writing data frame
I0815 21:21:01.158303   16264 log.go:244] (0x1da02fc32140) (75) Writing data frame
I0815 21:21:01.955764   16264 log.go:244] (0x1da02f91a580) Data frame received for 71
I0815 21:21:02.026691   16264 log.go:244] (0x1da02f91a580) Data frame received for 73
I0815 21:21:02.483115   16264 log.go:244] (0x1da02fc320a0) (73) Data frame handling
I0815 21:21:02.659364   16264 log.go:244] (0x1da02f91a580) Data frame received for 75
I0815 21:21:02.796741   16264 log.go:244] (0x1da02f91a580) Data frame received for 69
I0815 21:21:02.878872   16264 log.go:244] (0x1da02f88e000) (71) Data frame handling
I0815 21:21:03.050730   16264 log.go:244] (0x1da02f91a580) (0x1da02fc320a0) Stream removed, broadcasting: 73
I0815 21:21:03.202471   16264 log.go:244] (0x1da02f88e000) (71) Data frame sent
I0815 21:21:03.364665   16264 log.go:244] (0x1da02f91a580) Data frame received for 71
I0815 21:21:03.482598   16264 log.go:244] (0x1da02f904000) (69) Data frame handling
I0815 21:21:03.694684   16264 log.go:244] (0x1da02fc32140) (75) Data frame handling
I0815 21:21:03.823285   16264 log.go:244] (0x1da02f88e000) (71) Data frame handling
I0815 21:21:04.276095   16264 log.go:244] (0x1da02f91a580) (0x1da02f904000) Stream removed, broadcasting: 69
I0815 21:21:04.536650   16264 log.go:244] (0x1da02fc32140) (75) Data frame sent
I0815 21:21:04.693289   16264 log.go:244] (0x1da02f91a580) Data frame received for 75
I0815 21:21:04.926684   16264 log.go:244] (0x1da02f91a580) (0x1da02f88e000) Stream removed, broadcasting: 71
I0815 21:21:05.286654   16264 log.go:244] (0x1da02fc32140) (75) Data frame handling
I0815 21:21:05.673410   16264 log.go:244] (0x1da02f91a580) (0x1da02f88e000) Stream removed, broadcasting: 71
I0815 21:21:05.769490   16264 log.go:244] (0x1da02f91a580) (0x1da02fc32140) Stream removed, broadcasting: 75
I0815 21:21:05.897622   16264 log.go:244] (0x1da02f91a580) (0x1da02fc32140) Stream removed, broadcasting: 75
I0815 21:21:08.715495   16264 log.go:244] (0x1da02f91a580) (0x1da02f88e0a0) Create stream
I0815 21:21:08.716004   16264 log.go:244] (0x1da02f91a580) (0x1da02f88e0a0) Stream added, broadcasting: 77
I0815 21:21:08.759795   16264 log.go:244] (0x1da02f91a580) Reply frame received for 77
I0815 21:21:09.302474   16264 log.go:244] (0x1da02f88e0a0) (77) Writing data frame
I0815 21:21:09.480014   16264 log.go:244] (0x1da02f91a580) (0x1da02f8b61e0) Create stream
I0815 21:21:09.503557   16264 log.go:244] (0x1da02f91a580) (0x1da02f8b61e0) Stream added, broadcasting: 79
I0815 21:21:09.744269   16264 log.go:244] (0x1da02f91a580) Reply frame received for 79
I0815 21:21:09.925870   16264 log.go:244] (0x1da02f8b61e0) (79) Writing data frame
I0815 21:21:11.171092   16264 log.go:244] (0x1da02f8b61e0) (79) Writing data frame
I0815 21:21:13.944614   16264 log.go:244] (0x1da02f91a580) Data frame received for 79
I0815 21:21:14.478890   16264 log.go:244] (0x1da02f91a580) Data frame received for 77
I0815 21:21:14.677097   16264 log.go:244] (0x1da02f8b61e0) (79) Data frame handling
I0815 21:21:15.155014   16264 log.go:244] (0x1da02f8b61e0) (79) Data frame sent
I0815 21:21:15.569934   16264 log.go:244] (0x1da02f88e0a0) (77) Data frame handling
I0815 21:21:15.781024   16264 log.go:244] (0x1da02f91a580) Data frame received for 79
I0815 21:21:16.011483   16264 log.go:244] (0x1da02f91a580) (0x1da02f88e0a0) Stream removed, broadcasting: 77
I0815 21:21:16.171456   16264 log.go:244] (0x1da02f8b61e0) (79) Data frame handling
I0815 21:21:16.303914   16264 log.go:244] (0x1da02f91a580) (0x1da02f8b61e0) Stream removed, broadcasting: 79
I0815 21:21:16.871290   16264 log.go:244] (0x1da02f91a580) (0x1da02f8b61e0) Stream removed, broadcasting: 79
I0815 21:21:18.808539   16264 log.go:244] (0x1da02f91a580) (0x1da02f8b6280) Create stream
I0815 21:21:19.219084   16264 log.go:244] (0x1da02f91a580) (0x1da02f8b6280) Stream added, broadcasting: 81
I0815 21:21:19.394147   16264 log.go:244] (0x1da02f91a580) Reply frame received for 81
I0815 21:21:19.691111   16264 log.go:244] (0x1da02f8b6280) (81) Writing data frame
I0815 21:21:19.925475   16264 log.go:244] (0x1da02f91a580) (0x1da02fc32640) Create stream
I0815 21:21:20.210040   16264 log.go:244] (0x1da02f91a580) (0x1da02fc32640) Stream added, broadcasting: 83
I0815 21:21:20.522200   16264 log.go:244] (0x1da02f91a580) Reply frame received for 83
I0815 21:21:20.827785   16264 log.go:244] (0x1da02fc32640) (83) Writing data frame
I0815 21:21:21.159437   16264 log.go:244] (0x1da02f91a580) Data frame received for 83
I0815 21:21:21.545881   16264 log.go:244] (0x1da02fc32640) (83) Writing data frame
I0815 21:21:21.678790   16264 log.go:244] (0x1da02fc32640) (83) Data frame handling
I0815 21:21:21.791091   16264 log.go:244] (0x1da02fc32640) (83) Data frame sent
I0815 21:21:22.013522   16264 log.go:244] (0x1da02f91a580) Data frame received for 81
I0815 21:21:22.170182   16264 log.go:244] (0x1da02f8b6280) (81) Data frame handling
I0815 21:21:22.291159   16264 log.go:244] (0x1da02f91a580) Data frame received for 83
I0815 21:21:22.424026   16264 log.go:244] (0x1da02f91a580) (0x1da02f8b6280) Stream removed, broadcasting: 81
I0815 21:21:22.723367   16264 log.go:244] (0x1da02fc32640) (83) Data frame handling
I0815 21:21:22.969061   16264 log.go:244] (0x1da02f91a580) (0x1da02fc32640) Stream removed, broadcasting: 83
I0815 21:21:23.202424   16264 log.go:244] (0x1da02f91a580) (0x1da02fc32640) Stream removed, broadcasting: 83
I0815 21:21:28.900717   16264 log.go:244] (0x1da02f91a580) (0x1da02f8b6320) Create stream
I0815 21:21:29.013430   16264 log.go:244] (0x1da02f91a580) (0x1da02f8b6320) Stream added, broadcasting: 85
I0815 21:21:29.115867   16264 log.go:244] (0x1da02f91a580) Reply frame received for 85
I0815 21:21:29.499601   16264 log.go:244] (0x1da02f8b6320) (85) Writing data frame
I0815 21:21:29.667470   16264 log.go:244] (0x1da02f91a580) (0x1da02f9040a0) Create stream
I0815 21:21:29.892438   16264 log.go:244] (0x1da02f91a580) (0x1da02f9040a0) Stream added, broadcasting: 87
I0815 21:21:30.138238   16264 log.go:244] (0x1da02f91a580) Reply frame received for 87
I0815 21:21:30.358756   16264 log.go:244] (0x1da02f9040a0) (87) Writing data frame
I0815 21:21:30.493206   16264 log.go:244] (0x1da02f91a580) Data frame received for 87
I0815 21:21:30.941363   16264 log.go:244] (0x1da02f9040a0) (87) Data frame handling
I0815 21:21:31.100421   16264 log.go:244] (0x1da02f9040a0) (87) Data frame sent
I0815 21:21:38.975361   16264 log.go:244] (0x1da02f9040a0) (87) Writing data frame
I0815 21:21:39.102631   16264 log.go:244] (0x1da02f91a580) Data frame received for 87
I0815 21:21:39.174911   16264 log.go:244] (0x1da02f9040a0) (87) Data frame handling
I0815 21:21:39.198135   16264 log.go:244] (0x1da02f9040a0) (87) Data frame sent
I0815 21:21:49.546527   16264 log.go:244] (0x1da02f9040a0) (87) Writing data frame
I0815 21:21:49.694973   16264 log.go:244] (0x1da02f91a580) Data frame received for 87
I0815 21:21:49.811509   16264 log.go:244] (0x1da02f9040a0) (87) Data frame handling
I0815 21:21:49.932125   16264 log.go:244] (0x1da02f9040a0) (87) Data frame sent
I0815 21:22:00.087297   16264 log.go:244] (0x1da02f9040a0) (87) Writing data frame
I0815 21:22:00.091409   16264 log.go:244] (0x1da02f91a580) Data frame received for 87
I0815 21:22:00.091409   16264 log.go:244] (0x1da02f9040a0) (87) Data frame handling
I0815 21:22:00.091915   16264 log.go:244] (0x1da02f9040a0) (87) Data frame sent
I0815 21:22:10.794702   16264 log.go:244] (0x1da02f9040a0) (87) Writing data frame
I0815 21:22:10.856704   16264 log.go:244] (0x1da02f91a580) Data frame received for 87
I0815 21:22:10.975722   16264 log.go:244] (0x1da02f9040a0) (87) Data frame handling
I0815 21:22:11.130811   16264 log.go:244] (0x1da02f9040a0) (87) Data frame sent
I0815 21:22:21.205677   16264 log.go:244] (0x1da02f9040a0) (87) Writing data frame
I0815 21:22:21.219806   16264 log.go:244] (0x1da02f91a580) Data frame received for 87
I0815 21:22:21.335516   16264 log.go:244] (0x1da02f9040a0) (87) Data frame handling
I0815 21:22:21.509529   16264 log.go:244] (0x1da02f9040a0) (87) Data frame sent
I0815 21:22:31.778456   16264 log.go:244] (0x1da02f9040a0) (87) Writing data frame
I0815 21:22:31.834419   16264 log.go:244] (0x1da02f91a580) Data frame received for 87
I0815 21:22:31.929141   16264 log.go:244] (0x1da02f9040a0) (87) Data frame handling
I0815 21:22:31.956522   16264 log.go:244] (0x1da02f9040a0) (87) Data frame sent
I0815 21:22:42.345611   16264 log.go:244] (0x1da02f9040a0) (87) Writing data frame
I0815 21:22:42.477355   16264 log.go:244] (0x1da02f91a580) Data frame received for 87
I0815 21:22:42.567920   16264 log.go:244] (0x1da02f9040a0) (87) Data frame handling
I0815 21:22:42.597781   16264 log.go:244] (0x1da02f9040a0) (87) Data frame sent
I0815 21:22:52.911801   16264 log.go:244] (0x1da02f9040a0) (87) Writing data frame
I0815 21:22:52.923278   16264 log.go:244] (0x1da02f91a580) Data frame received for 87
I0815 21:22:53.028719   16264 log.go:244] (0x1da02f9040a0) (87) Data frame handling
I0815 21:22:53.140111   16264 log.go:244] (0x1da02f9040a0) (87) Data frame sent
I0815 21:23:03.474063   16264 log.go:244] (0x1da02f9040a0) (87) Writing data frame
I0815 21:23:03.589210   16264 log.go:244] (0x1da02f91a580) Data frame received for 87
I0815 21:23:03.597779   16264 log.go:244] (0x1da02f9040a0) (87) Data frame handling
I0815 21:23:03.598311   16264 log.go:244] (0x1da02f9040a0) (87) Data frame sent
I0815 21:23:13.861818   16264 log.go:244] (0x1da02f9040a0) (87) Writing data frame
I0815 21:23:13.901730   16264 log.go:244] (0x1da02f91a580) Data frame received for 87
I0815 21:23:14.099602   16264 log.go:244] (0x1da02f9040a0) (87) Data frame handling
I0815 21:23:14.255194   16264 log.go:244] (0x1da02f9040a0) (87) Data frame sent
I0815 21:23:24.408888   16264 log.go:244] (0x1da02f9040a0) (87) Writing data frame
I0815 21:23:24.541934   16264 log.go:244] (0x1da02f91a580) Data frame received for 87
I0815 21:23:24.676721   16264 log.go:244] (0x1da02f9040a0) (87) Data frame handling
I0815 21:23:24.794130   16264 log.go:244] (0x1da02f9040a0) (87) Data frame sent
I0815 21:23:34.957275   16264 log.go:244] (0x1da02f9040a0) (87) Writing data frame
I0815 21:23:35.207878   16264 log.go:244] (0x1da02f91a580) Data frame received for 87
I0815 21:23:35.821399   16264 log.go:244] (0x1da02f9040a0) (87) Data frame handling
I0815 21:23:36.540193   16264 log.go:244] (0x1da02f9040a0) (87) Data frame sent
I0815 21:23:45.764879   16264 log.go:244] (0x1da02f9040a0) (87) Writing data frame
I0815 21:23:46.049812   16264 log.go:244] (0x1da02f91a580) Data frame received for 87
I0815 21:23:46.265147   16264 log.go:244] (0x1da02f9040a0) (87) Data frame handling
I0815 21:23:46.445872   16264 log.go:244] (0x1da02f9040a0) (87) Data frame sent
I0815 21:23:56.298684   16264 log.go:244] (0x1da02f9040a0) (87) Writing data frame
I0815 21:23:56.568509   16264 log.go:244] (0x1da02f91a580) Data frame received for 87
I0815 21:23:56.700680   16264 log.go:244] (0x1da02f9040a0) (87) Data frame handling
I0815 21:23:57.028799   16264 log.go:244] (0x1da02f9040a0) (87) Data frame sent
I0815 21:24:07.039414   16264 log.go:244] (0x1da02f9040a0) (87) Writing data frame
I0815 21:24:07.287228   16264 log.go:244] (0x1da02f91a580) Data frame received for 87
I0815 21:24:07.794173   16264 log.go:244] (0x1da02f9040a0) (87) Data frame handling
I0815 21:24:08.094350   16264 log.go:244] (0x1da02f9040a0) (87) Data frame sent
I0815 21:24:17.497449   16264 log.go:244] (0x1da02f9040a0) (87) Writing data frame
I0815 21:24:17.683676   16264 log.go:244] (0x1da02f91a580) Data frame received for 87
I0815 21:24:18.002806   16264 log.go:244] (0x1da02f9040a0) (87) Data frame handling
I0815 21:24:18.090220   16264 log.go:244] (0x1da02f9040a0) (87) Data frame sent
I0815 21:24:27.956603   16264 log.go:244] (0x1da02f9040a0) (87) Writing data frame
I0815 21:24:28.144207   16264 log.go:244] (0x1da02f91a580) Data frame received for 87
I0815 21:24:28.225945   16264 log.go:244] (0x1da02f9040a0) (87) Data frame handling
I0815 21:24:28.249098   16264 log.go:244] (0x1da02f9040a0) (87) Data frame sent
I0815 21:24:38.528013   16264 log.go:244] (0x1da02f9040a0) (87) Writing data frame
I0815 21:24:38.613991   16264 log.go:244] (0x1da02f91a580) Data frame received for 87
I0815 21:24:38.690513   16264 log.go:244] (0x1da02f9040a0) (87) Data frame handling
I0815 21:24:38.690513   16264 log.go:244] (0x1da02f9040a0) (87) Data frame sent
I0815 21:24:49.083768   16264 log.go:244] (0x1da02f9040a0) (87) Writing data frame
I0815 21:24:49.182131   16264 log.go:244] (0x1da02f91a580) Data frame received for 87
I0815 21:24:49.354629   16264 log.go:244] (0x1da02f9040a0) (87) Data frame handling
I0815 21:24:49.497103   16264 log.go:244] (0x1da02f9040a0) (87) Data frame sent
I0815 21:24:59.533534   16264 log.go:244] (0x1da02f9040a0) (87) Writing data frame
I0815 21:24:59.760634   16264 log.go:244] (0x1da02f91a580) Data frame received for 87
I0815 21:24:59.866177   16264 log.go:244] (0x1da02f9040a0) (87) Data frame handling
I0815 21:24:59.906367   16264 log.go:244] (0x1da02f9040a0) (87) Data frame sent
I0815 21:25:10.083141   16264 log.go:244] (0x1da02f9040a0) (87) Writing data frame
I0815 21:25:10.255379   16264 log.go:244] (0x1da02f91a580) Data frame received for 87
I0815 21:25:10.448399   16264 log.go:244] (0x1da02f9040a0) (87) Data frame handling
I0815 21:25:10.575432   16264 log.go:244] (0x1da02f9040a0) (87) Data frame sent
I0815 21:25:20.630130   16264 log.go:244] (0x1da02f9040a0) (87) Writing data frame
I0815 21:25:20.822095   16264 log.go:244] (0x1da02f91a580) Data frame received for 87
I0815 21:25:21.040269   16264 log.go:244] (0x1da02f9040a0) (87) Data frame handling
I0815 21:25:21.220585   16264 log.go:244] (0x1da02f9040a0) (87) Data frame sent
I0815 21:25:31.156997   16264 log.go:244] (0x1da02f9040a0) (87) Writing data frame
I0815 21:25:31.166238   16264 log.go:244] (0x1da02f91a580) Data frame received for 87
I0815 21:25:31.176328   16264 log.go:244] (0x1da02f9040a0) (87) Data frame handling
I0815 21:25:31.192857   16264 log.go:244] (0x1da02f9040a0) (87) Data frame sent
I0815 21:25:41.508884   16264 log.go:244] (0x1da02f9040a0) (87) Writing data frame
I0815 21:25:41.607547   16264 log.go:244] (0x1da02f91a580) Data frame received for 87
I0815 21:25:41.706268   16264 log.go:244] (0x1da02f9040a0) (87) Data frame handling
I0815 21:25:41.834434   16264 log.go:244] (0x1da02f9040a0) (87) Data frame sent
I0815 21:25:52.087377   16264 log.go:244] (0x1da02f9040a0) (87) Writing data frame
I0815 21:25:52.331098   16264 log.go:244] (0x1da02f91a580) Data frame received for 87
I0815 21:25:52.528176   16264 log.go:244] (0x1da02f9040a0) (87) Data frame handling
I0815 21:25:52.790975   16264 log.go:244] (0x1da02f9040a0) (87) Data frame sent
I0815 21:26:02.599440   16264 log.go:244] (0x1da02f9040a0) (87) Writing data frame
I0815 21:26:02.674260   16264 log.go:244] (0x1da02f91a580) Data frame received for 87
I0815 21:26:02.797792   16264 log.go:244] (0x1da02f9040a0) (87) Data frame handling
I0815 21:26:02.809883   16264 log.go:244] (0x1da02f9040a0) (87) Data frame sent
I0815 21:26:13.158841   16264 log.go:244] (0x1da02f9040a0) (87) Writing data frame
I0815 21:26:13.295658   16264 log.go:244] (0x1da02f91a580) Data frame received for 87
I0815 21:26:13.394920   16264 log.go:244] (0x1da02f9040a0) (87) Data frame handling
I0815 21:26:13.471038   16264 log.go:244] (0x1da02f9040a0) (87) Data frame sent
I0815 21:26:23.727726   16264 log.go:244] (0x1da02f9040a0) (87) Writing data frame
I0815 21:26:23.774931   16264 log.go:244] (0x1da02f91a580) Data frame received for 87
I0815 21:26:23.811192   16264 log.go:244] (0x1da02f9040a0) (87) Data frame handling
I0815 21:26:23.827085   16264 log.go:244] (0x1da02f9040a0) (87) Data frame sent
I0815 21:26:34.306273   16264 log.go:244] (0x1da02f9040a0) (87) Writing data frame
I0815 21:26:34.346294   16264 log.go:244] (0x1da02f91a580) Data frame received for 87
I0815 21:26:34.447183   16264 log.go:244] (0x1da02f9040a0) (87) Data frame handling
I0815 21:26:34.468490   16264 log.go:244] (0x1da02f9040a0) (87) Data frame sent
I0815 21:26:44.874815   16264 log.go:244] (0x1da02f9040a0) (87) Writing data frame
I0815 21:26:44.883187   16264 log.go:244] (0x1da02f91a580) Data frame received for 87
I0815 21:26:44.904603   16264 log.go:244] (0x1da02f9040a0) (87) Data frame handling
I0815 21:26:44.904603   16264 log.go:244] (0x1da02f9040a0) (87) Data frame sent
I0815 21:26:55.477380   16264 log.go:244] (0x1da02f9040a0) (87) Writing data frame
I0815 21:26:56.058324   16264 log.go:244] (0x1da02f91a580) Data frame received for 87
I0815 21:26:56.058927   16264 log.go:244] (0x1da02f9040a0) (87) Data frame handling
I0815 21:26:56.059507   16264 log.go:244] (0x1da02f9040a0) (87) Data frame sent
I0815 21:27:05.991021   16264 log.go:244] (0x1da02f9040a0) (87) Writing data frame
I0815 21:27:06.061271   16264 log.go:244] (0x1da02f91a580) Data frame received for 87
I0815 21:27:06.124549   16264 log.go:244] (0x1da02f9040a0) (87) Data frame handling
I0815 21:27:06.278139   16264 log.go:244] (0x1da02f9040a0) (87) Data frame sent
I0815 21:27:16.553067   16264 log.go:244] (0x1da02f9040a0) (87) Writing data frame
I0815 21:27:16.734078   16264 log.go:244] (0x1da02f91a580) Data frame received for 87
I0815 21:27:17.015729   16264 log.go:244] (0x1da02f9040a0) (87) Data frame handling
I0815 21:27:17.373163   16264 log.go:244] (0x1da02f9040a0) (87) Data frame sent
I0815 21:27:27.037810   16264 log.go:244] (0x1da02f9040a0) (87) Writing data frame
I0815 21:27:27.157008   16264 log.go:244] (0x1da02f91a580) Data frame received for 87
I0815 21:27:27.237791   16264 log.go:244] (0x1da02f9040a0) (87) Data frame handling
I0815 21:27:27.299668   16264 log.go:244] (0x1da02f9040a0) (87) Data frame sent
I0815 21:27:37.625581   16264 log.go:244] (0x1da02f9040a0) (87) Writing data frame
I0815 21:27:37.665445   16264 log.go:244] (0x1da02f91a580) Data frame received for 87
I0815 21:27:37.743136   16264 log.go:244] (0x1da02f9040a0) (87) Data frame handling
I0815 21:27:37.824945   16264 log.go:244] (0x1da02f9040a0) (87) Data frame sent
I0815 21:27:48.339417   16264 log.go:244] (0x1da02f9040a0) (87) Writing data frame
I0815 21:27:48.377441   16264 log.go:244] (0x1da02f91a580) Data frame received for 87
I0815 21:27:48.535113   16264 log.go:244] (0x1da02f9040a0) (87) Data frame handling
I0815 21:27:48.681157   16264 log.go:244] (0x1da02f9040a0) (87) Data frame sent
I0815 21:27:58.916383   16264 log.go:244] (0x1da02f9040a0) (87) Writing data frame
I0815 21:27:58.986725   16264 log.go:244] (0x1da02f91a580) Data frame received for 87
I0815 21:27:59.007772   16264 log.go:244] (0x1da02f9040a0) (87) Data frame handling
I0815 21:27:59.007772   16264 log.go:244] (0x1da02f9040a0) (87) Data frame sent
I0815 21:28:09.497504   16264 log.go:244] (0x1da02f9040a0) (87) Writing data frame
I0815 21:28:09.566662   16264 log.go:244] (0x1da02f91a580) Data frame received for 87
I0815 21:28:09.684129   16264 log.go:244] (0x1da02f9040a0) (87) Data frame handling
I0815 21:28:09.685685   16264 log.go:244] (0x1da02f9040a0) (87) Data frame sent
I0815 21:28:19.396921   16264 log.go:244] (0x1da02f9040a0) (87) Writing data frame
I0815 21:28:19.517348   16264 log.go:244] (0x1da02f91a580) (0x1da02f88e000) Create stream
I0815 21:28:19.605175   16264 log.go:244] (0x1da02f91a580) (0x1da02f88e000) Stream added, broadcasting: 89
I0815 21:28:19.675443   16264 log.go:244] (0x1da02f91a580) Reply frame received for 89
I0815 21:28:19.782948   16264 log.go:244] (0x1da02f88e000) (89) Writing data frame
I0815 21:28:19.884160   16264 log.go:244] (0x1da02f91a580) (0x1da02f8b6000) Create stream
I0815 21:28:19.901908   16264 log.go:244] (0x1da02f91a580) (0x1da02f8b6000) Stream added, broadcasting: 91
I0815 21:28:19.918266   16264 log.go:244] (0x1da02f91a580) Reply frame received for 91
I0815 21:28:19.941184   16264 log.go:244] (0x1da02f8b6000) (91) Writing data frame
I0815 21:28:19.971049   16264 log.go:244] (0x1da02f91a580) Data frame received for 91
I0815 21:28:19.971559   16264 log.go:244] (0x1da02f8b6000) (91) Data frame handling
I0815 21:28:19.971559   16264 log.go:244] (0x1da02f8b6000) (91) Data frame sent
I0815 21:28:21.551223   16264 log.go:244] (0x1da02f91a580) Data frame received for 87
I0815 21:28:21.728669   16264 log.go:244] (0x1da02f9040a0) (87) Data frame handling
I0815 21:28:21.794508   16264 log.go:244] (0x1da02f9040a0) (87) Data frame sent
I0815 21:28:30.112349   16264 log.go:244] (0x1da02f9040a0) (87) Writing data frame
I0815 21:28:30.197455   16264 log.go:244] (0x1da02f91a580) Data frame received for 87
I0815 21:28:30.240183   16264 log.go:244] (0x1da02f9040a0) (87) Data frame handling
I0815 21:28:30.293089   16264 log.go:244] (0x1da02f9040a0) (87) Data frame sent
I0815 21:28:40.189008   16264 log.go:244] (0x1da02f9040a0) (87) Writing data frame
I0815 21:28:40.360525   16264 log.go:244] (0x1da02f91a580) Data frame received for 87
I0815 21:28:40.538467   16264 log.go:244] (0x1da02f9040a0) (87) Data frame handling
I0815 21:28:40.592515   16264 log.go:244] (0x1da02f9040a0) (87) Data frame sent
I0815 21:28:50.516282   16264 log.go:244] (0x1da02f9040a0) (87) Writing data frame
I0815 21:28:50.785748   16264 log.go:244] (0x1da02f91a580) Data frame received for 87
I0815 21:28:50.991968   16264 log.go:244] (0x1da02f9040a0) (87) Data frame handling
I0815 21:28:51.219704   16264 log.go:244] (0x1da02f9040a0) (87) Data frame sent
I0815 21:29:00.598589   16264 log.go:244] (0x1da02f9040a0) (87) Writing data frame
I0815 21:29:00.767780   16264 log.go:244] (0x1da02f91a580) Data frame received for 87
I0815 21:29:00.992265   16264 log.go:244] (0x1da02f9040a0) (87) Data frame handling
I0815 21:29:01.192487   16264 log.go:244] (0x1da02f9040a0) (87) Data frame sent
I0815 21:29:10.690573   16264 log.go:244] (0x1da02f9040a0) (87) Writing data frame
I0815 21:29:10.814669   16264 log.go:244] (0x1da02f91a580) Data frame received for 87
I0815 21:29:10.913262   16264 log.go:244] (0x1da02f9040a0) (87) Data frame handling
I0815 21:29:10.969826   16264 log.go:244] (0x1da02f9040a0) (87) Data frame sent
I0815 21:29:20.774473   16264 log.go:244] (0x1da02f9040a0) (87) Writing data frame
I0815 21:29:20.868691   16264 log.go:244] (0x1da02f91a580) Data frame received for 87
I0815 21:29:20.956451   16264 log.go:244] (0x1da02f9040a0) (87) Data frame handling
I0815 21:29:20.976130   16264 log.go:244] (0x1da02f9040a0) (87) Data frame sent
I0815 21:29:24.975724   16264 log.go:244] (0x1da02f91a580) Data frame received for 91
I0815 21:29:25.138420   16264 log.go:244] (0x1da02f91a580) Data frame received for 89
I0815 21:29:25.210712   16264 log.go:244] (0x1da02f88e000) (89) Data frame handling
I0815 21:29:25.390384   16264 log.go:244] (0x1da02f8b6000) (91) Data frame handling
I0815 21:29:25.554011   16264 log.go:244] (0x1da02f91a580) (0x1da02f88e000) Stream removed, broadcasting: 89
I0815 21:29:25.668467   16264 log.go:244] (0x1da02f91a580) (0x1da02f8b6000) Stream removed, broadcasting: 91
I0815 21:29:25.784977   16264 log.go:244] (0x1da02f91a580) (0x1da02f8b6000) Stream removed, broadcasting: 91
I0815 21:29:31.331205   16264 log.go:244] (0x1da02f9040a0) (87) Writing data frame
I0815 21:29:31.426096   16264 log.go:244] (0x1da02f91a580) Data frame received for 87
I0815 21:29:31.438896   16264 log.go:244] (0x1da02f9040a0) (87) Data frame handling
I0815 21:29:31.469398   16264 log.go:244] (0x1da02f9040a0) (87) Data frame sent
I0815 21:29:41.406901   16264 log.go:244] (0x1da02f9040a0) (87) Writing data frame
I0815 21:29:41.557334   16264 log.go:244] (0x1da02f91a580) Data frame received for 87
I0815 21:29:41.671382   16264 log.go:244] (0x1da02f9040a0) (87) Data frame handling
I0815 21:29:41.832479   16264 log.go:244] (0x1da02f9040a0) (87) Data frame sent
I0815 21:29:51.476466   16264 log.go:244] (0x1da02f9040a0) (87) Writing data frame
I0815 21:29:51.482838   16264 log.go:244] (0x1da02f91a580) Data frame received for 87
I0815 21:29:51.483961   16264 log.go:244] (0x1da02f9040a0) (87) Data frame handling
I0815 21:29:51.486048   16264 log.go:244] (0x1da02f9040a0) (87) Data frame sent
I0815 21:30:02.059099   16264 log.go:244] (0x1da02f9040a0) (87) Writing data frame
I0815 21:30:02.138664   16264 log.go:244] (0x1da02f91a580) Data frame received for 87
I0815 21:30:02.193594   16264 log.go:244] (0x1da02f9040a0) (87) Data frame handling
I0815 21:30:02.222940   16264 log.go:244] (0x1da02f9040a0) (87) Data frame sent
I0815 21:30:12.140711   16264 log.go:244] (0x1da02f9040a0) (87) Writing data frame
I0815 21:30:12.299690   16264 log.go:244] (0x1da02f91a580) Data frame received for 87
I0815 21:30:12.791346   16264 log.go:244] (0x1da02f9040a0) (87) Data frame handling
I0815 21:30:13.020432   16264 log.go:244] (0x1da02f9040a0) (87) Data frame sent
I0815 21:30:22.380278   16264 log.go:244] (0x1da02f9040a0) (87) Writing data frame
I0815 21:30:22.708771   16264 log.go:244] (0x1da02f91a580) Data frame received for 87
I0815 21:30:22.809614   16264 log.go:244] (0x1da02f9040a0) (87) Data frame handling
I0815 21:30:22.835306   16264 log.go:244] (0x1da02f9040a0) (87) Data frame sent
I0815 21:30:25.918500   16264 log.go:244] (0x1da02f91a580) (0x1da02f8b60a0) Create stream
I0815 21:30:26.112749   16264 log.go:244] (0x1da02f91a580) (0x1da02f8b60a0) Stream added, broadcasting: 93
I0815 21:30:26.361152   16264 log.go:244] (0x1da02f91a580) Reply frame received for 93
I0815 21:30:26.387448   16264 log.go:244] (0x1da02f8b60a0) (93) Writing data frame
I0815 21:30:26.388785   16264 log.go:244] (0x1da02f91a580) (0x1da02f88e0a0) Create stream
I0815 21:30:26.389830   16264 log.go:244] (0x1da02f91a580) (0x1da02f88e0a0) Stream added, broadcasting: 95
I0815 21:30:26.631641   16264 log.go:244] (0x1da02f91a580) Reply frame received for 95
I0815 21:30:27.166622   16264 log.go:244] (0x1da02f88e0a0) (95) Writing data frame
I0815 21:30:32.235230   16264 log.go:244] (0x1da02f9040a0) (87) Writing data frame
I0815 21:30:33.436441   16264 log.go:244] (0x1da02f91a580) Data frame received for 87
I0815 21:30:33.496083   16264 log.go:244] (0x1da02f9040a0) (87) Data frame handling
I0815 21:30:33.526242   16264 log.go:244] (0x1da02f9040a0) (87) Data frame sent
I0815 21:30:42.678865   16264 log.go:244] (0x1da02f9040a0) (87) Writing data frame
I0815 21:30:42.981660   16264 log.go:244] (0x1da02f91a580) Data frame received for 87
I0815 21:30:43.385427   16264 log.go:244] (0x1da02f9040a0) (87) Data frame handling
I0815 21:30:43.641551   16264 log.go:244] (0x1da02f9040a0) (87) Data frame sent
I0815 21:30:53.132232   16264 log.go:244] (0x1da02f9040a0) (87) Writing data frame
I0815 21:30:53.386546   16264 log.go:244] (0x1da02f91a580) Data frame received for 87
I0815 21:30:53.442555   16264 log.go:244] (0x1da02f9040a0) (87) Data frame handling
I0815 21:30:53.696026   16264 log.go:244] (0x1da02f9040a0) (87) Data frame sent
I0815 21:30:54.821251   16264 log.go:244] (0x1da02f91a580) Data frame received for 95
I0815 21:30:54.829297   16264 log.go:244] (0x1da02f88e0a0) (95) Data frame handling
I0815 21:30:54.961800   16264 log.go:244] (0x1da02f88e0a0) (95) Data frame sent
I0815 21:31:03.633722   16264 log.go:244] (0x1da02f9040a0) (87) Writing data frame
I0815 21:31:03.674183   16264 log.go:244] (0x1da02f91a580) Data frame received for 87
I0815 21:31:03.699261   16264 log.go:244] (0x1da02f9040a0) (87) Data frame handling
I0815 21:31:04.072563   16264 log.go:244] (0x1da02f9040a0) (87) Data frame sent
I0815 21:31:14.170500   16264 log.go:244] (0x1da02f9040a0) (87) Writing data frame
I0815 21:31:14.540795   16264 log.go:244] (0x1da02f91a580) Data frame received for 87
I0815 21:31:14.992886   16264 log.go:244] (0x1da02f9040a0) (87) Data frame handling
I0815 21:31:15.335690   16264 log.go:244] (0x1da02f9040a0) (87) Data frame sent
E0815 21:31:19.259750   16264 portforward.go:502] "Unhandled Error" err="error copying from local connection to remote stream: writeto tcp6 [::1]:8080->[::1]:61734: read tcp6 [::1]:8080->[::1]:61734: wsarecv: An existing connection was forcibly closed by the remote host."
I0815 21:31:19.525524   16264 log.go:244] (0x1da02f88e0a0) (95) Writing data frame
I0815 21:31:19.651005   16264 log.go:244] (0x1da02f91a580) (0x1da02f88e0a0) Stream removed, broadcasting: 95
I0815 21:31:19.692062   16264 log.go:244] (0x1da02f91a580) Data frame received for 95
I0815 21:31:19.792472   16264 log.go:244] (0x1da02f91a580) Data frame received for 93
I0815 21:31:19.828291   16264 log.go:244] (0x1da02f91a580) Data frame gone away for 95
I0815 21:31:20.170169   16264 log.go:244] (0x1da02f8b60a0) (93) Data frame handling
I0815 21:31:20.480238   16264 log.go:244] (0x1da02f91a580) (0x1da02f8b60a0) Stream removed, broadcasting: 93
I0815 21:31:24.632667   16264 log.go:244] (0x1da02f9040a0) (87) Writing data frame
I0815 21:31:24.701141   16264 log.go:244] (0x1da02f91a580) Data frame received for 87
I0815 21:31:24.836695   16264 log.go:244] (0x1da02f9040a0) (87) Data frame handling
I0815 21:31:24.958140   16264 log.go:244] (0x1da02f9040a0) (87) Data frame sent
I0815 21:31:34.638263   16264 log.go:244] (0x1da02f9040a0) (87) Writing data frame
I0815 21:31:34.761776   16264 log.go:244] (0x1da02f91a580) Data frame received for 87
I0815 21:31:34.859504   16264 log.go:244] (0x1da02f9040a0) (87) Data frame handling
I0815 21:31:34.981227   16264 log.go:244] (0x1da02f9040a0) (87) Data frame sent
I0815 21:31:45.185123   16264 log.go:244] (0x1da02f9040a0) (87) Writing data frame
I0815 21:31:45.695165   16264 log.go:244] (0x1da02f91a580) Data frame received for 87
I0815 21:31:46.036469   16264 log.go:244] (0x1da02f9040a0) (87) Data frame handling
I0815 21:31:46.239688   16264 log.go:244] (0x1da02f9040a0) (87) Data frame sent
I0815 21:31:55.646936   16264 log.go:244] (0x1da02f9040a0) (87) Writing data frame
I0815 21:31:55.941162   16264 log.go:244] (0x1da02f91a580) Data frame received for 87
I0815 21:31:56.085293   16264 log.go:244] (0x1da02f9040a0) (87) Data frame handling
I0815 21:31:56.119972   16264 log.go:244] (0x1da02f9040a0) (87) Data frame sent
I0815 21:32:06.186024   16264 log.go:244] (0x1da02f9040a0) (87) Writing data frame
I0815 21:32:06.378722   16264 log.go:244] (0x1da02f91a580) Data frame received for 87
I0815 21:32:06.711007   16264 log.go:244] (0x1da02f9040a0) (87) Data frame handling
I0815 21:32:06.883665   16264 log.go:244] (0x1da02f9040a0) (87) Data frame sent
I0815 21:32:16.696814   16264 log.go:244] (0x1da02f9040a0) (87) Writing data frame
I0815 21:32:16.862535   16264 log.go:244] (0x1da02f91a580) Data frame received for 87
I0815 21:32:17.108777   16264 log.go:244] (0x1da02f9040a0) (87) Data frame handling
I0815 21:32:17.350277   16264 log.go:244] (0x1da02f9040a0) (87) Data frame sent
I0815 21:32:27.216558   16264 log.go:244] (0x1da02f9040a0) (87) Writing data frame
I0815 21:32:27.985759   16264 log.go:244] (0x1da02f91a580) Data frame received for 87
I0815 21:32:28.504467   16264 log.go:244] (0x1da02f9040a0) (87) Data frame handling
I0815 21:32:28.777910   16264 log.go:244] (0x1da02f9040a0) (87) Data frame sent
I0815 21:32:37.240349   16264 log.go:244] (0x1da02f9040a0) (87) Writing data frame
I0815 21:32:37.375844   16264 log.go:244] (0x1da02f91a580) Data frame received for 87
I0815 21:32:37.775754   16264 log.go:244] (0x1da02f9040a0) (87) Data frame handling
I0815 21:32:37.910665   16264 log.go:244] (0x1da02f9040a0) (87) Data frame sent
I0815 21:32:47.733242   16264 log.go:244] (0x1da02f9040a0) (87) Writing data frame
I0815 21:32:48.090429   16264 log.go:244] (0x1da02f91a580) Data frame received for 87
I0815 21:32:48.612443   16264 log.go:244] (0x1da02f9040a0) (87) Data frame handling
I0815 21:32:48.933998   16264 log.go:244] (0x1da02f9040a0) (87) Data frame sent
I0815 21:32:58.178837   16264 log.go:244] (0x1da02f9040a0) (87) Writing data frame
I0815 21:32:58.290451   16264 log.go:244] (0x1da02f91a580) Data frame received for 87
I0815 21:32:58.408826   16264 log.go:244] (0x1da02f9040a0) (87) Data frame handling
I0815 21:32:58.520060   16264 log.go:244] (0x1da02f9040a0) (87) Data frame sent
I0815 21:33:08.713005   16264 log.go:244] (0x1da02f9040a0) (87) Writing data frame
I0815 21:33:09.010552   16264 log.go:244] (0x1da02f91a580) Data frame received for 87
I0815 21:33:09.176869   16264 log.go:244] (0x1da02f9040a0) (87) Data frame handling
I0815 21:33:09.392709   16264 log.go:244] (0x1da02f9040a0) (87) Data frame sent
I0815 21:33:19.216833   16264 log.go:244] (0x1da02f9040a0) (87) Writing data frame
I0815 21:33:19.580954   16264 log.go:244] (0x1da02f91a580) Data frame received for 87
I0815 21:33:19.990453   16264 log.go:244] (0x1da02f9040a0) (87) Data frame handling
I0815 21:33:20.229719   16264 log.go:244] (0x1da02f9040a0) (87) Data frame sent
I0815 21:33:29.871805   16264 log.go:244] (0x1da02f9040a0) (87) Writing data frame
I0815 21:33:30.023761   16264 log.go:244] (0x1da02f91a580) Data frame received for 87
I0815 21:33:30.042696   16264 log.go:244] (0x1da02f9040a0) (87) Data frame handling
I0815 21:33:30.043208   16264 log.go:244] (0x1da02f9040a0) (87) Data frame sent
I0815 21:33:35.894236   16264 log.go:244] (0x1da02f9040a0) (87) Writing data frame
I0815 21:33:40.025993   16264 log.go:244] (0x1da02f91a580) (0x1da02f8b6000) Create stream
I0815 21:33:40.221559   16264 log.go:244] (0x1da02f91a580) (0x1da02f8b6000) Stream added, broadcasting: 97
I0815 21:33:40.246476   16264 log.go:244] (0x1da02f91a580) Reply frame received for 97
I0815 21:33:40.400637   16264 log.go:244] (0x1da02f8b6000) (97) Writing data frame
I0815 21:33:40.460228   16264 log.go:244] (0x1da02f91a580) (0x1da02f88e000) Create stream
I0815 21:33:40.484896   16264 log.go:244] (0x1da02f91a580) (0x1da02f88e000) Stream added, broadcasting: 99
I0815 21:33:40.487692   16264 log.go:244] (0x1da02f91a580) Reply frame received for 99
I0815 21:33:40.501441   16264 log.go:244] (0x1da02f88e000) (99) Writing data frame
I0815 21:33:40.504105   16264 log.go:244] (0x1da02f91a580) Data frame received for 99
I0815 21:33:40.504610   16264 log.go:244] (0x1da02f88e000) (99) Data frame handling
I0815 21:33:40.504610   16264 log.go:244] (0x1da02f88e000) (99) Data frame sent
I0815 21:33:40.996311   16264 log.go:244] (0x1da02f91a580) Data frame received for 87
I0815 21:33:41.094892   16264 log.go:244] (0x1da02f9040a0) (87) Data frame handling
I0815 21:33:41.248741   16264 log.go:244] (0x1da02f9040a0) (87) Data frame sent
I0815 21:33:50.312790   16264 log.go:244] (0x1da02f9040a0) (87) Writing data frame
I0815 21:33:50.353674   16264 log.go:244] (0x1da02f91a580) Data frame received for 87
I0815 21:33:50.374314   16264 log.go:244] (0x1da02f9040a0) (87) Data frame handling
I0815 21:33:50.386329   16264 log.go:244] (0x1da02f9040a0) (87) Data frame sent
I0815 21:34:00.390832   16264 log.go:244] (0x1da02f9040a0) (87) Writing data frame
I0815 21:34:00.652124   16264 log.go:244] (0x1da02f91a580) Data frame received for 87
I0815 21:34:00.777159   16264 log.go:244] (0x1da02f9040a0) (87) Data frame handling
I0815 21:34:01.068957   16264 log.go:244] (0x1da02f9040a0) (87) Data frame sent
I0815 21:34:10.923285   16264 log.go:244] (0x1da02f9040a0) (87) Writing data frame
I0815 21:34:11.161697   16264 log.go:244] (0x1da02f91a580) Data frame received for 87
I0815 21:34:11.370384   16264 log.go:244] (0x1da02f9040a0) (87) Data frame handling
I0815 21:34:11.548781   16264 log.go:244] (0x1da02f9040a0) (87) Data frame sent
I0815 21:34:20.998155   16264 log.go:244] (0x1da02f9040a0) (87) Writing data frame
I0815 21:34:21.002248   16264 log.go:244] (0x1da02f91a580) Data frame received for 87
I0815 21:34:21.002248   16264 log.go:244] (0x1da02f9040a0) (87) Data frame handling
I0815 21:34:21.002752   16264 log.go:244] (0x1da02f9040a0) (87) Data frame sent
I0815 21:34:31.079326   16264 log.go:244] (0x1da02f9040a0) (87) Writing data frame
I0815 21:34:31.341141   16264 log.go:244] (0x1da02f91a580) Data frame received for 87
I0815 21:34:31.591479   16264 log.go:244] (0x1da02f9040a0) (87) Data frame handling
I0815 21:34:31.602091   16264 log.go:244] (0x1da02f9040a0) (87) Data frame sent
I0815 21:34:41.611686   16264 log.go:244] (0x1da02f9040a0) (87) Writing data frame
I0815 21:34:41.705001   16264 log.go:244] (0x1da02f91a580) Data frame received for 87
I0815 21:34:41.801490   16264 log.go:244] (0x1da02f9040a0) (87) Data frame handling
I0815 21:34:41.812372   16264 log.go:244] (0x1da02f9040a0) (87) Data frame sent
I0815 21:34:45.795053   16264 log.go:244] (0x1da02f91a580) Data frame received for 97
I0815 21:34:45.869028   16264 log.go:244] (0x1da02f8b6000) (97) Data frame handling
I0815 21:34:45.888845   16264 log.go:244] (0x1da02f91a580) Data frame received for 99
I0815 21:34:46.080785   16264 log.go:244] (0x1da02f91a580) (0x1da02f8b6000) Stream removed, broadcasting: 97
I0815 21:34:46.081555   16264 log.go:244] (0x1da02f88e000) (99) Data frame handling
I0815 21:34:46.122372   16264 log.go:244] (0x1da02f91a580) (0x1da02f88e000) Stream removed, broadcasting: 99
I0815 21:34:46.123300   16264 log.go:244] (0x1da02f91a580) (0x1da02f88e000) Stream removed, broadcasting: 99
I0815 21:34:51.699402   16264 log.go:244] (0x1da02f9040a0) (87) Writing data frame
I0815 21:34:51.727165   16264 log.go:244] (0x1da02f91a580) Data frame received for 87
I0815 21:34:51.736153   16264 log.go:244] (0x1da02f9040a0) (87) Data frame handling
I0815 21:34:51.737258   16264 log.go:244] (0x1da02f9040a0) (87) Data frame sent
I0815 21:35:02.061976   16264 log.go:244] (0x1da02f9040a0) (87) Writing data frame
I0815 21:35:02.155563   16264 log.go:244] (0x1da02f91a580) Data frame received for 87
I0815 21:35:02.278125   16264 log.go:244] (0x1da02f9040a0) (87) Data frame handling
I0815 21:35:02.280199   16264 log.go:244] (0x1da02f9040a0) (87) Data frame sent
I0815 21:35:12.247309   16264 log.go:244] (0x1da02f9040a0) (87) Writing data frame
I0815 21:35:12.401912   16264 log.go:244] (0x1da02f91a580) Data frame received for 87
I0815 21:35:12.544612   16264 log.go:244] (0x1da02f9040a0) (87) Data frame handling
I0815 21:35:12.555943   16264 log.go:244] (0x1da02f9040a0) (87) Data frame sent
I0815 21:35:22.818711   16264 log.go:244] (0x1da02f9040a0) (87) Writing data frame
I0815 21:35:22.971460   16264 log.go:244] (0x1da02f91a580) Data frame received for 87
I0815 21:35:23.225871   16264 log.go:244] (0x1da02f9040a0) (87) Data frame handling
I0815 21:35:23.364091   16264 log.go:244] (0x1da02f9040a0) (87) Data frame sent
I0815 21:35:33.338247   16264 log.go:244] (0x1da02f9040a0) (87) Writing data frame
I0815 21:35:33.401780   16264 log.go:244] (0x1da02f91a580) Data frame received for 87
I0815 21:35:33.547415   16264 log.go:244] (0x1da02f9040a0) (87) Data frame handling
I0815 21:35:33.563669   16264 log.go:244] (0x1da02f9040a0) (87) Data frame sent
I0815 21:35:43.900984   16264 log.go:244] (0x1da02f9040a0) (87) Writing data frame
I0815 21:35:44.054740   16264 log.go:244] (0x1da02f91a580) Data frame received for 87
I0815 21:35:44.250840   16264 log.go:244] (0x1da02f9040a0) (87) Data frame handling
I0815 21:35:44.477387   16264 log.go:244] (0x1da02f9040a0) (87) Data frame sent
I0815 21:35:54.422493   16264 log.go:244] (0x1da02f9040a0) (87) Writing data frame
I0815 21:35:54.750612   16264 log.go:244] (0x1da02f91a580) Data frame received for 87
I0815 21:35:54.920634   16264 log.go:244] (0x1da02f9040a0) (87) Data frame handling
I0815 21:35:55.030367   16264 log.go:244] (0x1da02f9040a0) (87) Data frame sent
I0815 21:36:04.656123   16264 log.go:244] (0x1da02f9040a0) (87) Writing data frame
I0815 21:36:04.664500   16264 log.go:244] (0x1da02f91a580) Data frame received for 87
I0815 21:36:04.673495   16264 log.go:244] (0x1da02f9040a0) (87) Data frame handling
I0815 21:36:04.674568   16264 log.go:244] (0x1da02f9040a0) (87) Data frame sent
I0815 21:36:14.664956   16264 log.go:244] (0x1da02f9040a0) (87) Writing data frame
I0815 21:36:14.733654   16264 log.go:244] (0x1da02f91a580) Data frame received for 87
I0815 21:36:14.981089   16264 log.go:244] (0x1da02f9040a0) (87) Data frame handling
I0815 21:36:15.032428   16264 log.go:244] (0x1da02f9040a0) (87) Data frame sent
I0815 21:36:25.017988   16264 log.go:244] (0x1da02f9040a0) (87) Writing data frame
I0815 21:36:25.210070   16264 log.go:244] (0x1da02f91a580) Data frame received for 87
I0815 21:36:25.460737   16264 log.go:244] (0x1da02f9040a0) (87) Data frame handling
I0815 21:36:25.626114   16264 log.go:244] (0x1da02f9040a0) (87) Data frame sent
I0815 21:36:35.512475   16264 log.go:244] (0x1da02f9040a0) (87) Writing data frame
I0815 21:36:35.699434   16264 log.go:244] (0x1da02f91a580) Data frame received for 87
I0815 21:36:35.869242   16264 log.go:244] (0x1da02f9040a0) (87) Data frame handling
I0815 21:36:35.914635   16264 log.go:244] (0x1da02f9040a0) (87) Data frame sent
I0815 21:36:46.056648   16264 log.go:244] (0x1da02f9040a0) (87) Writing data frame
I0815 21:36:46.116844   16264 log.go:244] (0x1da02f91a580) Data frame received for 87
I0815 21:36:46.203910   16264 log.go:244] (0x1da02f9040a0) (87) Data frame handling
I0815 21:36:46.219723   16264 log.go:244] (0x1da02f9040a0) (87) Data frame sent
I0815 21:36:56.611978   16264 log.go:244] (0x1da02f9040a0) (87) Writing data frame
I0815 21:36:57.061763   16264 log.go:244] (0x1da02f91a580) Data frame received for 87
I0815 21:36:57.288099   16264 log.go:244] (0x1da02f9040a0) (87) Data frame handling
I0815 21:36:57.481325   16264 log.go:244] (0x1da02f9040a0) (87) Data frame sent
I0815 21:37:07.112090   16264 log.go:244] (0x1da02f9040a0) (87) Writing data frame
I0815 21:37:07.178494   16264 log.go:244] (0x1da02f91a580) Data frame received for 87
I0815 21:37:07.179017   16264 log.go:244] (0x1da02f9040a0) (87) Data frame handling
I0815 21:37:07.179552   16264 log.go:244] (0x1da02f9040a0) (87) Data frame sent
I0815 21:37:17.711383   16264 log.go:244] (0x1da02f9040a0) (87) Writing data frame
I0815 21:37:18.036230   16264 log.go:244] (0x1da02f91a580) Data frame received for 87
I0815 21:37:18.089836   16264 log.go:244] (0x1da02f9040a0) (87) Data frame handling
I0815 21:37:18.168733   16264 log.go:244] (0x1da02f9040a0) (87) Data frame sent
I0815 21:37:28.254712   16264 log.go:244] (0x1da02f9040a0) (87) Writing data frame
I0815 21:37:28.430885   16264 log.go:244] (0x1da02f91a580) Data frame received for 87
I0815 21:37:28.793453   16264 log.go:244] (0x1da02f9040a0) (87) Data frame handling
I0815 21:37:28.987470   16264 log.go:244] (0x1da02f9040a0) (87) Data frame sent
I0815 21:37:36.504579   16264 log.go:244] (0x1da02f9040a0) (87) Writing data frame
I0815 21:37:38.016904   16264 log.go:244] (0x1da02f91a580) Data frame received for 87
I0815 21:37:38.045984   16264 log.go:244] (0x1da02f9040a0) (87) Data frame handling
I0815 21:37:38.141549   16264 log.go:244] (0x1da02f9040a0) (87) Data frame sent
I0815 21:37:38.248895   16264 log.go:244] (0x1da02f9040a0) (87) Writing data frame
I0815 21:37:38.311891   16264 log.go:244] (0x1da02f91a580) Data frame received for 87
I0815 21:37:38.392200   16264 log.go:244] (0x1da02f9040a0) (87) Data frame handling
I0815 21:37:38.496287   16264 log.go:244] (0x1da02f9040a0) (87) Data frame sent
I0815 21:37:48.260615   16264 log.go:244] (0x1da02f9040a0) (87) Writing data frame
I0815 21:37:48.336262   16264 log.go:244] (0x1da02f91a580) Data frame received for 87
I0815 21:37:48.455376   16264 log.go:244] (0x1da02f9040a0) (87) Data frame handling
I0815 21:37:48.480275   16264 log.go:244] (0x1da02f9040a0) (87) Data frame sent
I0815 21:37:58.262620   16264 log.go:244] (0x1da02f9040a0) (87) Writing data frame
I0815 21:37:58.300079   16264 log.go:244] (0x1da02f91a580) Data frame received for 87
I0815 21:37:58.386626   16264 log.go:244] (0x1da02f9040a0) (87) Data frame handling
I0815 21:37:58.426414   16264 log.go:244] (0x1da02f9040a0) (87) Data frame sent
I0815 21:38:08.846321   16264 log.go:244] (0x1da02f9040a0) (87) Writing data frame
I0815 21:38:08.871587   16264 log.go:244] (0x1da02f91a580) Data frame received for 87
I0815 21:38:08.876457   16264 log.go:244] (0x1da02f9040a0) (87) Data frame handling
I0815 21:38:08.876457   16264 log.go:244] (0x1da02f9040a0) (87) Data frame sent
I0815 21:38:19.449476   16264 log.go:244] (0x1da02f9040a0) (87) Writing data frame
I0815 21:38:20.092511   16264 log.go:244] (0x1da02f91a580) Data frame received for 87
I0815 21:38:20.185517   16264 log.go:244] (0x1da02f9040a0) (87) Data frame handling
I0815 21:38:20.363617   16264 log.go:244] (0x1da02f9040a0) (87) Data frame sent
I0815 21:38:29.934793   16264 log.go:244] (0x1da02f9040a0) (87) Writing data frame
I0815 21:38:30.239885   16264 log.go:244] (0x1da02f91a580) Data frame received for 87
I0815 21:38:30.384509   16264 log.go:244] (0x1da02f9040a0) (87) Data frame handling
I0815 21:38:30.405859   16264 log.go:244] (0x1da02f9040a0) (87) Data frame sent
I0815 21:38:40.484013   16264 log.go:244] (0x1da02f9040a0) (87) Writing data frame
I0815 21:38:40.517160   16264 log.go:244] (0x1da02f91a580) Data frame received for 87
I0815 21:38:40.572105   16264 log.go:244] (0x1da02f9040a0) (87) Data frame handling
I0815 21:38:40.601557   16264 log.go:244] (0x1da02f9040a0) (87) Data frame sent
I0815 21:38:51.071173   16264 log.go:244] (0x1da02f9040a0) (87) Writing data frame
I0815 21:38:51.073705   16264 log.go:244] (0x1da02f91a580) Data frame received for 87
I0815 21:38:51.074210   16264 log.go:244] (0x1da02f9040a0) (87) Data frame handling
I0815 21:38:51.075288   16264 log.go:244] (0x1da02f9040a0) (87) Data frame sent
I0815 21:39:01.652346   16264 log.go:244] (0x1da02f9040a0) (87) Writing data frame
I0815 21:39:01.680302   16264 log.go:244] (0x1da02f91a580) Data frame received for 87
I0815 21:39:01.751266   16264 log.go:244] (0x1da02f9040a0) (87) Data frame handling
I0815 21:39:01.914850   16264 log.go:244] (0x1da02f9040a0) (87) Data frame sent
I0815 21:39:12.224991   16264 log.go:244] (0x1da02f9040a0) (87) Writing data frame
I0815 21:39:12.248056   16264 log.go:244] (0x1da02f91a580) Data frame received for 87
I0815 21:39:12.263801   16264 log.go:244] (0x1da02f9040a0) (87) Data frame handling
I0815 21:39:12.264303   16264 log.go:244] (0x1da02f9040a0) (87) Data frame sent
I0815 21:39:22.811283   16264 log.go:244] (0x1da02f9040a0) (87) Writing data frame
I0815 21:39:23.012889   16264 log.go:244] (0x1da02f91a580) Data frame received for 87
I0815 21:39:23.017786   16264 log.go:244] (0x1da02f9040a0) (87) Data frame handling
I0815 21:39:23.018321   16264 log.go:244] (0x1da02f9040a0) (87) Data frame sent
I0815 21:39:33.384361   16264 log.go:244] (0x1da02f9040a0) (87) Writing data frame
I0815 21:39:33.463771   16264 log.go:244] (0x1da02f91a580) Data frame received for 87
I0815 21:39:33.473819   16264 log.go:244] (0x1da02f9040a0) (87) Data frame handling
I0815 21:39:33.474345   16264 log.go:244] (0x1da02f9040a0) (87) Data frame sent
I0815 21:39:43.969219   16264 log.go:244] (0x1da02f9040a0) (87) Writing data frame
I0815 21:39:44.039617   16264 log.go:244] (0x1da02f91a580) Data frame received for 87
I0815 21:39:44.160095   16264 log.go:244] (0x1da02f9040a0) (87) Data frame handling
I0815 21:39:44.212196   16264 log.go:244] (0x1da02f9040a0) (87) Data frame sent
I0815 21:39:54.544967   16264 log.go:244] (0x1da02f9040a0) (87) Writing data frame
I0815 21:39:54.550829   16264 log.go:244] (0x1da02f91a580) Data frame received for 87
I0815 21:39:54.561082   16264 log.go:244] (0x1da02f9040a0) (87) Data frame handling
I0815 21:39:54.573908   16264 log.go:244] (0x1da02f9040a0) (87) Data frame sent
I0815 21:40:05.148277   16264 log.go:244] (0x1da02f9040a0) (87) Writing data frame
I0815 21:40:05.163002   16264 log.go:244] (0x1da02f91a580) Data frame received for 87
I0815 21:40:05.202165   16264 log.go:244] (0x1da02f9040a0) (87) Data frame handling
I0815 21:40:05.241590   16264 log.go:244] (0x1da02f9040a0) (87) Data frame sent
I0815 21:40:15.739314   16264 log.go:244] (0x1da02f9040a0) (87) Writing data frame
I0815 21:40:15.813530   16264 log.go:244] (0x1da02f91a580) Data frame received for 87
I0815 21:40:15.814039   16264 log.go:244] (0x1da02f9040a0) (87) Data frame handling
I0815 21:40:15.815625   16264 log.go:244] (0x1da02f9040a0) (87) Data frame sent
I0815 21:40:26.333020   16264 log.go:244] (0x1da02f9040a0) (87) Writing data frame
I0815 21:40:26.361605   16264 log.go:244] (0x1da02f91a580) Data frame received for 87
I0815 21:40:26.362113   16264 log.go:244] (0x1da02f9040a0) (87) Data frame handling
I0815 21:40:26.362651   16264 log.go:244] (0x1da02f9040a0) (87) Data frame sent
I0815 21:40:36.917091   16264 log.go:244] (0x1da02f9040a0) (87) Writing data frame
I0815 21:40:37.121493   16264 log.go:244] (0x1da02f91a580) Data frame received for 87
I0815 21:40:37.249376   16264 log.go:244] (0x1da02f9040a0) (87) Data frame handling
I0815 21:40:37.268822   16264 log.go:244] (0x1da02f9040a0) (87) Data frame sent
I0815 21:40:47.466292   16264 log.go:244] (0x1da02f9040a0) (87) Writing data frame
I0815 21:40:47.522650   16264 log.go:244] (0x1da02f91a580) Data frame received for 87
I0815 21:40:47.595431   16264 log.go:244] (0x1da02f9040a0) (87) Data frame handling
I0815 21:40:47.686785   16264 log.go:244] (0x1da02f9040a0) (87) Data frame sent
I0815 21:40:58.057508   16264 log.go:244] (0x1da02f9040a0) (87) Writing data frame
I0815 21:40:58.062166   16264 log.go:244] (0x1da02f91a580) Data frame received for 87
I0815 21:40:58.062674   16264 log.go:244] (0x1da02f9040a0) (87) Data frame handling
I0815 21:40:58.062674   16264 log.go:244] (0x1da02f9040a0) (87) Data frame sent
I0815 21:41:08.668015   16264 log.go:244] (0x1da02f9040a0) (87) Writing data frame
I0815 21:41:08.681099   16264 log.go:244] (0x1da02f91a580) Data frame received for 87
I0815 21:41:08.740907   16264 log.go:244] (0x1da02f9040a0) (87) Data frame handling
I0815 21:41:08.741416   16264 log.go:244] (0x1da02f9040a0) (87) Data frame sent
I0815 21:41:19.255802   16264 log.go:244] (0x1da02f9040a0) (87) Writing data frame
I0815 21:41:20.132204   16264 log.go:244] (0x1da02f91a580) Data frame received for 87
I0815 21:41:20.151445   16264 log.go:244] (0x1da02f9040a0) (87) Data frame handling
I0815 21:41:20.163727   16264 log.go:244] (0x1da02f9040a0) (87) Data frame sent
I0815 21:41:29.741754   16264 log.go:244] (0x1da02f9040a0) (87) Writing data frame
I0815 21:41:29.917591   16264 log.go:244] (0x1da02f91a580) Data frame received for 87
I0815 21:41:30.161958   16264 log.go:244] (0x1da02f9040a0) (87) Data frame handling
I0815 21:41:30.186466   16264 log.go:244] (0x1da02f9040a0) (87) Data frame sent
I0815 21:41:40.284583   16264 log.go:244] (0x1da02f9040a0) (87) Writing data frame
I0815 21:41:40.506046   16264 log.go:244] (0x1da02f91a580) Data frame received for 87
I0815 21:41:40.561228   16264 log.go:244] (0x1da02f9040a0) (87) Data frame handling
I0815 21:41:40.572653   16264 log.go:244] (0x1da02f9040a0) (87) Data frame sent
I0815 21:41:50.844722   16264 log.go:244] (0x1da02f9040a0) (87) Writing data frame
I0815 21:41:51.020793   16264 log.go:244] (0x1da02f91a580) Data frame received for 87
I0815 21:41:51.218192   16264 log.go:244] (0x1da02f9040a0) (87) Data frame handling
I0815 21:41:51.323482   16264 log.go:244] (0x1da02f9040a0) (87) Data frame sent
I0815 21:42:01.387013   16264 log.go:244] (0x1da02f9040a0) (87) Writing data frame
I0815 21:42:01.411351   16264 log.go:244] (0x1da02f91a580) Data frame received for 87
I0815 21:42:01.420808   16264 log.go:244] (0x1da02f9040a0) (87) Data frame handling
I0815 21:42:01.430029   16264 log.go:244] (0x1da02f9040a0) (87) Data frame sent
I0815 21:42:11.976258   16264 log.go:244] (0x1da02f9040a0) (87) Writing data frame
I0815 21:42:12.046425   16264 log.go:244] (0x1da02f91a580) Data frame received for 87
I0815 21:42:12.118568   16264 log.go:244] (0x1da02f9040a0) (87) Data frame handling
I0815 21:42:12.118568   16264 log.go:244] (0x1da02f9040a0) (87) Data frame sent
I0815 21:42:22.542875   16264 log.go:244] (0x1da02f9040a0) (87) Writing data frame
I0815 21:42:22.671729   16264 log.go:244] (0x1da02f91a580) Data frame received for 87
I0815 21:42:22.780075   16264 log.go:244] (0x1da02f9040a0) (87) Data frame handling
I0815 21:42:22.809291   16264 log.go:244] (0x1da02f9040a0) (87) Data frame sent
I0815 21:42:33.112865   16264 log.go:244] (0x1da02f9040a0) (87) Writing data frame
I0815 21:42:33.236312   16264 log.go:244] (0x1da02f91a580) Data frame received for 87
I0815 21:42:33.300351   16264 log.go:244] (0x1da02f9040a0) (87) Data frame handling
I0815 21:42:33.423301   16264 log.go:244] (0x1da02f9040a0) (87) Data frame sent
I0815 21:42:43.675500   16264 log.go:244] (0x1da02f9040a0) (87) Writing data frame
I0815 21:42:43.769890   16264 log.go:244] (0x1da02f91a580) Data frame received for 87
I0815 21:42:43.912279   16264 log.go:244] (0x1da02f9040a0) (87) Data frame handling
I0815 21:42:43.912279   16264 log.go:244] (0x1da02f9040a0) (87) Data frame sent
I0815 21:42:55.537729   16264 log.go:244] (0x1da02f9040a0) (87) Writing data frame
I0815 21:42:55.581525   16264 log.go:244] (0x1da02f91a580) Data frame received for 87
I0815 21:42:55.599972   16264 log.go:244] (0x1da02f9040a0) (87) Data frame handling
I0815 21:42:55.694006   16264 log.go:244] (0x1da02f9040a0) (87) Data frame sent
I0815 21:43:06.108888   16264 log.go:244] (0x1da02f9040a0) (87) Writing data frame
I0815 21:43:06.289984   16264 log.go:244] (0x1da02f91a580) Data frame received for 87
I0815 21:43:06.454132   16264 log.go:244] (0x1da02f9040a0) (87) Data frame handling
I0815 21:43:06.487140   16264 log.go:244] (0x1da02f9040a0) (87) Data frame sent
I0815 21:43:16.652501   16264 log.go:244] (0x1da02f9040a0) (87) Writing data frame
I0815 21:43:16.697544   16264 log.go:244] (0x1da02f91a580) Data frame received for 87
I0815 21:43:16.764916   16264 log.go:244] (0x1da02f9040a0) (87) Data frame handling
I0815 21:43:16.779668   16264 log.go:244] (0x1da02f9040a0) (87) Data frame sent
I0815 21:43:27.245786   16264 log.go:244] (0x1da02f9040a0) (87) Writing data frame
I0815 21:43:27.311828   16264 log.go:244] (0x1da02f91a580) Data frame received for 87
I0815 21:43:27.377311   16264 log.go:244] (0x1da02f9040a0) (87) Data frame handling
I0815 21:43:27.385850   16264 log.go:244] (0x1da02f9040a0) (87) Data frame sent
I0815 21:43:37.252364   16264 log.go:244] (0x1da02f9040a0) (87) Writing data frame
I0815 21:43:37.651922   16264 log.go:244] (0x1da02f91a580) Data frame received for 87
I0815 21:43:37.666824   16264 log.go:244] (0x1da02f9040a0) (87) Data frame handling
I0815 21:43:37.666824   16264 log.go:244] (0x1da02f9040a0) (87) Data frame sent
I0815 21:43:47.791242   16264 log.go:244] (0x1da02f9040a0) (87) Writing data frame
I0815 21:43:47.810960   16264 log.go:244] (0x1da02f91a580) Data frame received for 87
I0815 21:43:47.811467   16264 log.go:244] (0x1da02f9040a0) (87) Data frame handling
I0815 21:43:47.811467   16264 log.go:244] (0x1da02f9040a0) (87) Data frame sent
I0815 21:43:58.374322   16264 log.go:244] (0x1da02f9040a0) (87) Writing data frame
I0815 21:43:58.730018   16264 log.go:244] (0x1da02f91a580) Data frame received for 87
I0815 21:43:58.817534   16264 log.go:244] (0x1da02f9040a0) (87) Data frame handling
I0815 21:43:58.874748   16264 log.go:244] (0x1da02f9040a0) (87) Data frame sent
I0815 21:44:08.919432   16264 log.go:244] (0x1da02f9040a0) (87) Writing data frame
I0815 21:44:09.019678   16264 log.go:244] (0x1da02f91a580) Data frame received for 87
I0815 21:44:09.072545   16264 log.go:244] (0x1da02f9040a0) (87) Data frame handling
I0815 21:44:09.079647   16264 log.go:244] (0x1da02f9040a0) (87) Data frame sent
I0815 21:44:19.480458   16264 log.go:244] (0x1da02f9040a0) (87) Writing data frame
I0815 21:44:19.563272   16264 log.go:244] (0x1da02f91a580) Data frame received for 87
I0815 21:44:19.638253   16264 log.go:244] (0x1da02f9040a0) (87) Data frame handling
I0815 21:44:19.639465   16264 log.go:244] (0x1da02f9040a0) (87) Data frame sent
I0815 21:44:30.046316   16264 log.go:244] (0x1da02f9040a0) (87) Writing data frame
I0815 21:44:30.094001   16264 log.go:244] (0x1da02f91a580) Data frame received for 87
I0815 21:44:30.193709   16264 log.go:244] (0x1da02f9040a0) (87) Data frame handling
I0815 21:44:30.260545   16264 log.go:244] (0x1da02f9040a0) (87) Data frame sent
I0815 21:44:40.743137   16264 log.go:244] (0x1da02f9040a0) (87) Writing data frame
I0815 21:44:40.827725   16264 log.go:244] (0x1da02f91a580) Data frame received for 87
I0815 21:44:40.936756   16264 log.go:244] (0x1da02f9040a0) (87) Data frame handling
I0815 21:44:40.992970   16264 log.go:244] (0x1da02f9040a0) (87) Data frame sent
I0815 21:44:42.579326   16264 log.go:244] (0x1da02f9040a0) (87) Writing data frame
I0815 21:44:48.299496   16264 log.go:244] (0x1da02f91a580) Data frame received for 87
I0815 21:44:48.613393   16264 log.go:244] (0x1da02f9040a0) (87) Data frame handling
I0815 21:44:48.666588   16264 log.go:244] (0x1da02f9040a0) (87) Data frame sent
I0815 21:44:48.870951   16264 log.go:244] (0x1da02f9040a0) (87) Writing data frame
I0815 21:44:50.842152   16264 log.go:244] (0x1da02f91a580) (0x1da02f88e000) Create stream
I0815 21:44:51.130414   16264 log.go:244] (0x1da02f91a580) (0x1da02f88e000) Stream added, broadcasting: 101
I0815 21:44:51.239011   16264 log.go:244] (0x1da02f91a580) Reply frame received for 101
I0815 21:44:51.301450   16264 log.go:244] (0x1da02f88e000) (101) Writing data frame
I0815 21:44:51.302242   16264 log.go:244] (0x1da02f91a580) (0x1da02f8b6000) Create stream
I0815 21:44:51.401990   16264 log.go:244] (0x1da02f91a580) (0x1da02f8b6000) Stream added, broadcasting: 103
I0815 21:44:51.523021   16264 log.go:244] (0x1da02f91a580) Reply frame received for 103
I0815 21:44:51.712851   16264 log.go:244] (0x1da02f8b6000) (103) Writing data frame
I0815 21:44:51.772713   16264 log.go:244] (0x1da02f91a580) Data frame received for 103
I0815 21:44:51.812586   16264 log.go:244] (0x1da02f8b6000) (103) Data frame handling
I0815 21:44:51.828129   16264 log.go:244] (0x1da02f8b6000) (103) Data frame sent
I0815 21:45:00.269500   16264 log.go:244] (0x1da02f8b6000) (103) Writing data frame
I0815 21:45:00.497187   16264 log.go:244] (0x1da02f91a580) Data frame received for 103
I0815 21:45:00.497187   16264 log.go:244] (0x1da02f8b6000) (103) Data frame handling
I0815 21:45:00.497693   16264 log.go:244] (0x1da02f8b6000) (103) Data frame sent
I0815 21:45:00.618344   16264 log.go:244] (0x1da02f8b6000) (103) Writing data frame
I0815 21:45:00.664070   16264 log.go:244] (0x1da02f91a580) Data frame received for 103
I0815 21:45:00.686227   16264 log.go:244] (0x1da02f8b6000) (103) Data frame handling
I0815 21:45:00.706400   16264 log.go:244] (0x1da02f8b6000) (103) Data frame sent
I0815 21:45:01.620733   16264 log.go:244] (0x1da02f91a580) (0x1da02f8b60a0) Create stream
I0815 21:45:01.620733   16264 log.go:244] (0x1da02f91a580) (0x1da02f8b60a0) Stream added, broadcasting: 105
I0815 21:45:01.623377   16264 log.go:244] (0x1da02f91a580) Reply frame received for 105
I0815 21:45:01.648660   16264 log.go:244] (0x1da02f8b60a0) (105) Writing data frame
I0815 21:45:01.684678   16264 log.go:244] (0x1da02f91a580) (0x1da02f8b6140) Create stream
I0815 21:45:01.721740   16264 log.go:244] (0x1da02f91a580) (0x1da02f8b6140) Stream added, broadcasting: 107
I0815 21:45:01.748769   16264 log.go:244] (0x1da02f91a580) Reply frame received for 107
I0815 21:45:01.984996   16264 log.go:244] (0x1da02f8b6140) (107) Writing data frame
I0815 21:45:02.375587   16264 log.go:244] (0x1da02f91a580) Data frame received for 107
I0815 21:45:02.390186   16264 log.go:244] (0x1da02f8b6140) (107) Data frame handling
I0815 21:45:02.390783   16264 log.go:244] (0x1da02f8b6140) (107) Data frame sent
E0815 21:45:05.530952   16264 portforward.go:502] "Unhandled Error" err="error copying from local connection to remote stream: writeto tcp6 [::1]:8080->[::1]:59879: read tcp6 [::1]:8080->[::1]:59879: wsarecv: An existing connection was forcibly closed by the remote host."
I0815 21:45:05.729604   16264 log.go:244] (0x1da02f8b6140) (107) Writing data frame
I0815 21:45:05.880112   16264 log.go:244] (0x1da02f91a580) (0x1da02f8b6140) Stream removed, broadcasting: 107
I0815 21:45:05.911788   16264 log.go:244] (0x1da02f91a580) Data frame received for 105
I0815 21:45:05.911788   16264 log.go:244] (0x1da02f8b60a0) (105) Data frame handling
I0815 21:45:05.945906   16264 log.go:244] (0x1da02f91a580) (0x1da02f8b60a0) Stream removed, broadcasting: 105
I0815 21:45:06.028915   16264 log.go:244] (0x1da02f91a580) Data frame received for 107
I0815 21:45:06.113400   16264 log.go:244] (0x1da02f91a580) Data frame gone away for 107
I0815 21:45:10.837041   16264 log.go:244] (0x1da02f8b6000) (103) Writing data frame
I0815 21:45:10.843113   16264 log.go:244] (0x1da02f91a580) Data frame received for 103
I0815 21:45:10.910423   16264 log.go:244] (0x1da02f8b6000) (103) Data frame handling
I0815 21:45:10.930677   16264 log.go:244] (0x1da02f8b6000) (103) Data frame sent
I0815 21:45:11.455465   16264 log.go:244] (0x1da02f91a580) Data frame received for 87
I0815 21:45:11.474786   16264 log.go:244] (0x1da02f9040a0) (87) Data frame handling
I0815 21:45:11.475322   16264 log.go:244] (0x1da02f9040a0) (87) Data frame sent
I0815 21:45:11.480139   16264 log.go:244] (0x1da02f91a580) Data frame received for 87
I0815 21:45:11.494676   16264 log.go:244] (0x1da02f9040a0) (87) Data frame handling
I0815 21:45:11.495183   16264 log.go:244] (0x1da02f9040a0) (87) Data frame sent
I0815 21:45:11.574398   16264 log.go:244] (0x1da02f8b6000) (103) Writing data frame
I0815 21:45:12.295736   16264 log.go:244] (0x1da02f91a580) Data frame received for 103
I0815 21:45:12.806769   16264 log.go:244] (0x1da02f8b6000) (103) Data frame handling
I0815 21:45:12.892940   16264 log.go:244] (0x1da02f8b6000) (103) Data frame sent
I0815 21:45:19.260235   16264 log.go:244] (0x1da02f9040a0) (87) Writing data frame
I0815 21:45:19.506418   16264 log.go:244] (0x1da02f91a580) Data frame received for 87
I0815 21:45:19.601334   16264 log.go:244] (0x1da02f9040a0) (87) Data frame handling
I0815 21:45:19.689781   16264 log.go:244] (0x1da02f9040a0) (87) Data frame sent
I0815 21:45:19.724111   16264 log.go:244] (0x1da02f8b6000) (103) Writing data frame
I0815 21:45:19.910872   16264 log.go:244] (0x1da02f91a580) Data frame received for 103
I0815 21:45:19.952842   16264 log.go:244] (0x1da02f8b6000) (103) Data frame handling
I0815 21:45:19.953747   16264 log.go:244] (0x1da02f8b6000) (103) Data frame sent
I0815 21:45:20.847935   16264 log.go:244] (0x1da02f9040a0) (87) Writing data frame
I0815 21:45:20.866332   16264 log.go:244] (0x1da02f91a580) Data frame received for 87
I0815 21:45:20.906188   16264 log.go:244] (0x1da02f9040a0) (87) Data frame handling
I0815 21:45:20.940001   16264 log.go:244] (0x1da02f9040a0) (87) Data frame sent
I0815 21:45:28.715662   16264 log.go:244] (0x1da02f91a580) (0x1da02fc32000) Create stream
I0815 21:45:28.932982   16264 log.go:244] (0x1da02f91a580) (0x1da02fc32000) Stream added, broadcasting: 109
I0815 21:45:29.169312   16264 log.go:244] (0x1da02f91a580) Reply frame received for 109
I0815 21:45:29.265751   16264 log.go:244] (0x1da02fc32000) (109) Writing data frame
I0815 21:45:29.292927   16264 log.go:244] (0x1da02f91a580) (0x1da02fc320a0) Create stream
I0815 21:45:29.305052   16264 log.go:244] (0x1da02f91a580) (0x1da02fc320a0) Stream added, broadcasting: 111
I0815 21:45:29.390018   16264 log.go:244] (0x1da02f91a580) Reply frame received for 111
I0815 21:45:29.405567   16264 log.go:244] (0x1da02fc320a0) (111) Writing data frame
I0815 21:45:30.055093   16264 log.go:244] (0x1da02f91a580) Data frame received for 111
I0815 21:45:30.122720   16264 log.go:244] (0x1da02fc320a0) (111) Data frame handling
I0815 21:45:30.186899   16264 log.go:244] (0x1da02fc320a0) (111) Data frame sent
I0815 21:45:30.227003   16264 log.go:244] (0x1da02f91a580) Data frame received for 111
I0815 21:45:30.234468   16264 log.go:244] (0x1da02fc320a0) (111) Data frame handling
I0815 21:45:30.289550   16264 log.go:244] (0x1da02fc320a0) (111) Data frame sent
E0815 21:45:30.544332   16264 portforward.go:502] "Unhandled Error" err="error copying from local connection to remote stream: writeto tcp6 [::1]:8080->[::1]:59887: read tcp6 [::1]:8080->[::1]:59887: wsarecv: An existing connection was forcibly closed by the remote host."
I0815 21:45:30.544840   16264 log.go:244] (0x1da02fc320a0) (111) Writing data frame
I0815 21:45:30.544840   16264 log.go:244] (0x1da02f91a580) (0x1da02fc320a0) Stream removed, broadcasting: 111
I0815 21:45:30.547909   16264 log.go:244] (0x1da02f91a580) Data frame received for 111
I0815 21:45:30.586904   16264 log.go:244] (0x1da02f91a580) Data frame received for 109
I0815 21:45:30.606378   16264 log.go:244] (0x1da02f91a580) Data frame gone away for 111
I0815 21:45:30.606378   16264 log.go:244] (0x1da02fc32000) (109) Data frame handling
I0815 21:45:30.606883   16264 log.go:244] (0x1da02f91a580) (0x1da02fc32000) Stream removed, broadcasting: 109
I0815 21:45:31.447975   16264 log.go:244] (0x1da02f8b6000) (103) Writing data frame
I0815 21:45:31.479079   16264 log.go:244] (0x1da02f91a580) Data frame received for 103
I0815 21:45:31.480193   16264 log.go:244] (0x1da02f8b6000) (103) Data frame handling
I0815 21:45:31.512082   16264 log.go:244] (0x1da02f8b6000) (103) Data frame sent
I0815 21:45:42.579265   16264 log.go:244] (0x1da02f9040a0) (87) Writing data frame
I0815 21:45:42.709994   16264 log.go:244] (0x1da02f91a580) Data frame received for 87
I0815 21:45:42.742840   16264 log.go:244] (0x1da02f9040a0) (87) Data frame handling
I0815 21:45:42.819440   16264 log.go:244] (0x1da02f9040a0) (87) Data frame sent
I0815 21:45:44.854846   16264 log.go:244] (0x1da02f8b6000) (103) Writing data frame
I0815 21:45:45.017674   16264 log.go:244] (0x1da02f91a580) Data frame received for 103
I0815 21:45:45.166511   16264 log.go:244] (0x1da02f8b6000) (103) Data frame handling
I0815 21:45:45.275536   16264 log.go:244] (0x1da02f8b6000) (103) Data frame sent
I0815 21:45:45.286380   16264 log.go:244] (0x1da02f9040a0) (87) Writing data frame
I0815 21:45:45.893303   16264 log.go:244] (0x1da02f91a580) Data frame received for 87
I0815 21:45:46.009136   16264 log.go:244] (0x1da02f9040a0) (87) Data frame handling
I0815 21:45:46.197742   16264 log.go:244] (0x1da02f9040a0) (87) Data frame sent
I0815 21:45:52.837209   16264 log.go:244] (0x1da02f8b6000) (103) Writing data frame
I0815 21:45:52.980106   16264 log.go:244] (0x1da02f91a580) Data frame received for 103
I0815 21:45:53.019885   16264 log.go:244] (0x1da02f8b6000) (103) Data frame handling
I0815 21:45:53.160514   16264 log.go:244] (0x1da02f8b6000) (103) Data frame sent
I0815 21:46:03.408513   16264 log.go:244] (0x1da02f9040a0) (87) Writing data frame
I0815 21:46:03.465562   16264 log.go:244] (0x1da02f91a580) Data frame received for 87
I0815 21:46:03.515247   16264 log.go:244] (0x1da02f9040a0) (87) Data frame handling
I0815 21:46:03.515247   16264 log.go:244] (0x1da02f9040a0) (87) Data frame sent
I0815 21:46:07.969916   16264 log.go:244] (0x1da02f8b6000) (103) Writing data frame
I0815 21:46:08.124893   16264 log.go:244] (0x1da02f91a580) Data frame received for 103
I0815 21:46:08.265493   16264 log.go:244] (0x1da02f8b6000) (103) Data frame handling
I0815 21:46:08.310955   16264 log.go:244] (0x1da02f8b6000) (103) Data frame sent
I0815 21:46:10.354146   16264 log.go:244] (0x1da02f8b6000) (103) Writing data frame
I0815 21:46:10.395740   16264 log.go:244] (0x1da02f9040a0) (87) Writing data frame
I0815 21:46:10.597805   16264 log.go:244] (0x1da02f91a580) Data frame received for 103
I0815 21:46:10.666015   16264 log.go:244] (0x1da02f8b6000) (103) Data frame handling
I0815 21:46:10.699223   16264 log.go:244] (0x1da02f91a580) Data frame received for 101
I0815 21:46:10.793737   16264 log.go:244] (0x1da02f91a580) (0x1da02f88e0a0) Create stream
I0815 21:46:10.851330   16264 log.go:244] (0x1da02f91a580) Data frame received for 85
I0815 21:46:10.931294   16264 log.go:244] (0x1da02f91a580) Data frame received for 87
I0815 21:46:10.962599   16264 log.go:244] (0x1da02f91a580) (0x1da02f8b6000) Stream removed, broadcasting: 103
I0815 21:46:11.011047   16264 log.go:244] (0x1da02f88e000) (101) Data frame handling
I0815 21:46:11.039851   16264 log.go:244] (0x1da02f8b6320) (85) Data frame handling
I0815 21:46:11.040518   16264 log.go:244] (0x1da02f9040a0) (87) Data frame handling
I0815 21:46:11.041026   16264 log.go:244] (0x1da02f91a580) (0x1da02f8b6000) Stream removed, broadcasting: 103
I0815 21:46:11.130890   16264 log.go:244] (0x1da02f91a580) (0x1da02f88e0a0) Stream added, broadcasting: 113
I0815 21:46:11.195811   16264 log.go:244] (0x1da02f91a580) (0x1da02f88e000) Stream removed, broadcasting: 101
I0815 21:46:11.276864   16264 log.go:244] (0x1da02f91a580) Reply frame received for 113
I0815 21:46:11.317839   16264 log.go:244] (0x1da02f91a580) (0x1da02f8b6320) Stream removed, broadcasting: 85
I0815 21:46:11.344489   16264 log.go:244] (0x1da02f91a580) (0x1da02f9040a0) Stream removed, broadcasting: 87
I0815 21:46:11.345020   16264 log.go:244] (0x1da02f91a580) (0x1da02f9040a0) Stream removed, broadcasting: 87
I0815 21:46:11.345563   16264 log.go:244] (0x1da02f88e0a0) (113) Writing data frame
I0815 21:46:11.346298   16264 log.go:244] (0x1da02f91a580) (0x1da02f904000) Create stream
I0815 21:46:11.346815   16264 log.go:244] (0x1da02f91a580) (0x1da02f904000) Stream added, broadcasting: 115
I0815 21:46:11.350630   16264 log.go:244] (0x1da02f91a580) Reply frame received for 115
I0815 21:46:11.396128   16264 log.go:244] (0x1da02f904000) (115) Writing data frame
I0815 21:46:11.399238   16264 log.go:244] (0x1da02f91a580) Data frame received for 115
I0815 21:46:11.415319   16264 log.go:244] (0x1da02f904000) (115) Data frame handling
I0815 21:46:11.416329   16264 log.go:244] (0x1da02f904000) (115) Data frame sent
I0815 21:46:11.416835   16264 log.go:244] (0x1da02f91a580) Data frame received for 115
I0815 21:46:11.417361   16264 log.go:244] (0x1da02f904000) (115) Data frame handling
I0815 21:46:11.417479   16264 log.go:244] (0x1da02f904000) (115) Data frame sent
I0815 21:46:11.504064   16264 log.go:244] (0x1da02f904000) (115) Writing data frame
I0815 21:46:11.569251   16264 log.go:244] (0x1da02f91a580) (0x1da02f88e140) Create stream
I0815 21:46:11.765817   16264 log.go:244] (0x1da02f91a580) Data frame received for 115
I0815 21:46:11.807063   16264 log.go:244] (0x1da02f91a580) (0x1da02f88e140) Stream added, broadcasting: 117
I0815 21:46:12.044266   16264 log.go:244] (0x1da02f904000) (115) Data frame handling
I0815 21:46:12.175775   16264 log.go:244] (0x1da02f91a580) Reply frame received for 117
I0815 21:46:12.191416   16264 log.go:244] (0x1da02f904000) (115) Data frame sent
I0815 21:46:12.377368   16264 log.go:244] (0x1da02f88e140) (117) Writing data frame
I0815 21:46:12.470683   16264 log.go:244] (0x1da02f91a580) Data frame received for 115
I0815 21:46:12.555461   16264 log.go:244] (0x1da02f91a580) (0x1da02f904140) Create stream
I0815 21:46:12.599935   16264 log.go:244] (0x1da02f904000) (115) Data frame handling
I0815 21:46:12.695304   16264 log.go:244] (0x1da02f904000) (115) Data frame sent
I0815 21:46:12.789156   16264 log.go:244] (0x1da02f91a580) (0x1da02f904140) Stream added, broadcasting: 119
I0815 21:46:12.833333   16264 log.go:244] (0x1da02f91a580) Data frame received for 115
I0815 21:46:12.895278   16264 log.go:244] (0x1da02f91a580) Reply frame received for 119
I0815 21:46:12.896316   16264 log.go:244] (0x1da02f904140) (119) Writing data frame
I0815 21:46:12.969216   16264 log.go:244] (0x1da02f904000) (115) Data frame handling
I0815 21:46:12.969738   16264 log.go:244] (0x1da02f904000) (115) Data frame sent
I0815 21:46:12.970286   16264 log.go:244] (0x1da02f91a580) Data frame received for 115
I0815 21:46:12.970816   16264 log.go:244] (0x1da02f904000) (115) Data frame handling
I0815 21:46:12.970816   16264 log.go:244] (0x1da02f904000) (115) Data frame sent
I0815 21:46:13.029027   16264 log.go:244] (0x1da02f91a580) Data frame received for 115
I0815 21:46:13.046111   16264 log.go:244] (0x1da02f91a580) Data frame received for 119
I0815 21:46:13.098615   16264 log.go:244] (0x1da02f904140) (119) Data frame handling
I0815 21:46:13.099121   16264 log.go:244] (0x1da02f904000) (115) Data frame handling
I0815 21:46:13.145407   16264 log.go:244] (0x1da02f904000) (115) Data frame sent
I0815 21:46:13.466024   16264 log.go:244] (0x1da02f904140) (119) Data frame sent
I0815 21:46:13.592885   16264 log.go:244] (0x1da02f91a580) Data frame received for 115
I0815 21:46:13.593395   16264 log.go:244] (0x1da02f904000) (115) Data frame handling
I0815 21:46:13.666765   16264 log.go:244] (0x1da02f91a580) Data frame received for 119
I0815 21:46:13.667347   16264 log.go:244] (0x1da02f904140) (119) Data frame handling
I0815 21:46:13.706510   16264 log.go:244] (0x1da02f904140) (119) Data frame sent
I0815 21:46:13.771549   16264 log.go:244] (0x1da02f904000) (115) Data frame sent
I0815 21:46:13.796400   16264 log.go:244] (0x1da02f91a580) Data frame received for 119
I0815 21:46:13.797396   16264 log.go:244] (0x1da02f904140) (119) Data frame handling
I0815 21:46:13.801447   16264 log.go:244] (0x1da02f904140) (119) Data frame sent
I0815 21:46:13.801887   16264 log.go:244] (0x1da02f91a580) Data frame received for 115
I0815 21:46:13.802393   16264 log.go:244] (0x1da02f904000) (115) Data frame handling
I0815 21:46:13.802393   16264 log.go:244] (0x1da02f904000) (115) Data frame sent
I0815 21:46:13.802930   16264 log.go:244] (0x1da02f91a580) Data frame received for 115
I0815 21:46:13.803465   16264 log.go:244] (0x1da02f91a580) Data frame received for 119
I0815 21:46:13.803465   16264 log.go:244] (0x1da02f904140) (119) Data frame handling
I0815 21:46:13.804012   16264 log.go:244] (0x1da02f904140) (119) Data frame sent
I0815 21:46:13.804012   16264 log.go:244] (0x1da02f91a580) Data frame received for 119
I0815 21:46:13.966274   16264 log.go:244] (0x1da02f904140) (119) Data frame handling
I0815 21:46:14.084275   16264 log.go:244] (0x1da02f904000) (115) Data frame handling
I0815 21:46:14.155772   16264 log.go:244] (0x1da02f904000) (115) Data frame sent
I0815 21:46:14.244724   16264 log.go:244] (0x1da02f904140) (119) Data frame sent
I0815 21:46:14.285193   16264 log.go:244] (0x1da02f91a580) Data frame received for 115
I0815 21:46:14.338483   16264 log.go:244] (0x1da02f904000) (115) Data frame handling
I0815 21:46:14.426588   16264 log.go:244] (0x1da02f904000) (115) Data frame sent
I0815 21:46:14.473552   16264 log.go:244] (0x1da02f91a580) Data frame received for 115
I0815 21:46:14.513853   16264 log.go:244] (0x1da02f904000) (115) Data frame handling
I0815 21:46:14.679297   16264 log.go:244] (0x1da02f904000) (115) Data frame sent
I0815 21:46:14.749465   16264 log.go:244] (0x1da02f91a580) Data frame received for 115
I0815 21:46:14.811196   16264 log.go:244] (0x1da02f904000) (115) Data frame handling
I0815 21:46:14.811807   16264 log.go:244] (0x1da02f904000) (115) Data frame sent
I0815 21:46:14.862428   16264 log.go:244] (0x1da02f91a580) Data frame received for 115
I0815 21:46:14.862937   16264 log.go:244] (0x1da02f904000) (115) Data frame handling
I0815 21:46:14.924366   16264 log.go:244] (0x1da02f904000) (115) Data frame sent
I0815 21:46:14.924366   16264 log.go:244] (0x1da02f91a580) Data frame received for 115
I0815 21:46:14.966083   16264 log.go:244] (0x1da02f904000) (115) Data frame handling
I0815 21:46:14.966083   16264 log.go:244] (0x1da02f904000) (115) Data frame sent
I0815 21:46:14.967732   16264 log.go:244] (0x1da02f91a580) Data frame received for 115
I0815 21:46:14.968239   16264 log.go:244] (0x1da02f904000) (115) Data frame handling
I0815 21:46:14.968903   16264 log.go:244] (0x1da02f904000) (115) Data frame sent
I0815 21:46:14.969413   16264 log.go:244] (0x1da02f91a580) Data frame received for 115
I0815 21:46:15.017653   16264 log.go:244] (0x1da02f904000) (115) Data frame handling
I0815 21:46:15.018164   16264 log.go:244] (0x1da02f904000) (115) Data frame sent
I0815 21:46:15.018164   16264 log.go:244] (0x1da02f91a580) Data frame received for 115
I0815 21:46:15.018703   16264 log.go:244] (0x1da02f904000) (115) Data frame handling
I0815 21:46:15.025581   16264 log.go:244] (0x1da02f904000) (115) Data frame sent
I0815 21:46:15.025639   16264 log.go:244] (0x1da02f91a580) Data frame received for 115
I0815 21:46:15.026144   16264 log.go:244] (0x1da02f904000) (115) Data frame handling
I0815 21:46:15.092970   16264 log.go:244] (0x1da02f904000) (115) Data frame sent
I0815 21:46:15.093968   16264 log.go:244] (0x1da02f91a580) Data frame received for 115
I0815 21:46:15.162372   16264 log.go:244] (0x1da02f904000) (115) Data frame handling
I0815 21:46:15.172951   16264 log.go:244] (0x1da02f904000) (115) Data frame sent
I0815 21:46:15.211259   16264 log.go:244] (0x1da02f91a580) Data frame received for 115
I0815 21:46:15.211259   16264 log.go:244] (0x1da02f904000) (115) Data frame handling
I0815 21:46:15.211770   16264 log.go:244] (0x1da02f904000) (115) Data frame sent
I0815 21:46:15.212427   16264 log.go:244] (0x1da02f91a580) Data frame received for 115
I0815 21:46:15.212932   16264 log.go:244] (0x1da02f904000) (115) Data frame handling
I0815 21:46:15.212932   16264 log.go:244] (0x1da02f904000) (115) Data frame sent
I0815 21:46:15.213466   16264 log.go:244] (0x1da02f91a580) Data frame received for 115
I0815 21:46:15.214000   16264 log.go:244] (0x1da02f904000) (115) Data frame handling
I0815 21:46:15.214000   16264 log.go:244] (0x1da02f904000) (115) Data frame sent
I0815 21:46:15.214549   16264 log.go:244] (0x1da02f91a580) Data frame received for 115
I0815 21:46:15.215092   16264 log.go:244] (0x1da02f904000) (115) Data frame handling
I0815 21:46:15.215092   16264 log.go:244] (0x1da02f904000) (115) Data frame sent
I0815 21:46:15.215638   16264 log.go:244] (0x1da02f91a580) Data frame received for 115
I0815 21:46:15.215638   16264 log.go:244] (0x1da02f904000) (115) Data frame handling
I0815 21:46:15.216170   16264 log.go:244] (0x1da02f904000) (115) Data frame sent
I0815 21:46:15.216708   16264 log.go:244] (0x1da02f91a580) Data frame received for 115
I0815 21:46:15.216708   16264 log.go:244] (0x1da02f904000) (115) Data frame handling
I0815 21:46:15.217264   16264 log.go:244] (0x1da02f904000) (115) Data frame sent
I0815 21:46:15.217264   16264 log.go:244] (0x1da02f91a580) Data frame received for 115
I0815 21:46:15.217808   16264 log.go:244] (0x1da02f904000) (115) Data frame handling
I0815 21:46:15.217808   16264 log.go:244] (0x1da02f904000) (115) Data frame sent
I0815 21:46:15.218343   16264 log.go:244] (0x1da02f91a580) Data frame received for 115
I0815 21:46:15.218343   16264 log.go:244] (0x1da02f904000) (115) Data frame handling
I0815 21:46:15.218860   16264 log.go:244] (0x1da02f904000) (115) Data frame sent
I0815 21:46:15.218860   16264 log.go:244] (0x1da02f91a580) Data frame received for 115
I0815 21:46:15.219451   16264 log.go:244] (0x1da02f904000) (115) Data frame handling
I0815 21:46:15.219451   16264 log.go:244] (0x1da02f904000) (115) Data frame sent
I0815 21:46:15.219957   16264 log.go:244] (0x1da02f91a580) Data frame received for 115
I0815 21:46:15.219957   16264 log.go:244] (0x1da02f904000) (115) Data frame handling
I0815 21:46:15.220498   16264 log.go:244] (0x1da02f904000) (115) Data frame sent
I0815 21:46:15.220498   16264 log.go:244] (0x1da02f91a580) Data frame received for 115
I0815 21:46:15.221035   16264 log.go:244] (0x1da02f904000) (115) Data frame handling
I0815 21:46:15.221035   16264 log.go:244] (0x1da02f904000) (115) Data frame sent
I0815 21:46:15.221571   16264 log.go:244] (0x1da02f91a580) Data frame received for 115
I0815 21:46:15.221571   16264 log.go:244] (0x1da02f904000) (115) Data frame handling
I0815 21:46:15.222110   16264 log.go:244] (0x1da02f904000) (115) Data frame sent
I0815 21:46:15.222110   16264 log.go:244] (0x1da02f91a580) Data frame received for 115
I0815 21:46:15.222644   16264 log.go:244] (0x1da02f904000) (115) Data frame handling
I0815 21:46:15.222644   16264 log.go:244] (0x1da02f904000) (115) Data frame sent
I0815 21:46:15.223171   16264 log.go:244] (0x1da02f91a580) Data frame received for 115
I0815 21:46:15.223171   16264 log.go:244] (0x1da02f904000) (115) Data frame handling
I0815 21:46:15.223707   16264 log.go:244] (0x1da02f904000) (115) Data frame sent
I0815 21:46:15.223707   16264 log.go:244] (0x1da02f91a580) Data frame received for 115
I0815 21:46:15.224234   16264 log.go:244] (0x1da02f904000) (115) Data frame handling
I0815 21:46:15.224234   16264 log.go:244] (0x1da02f904000) (115) Data frame sent
I0815 21:46:15.224778   16264 log.go:244] (0x1da02f91a580) Data frame received for 115
I0815 21:46:15.224778   16264 log.go:244] (0x1da02f904000) (115) Data frame handling
I0815 21:46:15.225313   16264 log.go:244] (0x1da02f904000) (115) Data frame sent
I0815 21:46:15.225313   16264 log.go:244] (0x1da02f91a580) Data frame received for 115
I0815 21:46:15.225844   16264 log.go:244] (0x1da02f904000) (115) Data frame handling
I0815 21:46:15.225844   16264 log.go:244] (0x1da02f904000) (115) Data frame sent
I0815 21:46:15.226360   16264 log.go:244] (0x1da02f91a580) Data frame received for 115
I0815 21:46:15.226360   16264 log.go:244] (0x1da02f904000) (115) Data frame handling
I0815 21:46:15.226892   16264 log.go:244] (0x1da02f904000) (115) Data frame sent
I0815 21:46:15.226892   16264 log.go:244] (0x1da02f91a580) Data frame received for 115
I0815 21:46:15.227433   16264 log.go:244] (0x1da02f904000) (115) Data frame handling
I0815 21:46:15.227433   16264 log.go:244] (0x1da02f904000) (115) Data frame sent
I0815 21:46:15.227972   16264 log.go:244] (0x1da02f91a580) Data frame received for 115
I0815 21:46:15.228500   16264 log.go:244] (0x1da02f904000) (115) Data frame handling
I0815 21:46:15.228500   16264 log.go:244] (0x1da02f904000) (115) Data frame sent
I0815 21:46:15.229028   16264 log.go:244] (0x1da02f91a580) Data frame received for 115
I0815 21:46:15.229028   16264 log.go:244] (0x1da02f904000) (115) Data frame handling
I0815 21:46:15.229028   16264 log.go:244] (0x1da02f904000) (115) Data frame sent
I0815 21:46:15.229563   16264 log.go:244] (0x1da02f91a580) Data frame received for 115
I0815 21:46:15.229563   16264 log.go:244] (0x1da02f904000) (115) Data frame handling
I0815 21:46:15.230088   16264 log.go:244] (0x1da02f904000) (115) Data frame sent
I0815 21:46:15.230088   16264 log.go:244] (0x1da02f91a580) Data frame received for 115
I0815 21:46:15.230627   16264 log.go:244] (0x1da02f904000) (115) Data frame handling
I0815 21:46:15.231158   16264 log.go:244] (0x1da02f904000) (115) Data frame sent
I0815 21:46:15.231158   16264 log.go:244] (0x1da02f91a580) Data frame received for 115
I0815 21:46:15.231700   16264 log.go:244] (0x1da02f904000) (115) Data frame handling
I0815 21:46:15.231700   16264 log.go:244] (0x1da02f904000) (115) Data frame sent
I0815 21:46:15.232232   16264 log.go:244] (0x1da02f91a580) Data frame received for 115
I0815 21:46:15.232232   16264 log.go:244] (0x1da02f904000) (115) Data frame handling
I0815 21:46:15.232894   16264 log.go:244] (0x1da02f904000) (115) Data frame sent
I0815 21:46:15.232894   16264 log.go:244] (0x1da02f91a580) Data frame received for 115
I0815 21:46:15.233420   16264 log.go:244] (0x1da02f904000) (115) Data frame handling
I0815 21:46:15.233420   16264 log.go:244] (0x1da02f904000) (115) Data frame sent
I0815 21:46:15.233954   16264 log.go:244] (0x1da02f91a580) Data frame received for 115
I0815 21:46:15.233954   16264 log.go:244] (0x1da02f904000) (115) Data frame handling
I0815 21:46:15.233954   16264 log.go:244] (0x1da02f904000) (115) Data frame sent
I0815 21:46:15.234495   16264 log.go:244] (0x1da02f91a580) Data frame received for 115
I0815 21:46:15.235026   16264 log.go:244] (0x1da02f904000) (115) Data frame handling
I0815 21:46:15.235026   16264 log.go:244] (0x1da02f904000) (115) Data frame sent
I0815 21:46:15.235561   16264 log.go:244] (0x1da02f91a580) Data frame received for 115
I0815 21:46:15.235561   16264 log.go:244] (0x1da02f904000) (115) Data frame handling
I0815 21:46:15.236080   16264 log.go:244] (0x1da02f904000) (115) Data frame sent
I0815 21:46:15.295828   16264 log.go:244] (0x1da02f904000) (115) Writing data frame
I0815 21:46:15.298723   16264 log.go:244] (0x1da02f91a580) Data frame received for 115
I0815 21:46:15.299229   16264 log.go:244] (0x1da02f904000) (115) Data frame handling
I0815 21:46:15.299776   16264 log.go:244] (0x1da02f904000) (115) Data frame sent
I0815 21:46:15.300326   16264 log.go:244] (0x1da02f91a580) Data frame received for 115
I0815 21:46:15.300326   16264 log.go:244] (0x1da02f904000) (115) Data frame handling
I0815 21:46:15.300852   16264 log.go:244] (0x1da02f904000) (115) Data frame sent
I0815 21:46:15.301380   16264 log.go:244] (0x1da02f91a580) Data frame received for 115
I0815 21:46:15.301380   16264 log.go:244] (0x1da02f904000) (115) Data frame handling
I0815 21:46:15.301908   16264 log.go:244] (0x1da02f904000) (115) Data frame sent
I0815 21:46:15.301908   16264 log.go:244] (0x1da02f91a580) Data frame received for 115
I0815 21:46:15.302464   16264 log.go:244] (0x1da02f904000) (115) Data frame handling
I0815 21:46:15.303009   16264 log.go:244] (0x1da02f904000) (115) Data frame sent
I0815 21:46:15.303009   16264 log.go:244] (0x1da02f91a580) Data frame received for 115
I0815 21:46:15.303551   16264 log.go:244] (0x1da02f904000) (115) Data frame handling
I0815 21:46:15.303551   16264 log.go:244] (0x1da02f904000) (115) Data frame sent
I0815 21:46:15.304090   16264 log.go:244] (0x1da02f91a580) Data frame received for 115
I0815 21:46:15.304090   16264 log.go:244] (0x1da02f904000) (115) Data frame handling
I0815 21:46:15.304625   16264 log.go:244] (0x1da02f904000) (115) Data frame sent
I0815 21:46:15.304625   16264 log.go:244] (0x1da02f91a580) Data frame received for 115
I0815 21:46:15.305216   16264 log.go:244] (0x1da02f904000) (115) Data frame handling
I0815 21:46:15.305216   16264 log.go:244] (0x1da02f904000) (115) Data frame sent
I0815 21:46:15.305721   16264 log.go:244] (0x1da02f91a580) Data frame received for 115
I0815 21:46:15.305721   16264 log.go:244] (0x1da02f904000) (115) Data frame handling
I0815 21:46:15.306263   16264 log.go:244] (0x1da02f904000) (115) Data frame sent
I0815 21:46:15.306263   16264 log.go:244] (0x1da02f91a580) Data frame received for 115
I0815 21:46:15.306797   16264 log.go:244] (0x1da02f904000) (115) Data frame handling
I0815 21:46:15.306797   16264 log.go:244] (0x1da02f904000) (115) Data frame sent
I0815 21:46:15.307314   16264 log.go:244] (0x1da02f91a580) Data frame received for 115
I0815 21:46:15.307853   16264 log.go:244] (0x1da02f904000) (115) Data frame handling
I0815 21:46:15.307853   16264 log.go:244] (0x1da02f904000) (115) Data frame sent
I0815 21:46:15.308400   16264 log.go:244] (0x1da02f91a580) Data frame received for 115
I0815 21:46:15.308458   16264 log.go:244] (0x1da02f904000) (115) Data frame handling
I0815 21:46:15.308962   16264 log.go:244] (0x1da02f904000) (115) Data frame sent
I0815 21:46:15.309969   16264 log.go:244] (0x1da02f904000) (115) Writing data frame
I0815 21:46:15.313637   16264 log.go:244] (0x1da02f91a580) Data frame received for 115
I0815 21:46:15.546020   16264 log.go:244] (0x1da02f904140) (119) Writing data frame
I0815 21:46:15.576200   16264 log.go:244] (0x1da02f904000) (115) Data frame handling
I0815 21:46:15.689050   16264 log.go:244] (0x1da02f91a580) (0x1da02f8a7860) Create stream
I0815 21:46:15.689558   16264 log.go:244] (0x1da02f91a580) (0x1da02f8a7860) Stream added, broadcasting: 121
I0815 21:46:15.689558   16264 log.go:244] (0x1da02f904000) (115) Data frame sent
I0815 21:46:15.690106   16264 log.go:244] (0x1da02f91a580) Data frame received for 115
I0815 21:46:15.690620   16264 log.go:244] (0x1da02f904000) (115) Data frame handling
I0815 21:46:15.691156   16264 log.go:244] (0x1da02f904000) (115) Data frame sent
I0815 21:46:15.691688   16264 log.go:244] (0x1da02f91a580) (0x1da02fc32140) Create stream
I0815 21:46:15.691688   16264 log.go:244] (0x1da02f91a580) (0x1da02fc32140) Stream added, broadcasting: 123
I0815 21:46:15.692225   16264 log.go:244] (0x1da02f91a580) Data frame received for 115
I0815 21:46:15.692225   16264 log.go:244] (0x1da02f904000) (115) Data frame handling
I0815 21:46:15.692766   16264 log.go:244] (0x1da02f904000) (115) Data frame sent
I0815 21:46:15.693311   16264 log.go:244] (0x1da02f91a580) Data frame received for 115
I0815 21:46:15.693311   16264 log.go:244] (0x1da02f91a580) Reply frame received for 121
I0815 21:46:15.693849   16264 log.go:244] (0x1da02f91a580) (0x1da02f88e320) Create stream
I0815 21:46:15.693849   16264 log.go:244] (0x1da02f904000) (115) Data frame handling
I0815 21:46:15.694403   16264 log.go:244] (0x1da02f904000) (115) Data frame sent
I0815 21:46:15.694403   16264 log.go:244] (0x1da02f91a580) Data frame received for 115
I0815 21:46:15.694948   16264 log.go:244] (0x1da02f8a7860) (121) Writing data frame
I0815 21:46:15.694948   16264 log.go:244] (0x1da02f91a580) Reply frame received for 123
I0815 21:46:15.722045   16264 log.go:244] (0x1da02f91a580) (0x1da02f88e320) Stream added, broadcasting: 125
I0815 21:46:15.734700   16264 log.go:244] (0x1da02f904000) (115) Data frame handling
I0815 21:46:15.734700   16264 log.go:244] (0x1da02f904000) (115) Data frame sent
I0815 21:46:15.735291   16264 log.go:244] (0x1da02f91a580) Data frame received for 115
I0815 21:46:15.735801   16264 log.go:244] (0x1da02f904000) (115) Data frame handling
I0815 21:46:15.735801   16264 log.go:244] (0x1da02fc32140) (123) Writing data frame
I0815 21:46:15.736349   16264 log.go:244] (0x1da02f91a580) (0x1da02f88e460) Create stream
I0815 21:46:15.736889   16264 log.go:244] (0x1da02f904000) (115) Data frame sent
I0815 21:46:15.736889   16264 log.go:244] (0x1da02f91a580) Data frame received for 115
I0815 21:46:15.737440   16264 log.go:244] (0x1da02f91a580) (0x1da02f88e460) Stream added, broadcasting: 127
I0815 21:46:15.737989   16264 log.go:244] (0x1da02f904000) (115) Data frame handling
I0815 21:46:15.738528   16264 log.go:244] (0x1da02f904000) (115) Data frame sent
I0815 21:46:15.739060   16264 log.go:244] (0x1da02f91a580) Data frame received for 115
I0815 21:46:15.739592   16264 log.go:244] (0x1da02f91a580) (0x1da02fc32640) Create stream
I0815 21:46:15.739592   16264 log.go:244] (0x1da02f904000) (115) Data frame handling
I0815 21:46:15.740141   16264 log.go:244] (0x1da02f904000) (115) Data frame sent
I0815 21:46:15.740746   16264 log.go:244] (0x1da02f91a580) Data frame received for 115
I0815 21:46:15.740746   16264 log.go:244] (0x1da02f91a580) Reply frame received for 127
I0815 21:46:15.741332   16264 log.go:244] (0x1da02f91a580) (0x1da02fc32640) Stream added, broadcasting: 129
I0815 21:46:15.741837   16264 log.go:244] (0x1da02f904000) (115) Data frame handling
I0815 21:46:15.741837   16264 log.go:244] (0x1da02f904000) (115) Data frame sent
I0815 21:46:15.742377   16264 log.go:244] (0x1da02f91a580) Data frame received for 115
I0815 21:46:15.742924   16264 log.go:244] (0x1da02f904000) (115) Data frame handling
I0815 21:46:15.742980   16264 log.go:244] (0x1da02f88e460) (127) Writing data frame
I0815 21:46:15.743496   16264 log.go:244] (0x1da02f904000) (115) Data frame sent
I0815 21:46:15.743496   16264 log.go:244] (0x1da02f91a580) Reply frame received for 129
I0815 21:46:15.744027   16264 log.go:244] (0x1da02f91a580) Data frame received for 115
I0815 21:46:15.744571   16264 log.go:244] (0x1da02f904000) (115) Data frame handling
I0815 21:46:15.744571   16264 log.go:244] (0x1da02f904000) (115) Data frame sent
I0815 21:46:15.745695   16264 log.go:244] (0x1da02f91a580) Data frame received for 115
I0815 21:46:15.747392   16264 log.go:244] (0x1da02fc32640) (129) Writing data frame
I0815 21:46:15.747392   16264 log.go:244] (0x1da02f904000) (115) Data frame handling
I0815 21:46:15.748457   16264 log.go:244] (0x1da02f904000) (115) Data frame sent
I0815 21:46:15.748985   16264 log.go:244] (0x1da02f91a580) Data frame received for 115
I0815 21:46:15.749535   16264 log.go:244] (0x1da02f904000) (115) Data frame handling
I0815 21:46:15.749535   16264 log.go:244] (0x1da02f904000) (115) Data frame sent
I0815 21:46:15.750060   16264 log.go:244] (0x1da02f91a580) Data frame received for 115
I0815 21:46:15.750587   16264 log.go:244] (0x1da02f904000) (115) Data frame handling
I0815 21:46:15.750587   16264 log.go:244] (0x1da02f904000) (115) Data frame sent
I0815 21:46:15.751140   16264 log.go:244] (0x1da02f91a580) Data frame received for 115
I0815 21:46:15.751692   16264 log.go:244] (0x1da02f904000) (115) Data frame handling
I0815 21:46:15.751692   16264 log.go:244] (0x1da02f904000) (115) Data frame sent
I0815 21:46:15.753888   16264 log.go:244] (0x1da02f91a580) Data frame received for 115
I0815 21:46:15.755127   16264 log.go:244] (0x1da02f904000) (115) Data frame handling
I0815 21:46:15.756300   16264 log.go:244] (0x1da02f904000) (115) Data frame sent
I0815 21:46:15.756806   16264 log.go:244] (0x1da02f91a580) Data frame received for 115
I0815 21:46:15.757408   16264 log.go:244] (0x1da02f904000) (115) Data frame handling
I0815 21:46:15.759001   16264 log.go:244] (0x1da02f904000) (115) Data frame sent
I0815 21:46:15.759543   16264 log.go:244] (0x1da02f91a580) Data frame received for 115
I0815 21:46:15.762707   16264 log.go:244] (0x1da02f904000) (115) Data frame handling
I0815 21:46:15.762707   16264 log.go:244] (0x1da02f904000) (115) Data frame sent
I0815 21:46:15.763249   16264 log.go:244] (0x1da02f91a580) Data frame received for 115
I0815 21:46:15.763792   16264 log.go:244] (0x1da02f904000) (115) Data frame handling
I0815 21:46:15.765401   16264 log.go:244] (0x1da02f904000) (115) Data frame sent
I0815 21:46:15.765401   16264 log.go:244] (0x1da02f91a580) Data frame received for 129
I0815 21:46:15.766285   16264 log.go:244] (0x1da02f91a580) Data frame received for 127
I0815 21:46:15.766795   16264 log.go:244] (0x1da02f91a580) Data frame received for 115
I0815 21:46:15.767327   16264 log.go:244] (0x1da02fc32640) (129) Data frame handling
I0815 21:46:15.767867   16264 log.go:244] (0x1da02f88e460) (127) Data frame handling
I0815 21:46:15.767867   16264 log.go:244] (0x1da02f904000) (115) Data frame handling
I0815 21:46:15.768398   16264 log.go:244] (0x1da02f904000) (115) Data frame sent
I0815 21:46:15.768950   16264 log.go:244] (0x1da02f91a580) Data frame received for 115
I0815 21:46:15.769476   16264 log.go:244] (0x1da02fc32640) (129) Data frame sent
I0815 21:46:15.769476   16264 log.go:244] (0x1da02f88e460) (127) Data frame sent
I0815 21:46:15.769993   16264 log.go:244] (0x1da02f904000) (115) Data frame handling
I0815 21:46:15.770523   16264 log.go:244] (0x1da02f904000) (115) Data frame sent
I0815 21:46:15.771056   16264 log.go:244] (0x1da02f91a580) Data frame received for 129
I0815 21:46:15.771056   16264 log.go:244] (0x1da02fc32640) (129) Data frame handling
I0815 21:46:15.771651   16264 log.go:244] (0x1da02fc32640) (129) Data frame sent
I0815 21:46:15.772181   16264 log.go:244] (0x1da02f91a580) Data frame received for 115
I0815 21:46:15.772740   16264 log.go:244] (0x1da02f904000) (115) Data frame handling
I0815 21:46:15.773484   16264 log.go:244] (0x1da02f904000) (115) Data frame sent
I0815 21:46:15.774521   16264 log.go:244] (0x1da02f91a580) Data frame received for 115
I0815 21:46:15.775743   16264 log.go:244] (0x1da02f904000) (115) Data frame handling
I0815 21:46:15.776289   16264 log.go:244] (0x1da02f904000) (115) Data frame sent
I0815 21:46:15.776805   16264 log.go:244] (0x1da02f91a580) Data frame received for 115
I0815 21:46:15.776805   16264 log.go:244] (0x1da02f904000) (115) Data frame handling
I0815 21:46:15.777518   16264 log.go:244] (0x1da02f904000) (115) Data frame sent
I0815 21:46:15.778027   16264 log.go:244] (0x1da02f91a580) Data frame received for 115
I0815 21:46:15.779136   16264 log.go:244] (0x1da02f904000) (115) Data frame handling
I0815 21:46:15.779679   16264 log.go:244] (0x1da02f904000) (115) Data frame sent
I0815 21:46:15.779993   16264 log.go:244] (0x1da02f91a580) Data frame received for 115
I0815 21:46:15.780500   16264 log.go:244] (0x1da02f904000) (115) Data frame handling
I0815 21:46:15.781027   16264 log.go:244] (0x1da02f904000) (115) Data frame sent
I0815 21:46:15.781636   16264 log.go:244] (0x1da02f91a580) Data frame received for 115
I0815 21:46:15.782146   16264 log.go:244] (0x1da02f904000) (115) Data frame handling
I0815 21:46:15.782684   16264 log.go:244] (0x1da02f904000) (115) Data frame sent
I0815 21:46:15.782684   16264 log.go:244] (0x1da02f91a580) Data frame received for 115
I0815 21:46:15.783340   16264 log.go:244] (0x1da02f904000) (115) Data frame handling
I0815 21:46:15.783849   16264 log.go:244] (0x1da02f904000) (115) Data frame sent
I0815 21:46:15.783849   16264 log.go:244] (0x1da02f91a580) Data frame received for 115
I0815 21:46:15.784393   16264 log.go:244] (0x1da02f904000) (115) Data frame handling
I0815 21:46:15.784940   16264 log.go:244] (0x1da02f904000) (115) Data frame sent
I0815 21:46:15.784940   16264 log.go:244] (0x1da02f91a580) Data frame received for 115
I0815 21:46:15.785492   16264 log.go:244] (0x1da02f904000) (115) Data frame handling
I0815 21:46:15.785492   16264 log.go:244] (0x1da02f904000) (115) Data frame sent
I0815 21:46:15.786028   16264 log.go:244] (0x1da02f91a580) Data frame received for 115
I0815 21:46:15.786630   16264 log.go:244] (0x1da02f904000) (115) Data frame handling
I0815 21:46:15.787659   16264 log.go:244] (0x1da02f904000) (115) Data frame sent
I0815 21:46:15.787949   16264 log.go:244] (0x1da02f91a580) Data frame received for 115
I0815 21:46:15.788460   16264 log.go:244] (0x1da02f904000) (115) Data frame handling
I0815 21:46:15.789002   16264 log.go:244] (0x1da02f904000) (115) Data frame sent
I0815 21:46:15.789525   16264 log.go:244] (0x1da02f91a580) Data frame received for 115
I0815 21:46:15.790125   16264 log.go:244] (0x1da02f904000) (115) Data frame handling
I0815 21:46:15.790125   16264 log.go:244] (0x1da02f904000) (115) Data frame sent
I0815 21:46:15.790637   16264 log.go:244] (0x1da02f91a580) Data frame received for 115
I0815 21:46:15.791160   16264 log.go:244] (0x1da02f904000) (115) Data frame handling
I0815 21:46:15.791160   16264 log.go:244] (0x1da02f904000) (115) Data frame sent
I0815 21:46:15.791717   16264 log.go:244] (0x1da02f91a580) Data frame received for 115
I0815 21:46:15.792240   16264 log.go:244] (0x1da02f904000) (115) Data frame handling
I0815 21:46:15.792429   16264 log.go:244] (0x1da02f904000) (115) Data frame sent
I0815 21:46:15.792937   16264 log.go:244] (0x1da02f91a580) Data frame received for 115
I0815 21:46:15.793460   16264 log.go:244] (0x1da02f904000) (115) Data frame handling
I0815 21:46:15.793460   16264 log.go:244] (0x1da02f904000) (115) Data frame sent
I0815 21:46:15.793980   16264 log.go:244] (0x1da02f91a580) Data frame received for 115
I0815 21:46:15.794505   16264 log.go:244] (0x1da02f904000) (115) Data frame handling
I0815 21:46:15.795032   16264 log.go:244] (0x1da02f904000) (115) Data frame sent
I0815 21:46:15.795577   16264 log.go:244] (0x1da02f91a580) Data frame received for 115
I0815 21:46:15.796097   16264 log.go:244] (0x1da02f904000) (115) Data frame handling
I0815 21:46:15.797340   16264 log.go:244] (0x1da02f904000) (115) Data frame sent
I0815 21:46:15.797863   16264 log.go:244] (0x1da02f91a580) Data frame received for 115
I0815 21:46:15.797863   16264 log.go:244] (0x1da02f904000) (115) Data frame handling
I0815 21:46:15.798407   16264 log.go:244] (0x1da02f904000) (115) Data frame sent
I0815 21:46:15.798943   16264 log.go:244] (0x1da02f91a580) Data frame received for 115
I0815 21:46:15.798943   16264 log.go:244] (0x1da02f904000) (115) Data frame handling
I0815 21:46:15.799469   16264 log.go:244] (0x1da02f904000) (115) Data frame sent
I0815 21:46:15.799469   16264 log.go:244] (0x1da02f91a580) Data frame received for 115
I0815 21:46:15.800007   16264 log.go:244] (0x1da02f904000) (115) Data frame handling
I0815 21:46:15.800544   16264 log.go:244] (0x1da02f904000) (115) Data frame sent
I0815 21:46:15.801063   16264 log.go:244] (0x1da02f91a580) Data frame received for 115
I0815 21:46:15.801063   16264 log.go:244] (0x1da02f904000) (115) Data frame handling
I0815 21:46:15.801602   16264 log.go:244] (0x1da02f904000) (115) Data frame sent
I0815 21:46:15.802334   16264 log.go:244] (0x1da02f91a580) Data frame received for 115
I0815 21:46:15.802840   16264 log.go:244] (0x1da02f904000) (115) Data frame handling
I0815 21:46:15.802840   16264 log.go:244] (0x1da02f904000) (115) Data frame sent
I0815 21:46:15.803379   16264 log.go:244] (0x1da02f91a580) Data frame received for 115
I0815 21:46:15.803909   16264 log.go:244] (0x1da02f904000) (115) Data frame handling
I0815 21:46:15.803909   16264 log.go:244] (0x1da02f904000) (115) Data frame sent
I0815 21:46:15.804452   16264 log.go:244] (0x1da02f91a580) Data frame received for 115
I0815 21:46:15.804992   16264 log.go:244] (0x1da02f904000) (115) Data frame handling
I0815 21:46:15.804992   16264 log.go:244] (0x1da02f904000) (115) Data frame sent
I0815 21:46:15.805593   16264 log.go:244] (0x1da02f91a580) Data frame received for 115
I0815 21:46:15.805593   16264 log.go:244] (0x1da02f904000) (115) Data frame handling
I0815 21:46:15.806101   16264 log.go:244] (0x1da02f904000) (115) Data frame sent
I0815 21:46:15.806648   16264 log.go:244] (0x1da02f91a580) Data frame received for 115
I0815 21:46:15.806648   16264 log.go:244] (0x1da02f904000) (115) Data frame handling
I0815 21:46:15.807240   16264 log.go:244] (0x1da02f904000) (115) Data frame sent
I0815 21:46:15.807775   16264 log.go:244] (0x1da02f91a580) Data frame received for 115
I0815 21:46:15.808369   16264 log.go:244] (0x1da02f904000) (115) Data frame handling
I0815 21:46:15.809060   16264 log.go:244] (0x1da02f904000) (115) Data frame sent
I0815 21:46:15.809566   16264 log.go:244] (0x1da02f91a580) Data frame received for 115
I0815 21:46:15.809707   16264 log.go:244] (0x1da02f904000) (115) Data frame handling
I0815 21:46:15.810307   16264 log.go:244] (0x1da02f904000) (115) Data frame sent
I0815 21:46:15.810817   16264 log.go:244] (0x1da02f91a580) Reply frame received for 125
I0815 21:46:15.810817   16264 log.go:244] (0x1da02f88e320) (125) Writing data frame
I0815 21:46:15.811453   16264 log.go:244] (0x1da02f91a580) (0x1da02f88e500) Create stream
I0815 21:46:15.811962   16264 log.go:244] (0x1da02f91a580) (0x1da02f88e500) Stream added, broadcasting: 131
I0815 21:46:15.815418   16264 log.go:244] (0x1da02f91a580) Reply frame received for 131
I0815 21:46:15.815925   16264 log.go:244] (0x1da02f88e500) (131) Writing data frame
I0815 21:46:15.832810   16264 log.go:244] (0x1da02f91a580) Data frame received for 131
I0815 21:46:15.854582   16264 log.go:244] (0x1da02f88e500) (131) Data frame handling
I0815 21:46:15.854582   16264 log.go:244] (0x1da02f88e500) (131) Data frame sent
I0815 21:46:16.332275   16264 log.go:244] (0x1da02f904000) (115) Writing data frame
I0815 21:46:16.591671   16264 log.go:244] (0x1da02f91a580) Data frame received for 115
I0815 21:46:16.701083   16264 log.go:244] (0x1da02f904000) (115) Data frame handling
I0815 21:46:16.783189   16264 log.go:244] (0x1da02f904000) (115) Data frame sent
I0815 21:46:17.174512   16264 log.go:244] (0x1da02f91a580) Data frame received for 119
I0815 21:46:17.233474   16264 log.go:244] (0x1da02f904140) (119) Data frame handling
I0815 21:46:17.429604   16264 log.go:244] (0x1da02f904140) (119) Data frame sent
I0815 21:46:25.359093   16264 log.go:244] (0x1da02f904000) (115) Writing data frame
I0815 21:46:25.422802   16264 log.go:244] (0x1da02f91a580) Data frame received for 115
I0815 21:46:25.506354   16264 log.go:244] (0x1da02f904000) (115) Data frame handling
I0815 21:46:25.617471   16264 log.go:244] (0x1da02f904000) (115) Data frame sent
I0815 21:46:26.673674   16264 log.go:244] (0x1da02f904000) (115) Writing data frame
I0815 21:46:26.755391   16264 log.go:244] (0x1da02f91a580) Data frame received for 115
I0815 21:46:26.872002   16264 log.go:244] (0x1da02f904000) (115) Data frame handling
I0815 21:46:27.021822   16264 log.go:244] (0x1da02f904000) (115) Data frame sent
I0815 21:46:35.687061   16264 log.go:244] (0x1da02f904000) (115) Writing data frame
I0815 21:46:35.852733   16264 log.go:244] (0x1da02f91a580) Data frame received for 115
I0815 21:46:35.938509   16264 log.go:244] (0x1da02f904000) (115) Data frame handling
I0815 21:46:35.982255   16264 log.go:244] (0x1da02f904000) (115) Data frame sent
I0815 21:46:46.257406   16264 log.go:244] (0x1da02f904000) (115) Writing data frame
I0815 21:46:46.260542   16264 log.go:244] (0x1da02f91a580) Data frame received for 115
I0815 21:46:46.260542   16264 log.go:244] (0x1da02f904000) (115) Data frame handling
I0815 21:46:46.261053   16264 log.go:244] (0x1da02f904000) (115) Data frame sent
I0815 21:46:56.852914   16264 log.go:244] (0x1da02f904000) (115) Writing data frame
I0815 21:46:56.857742   16264 log.go:244] (0x1da02f91a580) Data frame received for 115
I0815 21:46:56.885861   16264 log.go:244] (0x1da02f904000) (115) Data frame handling
I0815 21:46:56.925175   16264 log.go:244] (0x1da02f904000) (115) Data frame sent
I0815 21:47:07.635660   16264 log.go:244] (0x1da02f904000) (115) Writing data frame
I0815 21:47:07.638439   16264 log.go:244] (0x1da02f91a580) Data frame received for 115
I0815 21:47:07.639221   16264 log.go:244] (0x1da02f904000) (115) Data frame handling
I0815 21:47:07.639792   16264 log.go:244] (0x1da02f904000) (115) Data frame sent
I0815 21:47:17.654138   16264 log.go:244] (0x1da02f904000) (115) Writing data frame
I0815 21:47:17.656939   16264 log.go:244] (0x1da02f91a580) Data frame received for 115
I0815 21:47:17.656939   16264 log.go:244] (0x1da02f904000) (115) Data frame handling
I0815 21:47:17.657446   16264 log.go:244] (0x1da02f904000) (115) Data frame sent
I0815 21:47:21.021191   16264 log.go:244] (0x1da02f91a580) Data frame received for 123
I0815 21:47:21.022278   16264 log.go:244] (0x1da02fc32140) (123) Data frame handling
I0815 21:47:21.022278   16264 log.go:244] (0x1da02f91a580) Data frame received for 121
I0815 21:47:21.022814   16264 log.go:244] (0x1da02f91a580) Data frame received for 127
I0815 21:47:21.022814   16264 log.go:244] (0x1da02f91a580) Data frame received for 129
I0815 21:47:21.023347   16264 log.go:244] (0x1da02f91a580) (0x1da02fc32140) Stream removed, broadcasting: 123
I0815 21:47:21.023884   16264 log.go:244] (0x1da02fc32640) (129) Data frame handling
I0815 21:47:21.023884   16264 log.go:244] (0x1da02f91a580) (0x1da02fc32640) Stream removed, broadcasting: 129
I0815 21:47:21.024422   16264 log.go:244] (0x1da02f8a7860) (121) Data frame handling
I0815 21:47:21.024422   16264 log.go:244] (0x1da02f88e460) (127) Data frame handling
I0815 21:47:21.025015   16264 log.go:244] (0x1da02f91a580) (0x1da02fc32640) Stream removed, broadcasting: 129
I0815 21:47:21.025586   16264 log.go:244] (0x1da02f91a580) (0x1da02f8a7860) Stream removed, broadcasting: 121
I0815 21:47:21.026095   16264 log.go:244] (0x1da02f91a580) (0x1da02f88e460) Stream removed, broadcasting: 127
I0815 21:47:21.026664   16264 log.go:244] (0x1da02f91a580) (0x1da02f88e460) Stream removed, broadcasting: 127
I0815 21:47:21.090488   16264 log.go:244] (0x1da02f91a580) Data frame received for 131
I0815 21:47:21.091021   16264 log.go:244] (0x1da02f88e500) (131) Data frame handling
I0815 21:47:21.091021   16264 log.go:244] (0x1da02f91a580) (0x1da02f88e500) Stream removed, broadcasting: 131
I0815 21:47:21.091567   16264 log.go:244] (0x1da02f91a580) Data frame received for 125
I0815 21:47:21.091567   16264 log.go:244] (0x1da02f88e320) (125) Data frame handling
I0815 21:47:21.092646   16264 log.go:244] (0x1da02f91a580) (0x1da02f88e320) Stream removed, broadcasting: 125
I0815 21:47:21.093599   16264 log.go:244] (0x1da02f91a580) (0x1da02f88e500) Stream removed, broadcasting: 131
I0815 21:47:22.422810   16264 log.go:244] (0x1da02f91a580) Data frame received for 117
I0815 21:47:22.423852   16264 log.go:244] (0x1da02f88e140) (117) Data frame handling
I0815 21:47:22.423852   16264 log.go:244] (0x1da02f91a580) Data frame received for 119
I0815 21:47:22.424383   16264 log.go:244] (0x1da02f91a580) (0x1da02f88e140) Stream removed, broadcasting: 117
I0815 21:47:22.424437   16264 log.go:244] (0x1da02f904140) (119) Data frame handling
I0815 21:47:22.424941   16264 log.go:244] (0x1da02f91a580) (0x1da02f904140) Stream removed, broadcasting: 119
I0815 21:47:22.425481   16264 log.go:244] (0x1da02f91a580) (0x1da02f904140) Stream removed, broadcasting: 119
I0815 21:47:27.879013   16264 log.go:244] (0x1da02f904000) (115) Writing data frame
I0815 21:47:27.883637   16264 log.go:244] (0x1da02f91a580) Data frame received for 115
I0815 21:47:27.883637   16264 log.go:244] (0x1da02f904000) (115) Data frame handling
I0815 21:47:27.884155   16264 log.go:244] (0x1da02f904000) (115) Data frame sent
I0815 21:47:38.475993   16264 log.go:244] (0x1da02f904000) (115) Writing data frame
I0815 21:47:38.479092   16264 log.go:244] (0x1da02f91a580) Data frame received for 115
I0815 21:47:38.479092   16264 log.go:244] (0x1da02f904000) (115) Data frame handling
I0815 21:47:38.479596   16264 log.go:244] (0x1da02f904000) (115) Data frame sent
I0815 21:47:38.594145   16264 log.go:244] (0x1da02f904000) (115) Writing data frame
I0815 21:47:38.616720   16264 log.go:244] (0x1da02f91a580) Data frame received for 113
I0815 21:47:38.656734   16264 log.go:244] (0x1da02f91a580) Data frame received for 115
I0815 21:47:38.748143   16264 log.go:244] (0x1da02f904000) (115) Data frame handling
I0815 21:47:38.798930   16264 log.go:244] (0x1da02f88e0a0) (113) Data frame handling
I0815 21:47:38.824678   16264 log.go:244] (0x1da02f91a580) (0x1da02f8b6000) Create stream
I0815 21:47:38.905713   16264 log.go:244] (0x1da02f91a580) (0x1da02f904000) Stream removed, broadcasting: 115
I0815 21:47:38.905713   16264 log.go:244] (0x1da02f91a580) (0x1da02f904000) Stream removed, broadcasting: 115
I0815 21:47:38.945135   16264 log.go:244] (0x1da02f91a580) (0x1da02f88e0a0) Stream removed, broadcasting: 113
I0815 21:47:38.945672   16264 log.go:244] (0x1da02f91a580) (0x1da02f8b6000) Stream added, broadcasting: 133
I0815 21:47:38.950325   16264 log.go:244] (0x1da02f91a580) Reply frame received for 133
I0815 21:47:38.989172   16264 log.go:244] (0x1da02f8b6000) (133) Writing data frame
I0815 21:47:38.989679   16264 log.go:244] (0x1da02f91a580) (0x1da02f8b60a0) Create stream
I0815 21:47:38.990727   16264 log.go:244] (0x1da02f91a580) (0x1da02f8b60a0) Stream added, broadcasting: 135
I0815 21:47:38.993728   16264 log.go:244] (0x1da02f91a580) Reply frame received for 135
I0815 21:47:38.994885   16264 log.go:244] (0x1da02f8b60a0) (135) Writing data frame
I0815 21:47:39.011329   16264 log.go:244] (0x1da02f91a580) Data frame received for 135
I0815 21:47:39.055617   16264 log.go:244] (0x1da02f8b60a0) (135) Data frame handling
I0815 21:47:39.251817   16264 log.go:244] (0x1da02f8b60a0) (135) Data frame sent
I0815 21:47:39.252663   16264 log.go:244] (0x1da02f8b60a0) (135) Writing data frame
I0815 21:47:39.378684   16264 log.go:244] (0x1da02f91a580) (0x1da02f9040a0) Create stream
I0815 21:47:39.383605   16264 log.go:244] (0x1da02f91a580) (0x1da02f9040a0) Stream added, broadcasting: 137
I0815 21:47:39.384208   16264 log.go:244] (0x1da02f91a580) Data frame received for 135
I0815 21:47:39.385494   16264 log.go:244] (0x1da02f91a580) Data frame received for 133
I0815 21:47:39.386533   16264 log.go:244] (0x1da02f91a580) (0x1da02fc32000) Create stream
I0815 21:47:39.387659   16264 log.go:244] (0x1da02f8b60a0) (135) Data frame handling
I0815 21:47:39.398322   16264 log.go:244] (0x1da02f8b6000) (133) Data frame handling
I0815 21:47:39.431859   16264 log.go:244] (0x1da02f91a580) Reply frame received for 137
I0815 21:47:39.545008   16264 log.go:244] (0x1da02f91a580) (0x1da02fc32000) Stream added, broadcasting: 139
I0815 21:47:39.554462   16264 log.go:244] (0x1da02f9040a0) (137) Writing data frame
I0815 21:47:39.638097   16264 log.go:244] (0x1da02f91a580) (0x1da02f8b60a0) Stream removed, broadcasting: 135
I0815 21:47:39.734669   16264 log.go:244] (0x1da02f91a580) (0x1da02f8a79a0) Create stream
I0815 21:47:39.801833   16264 log.go:244] (0x1da02f91a580) (0x1da02f8b60a0) Stream removed, broadcasting: 135
I0815 21:47:39.830363   16264 log.go:244] (0x1da02f91a580) Reply frame received for 139
I0815 21:47:39.846530   16264 log.go:244] (0x1da02f91a580) (0x1da02f8b6000) Stream removed, broadcasting: 133
I0815 21:47:39.847502   16264 log.go:244] (0x1da02fc32000) (139) Writing data frame
I0815 21:47:39.848009   16264 log.go:244] (0x1da02f91a580) (0x1da02f8a79a0) Stream added, broadcasting: 141
I0815 21:47:39.889517   16264 log.go:244] (0x1da02f91a580) (0x1da02f88e000) Create stream
I0815 21:47:39.890022   16264 log.go:244] (0x1da02f91a580) (0x1da02f88e000) Stream added, broadcasting: 143
I0815 21:47:39.891095   16264 log.go:244] (0x1da02f91a580) (0x1da02f88e5a0) Create stream
I0815 21:47:39.891817   16264 log.go:244] (0x1da02f91a580) (0x1da02f88e5a0) Stream added, broadcasting: 145
I0815 21:47:39.892325   16264 log.go:244] (0x1da02f91a580) Reply frame received for 141
I0815 21:47:39.920905   16264 log.go:244] (0x1da02f91a580) Reply frame received for 143
I0815 21:47:40.011121   16264 log.go:244] (0x1da02f91a580) (0x1da02f88e640) Create stream
I0815 21:47:40.043473   16264 log.go:244] (0x1da02f91a580) Reply frame received for 145
I0815 21:47:40.146542   16264 log.go:244] (0x1da02f8a79a0) (141) Writing data frame
I0815 21:47:40.147048   16264 log.go:244] (0x1da02f88e000) (143) Writing data frame
I0815 21:47:40.147584   16264 log.go:244] (0x1da02f91a580) (0x1da02f88e640) Stream added, broadcasting: 147
I0815 21:47:40.148125   16264 log.go:244] (0x1da02f88e5a0) (145) Writing data frame
I0815 21:47:40.171075   16264 log.go:244] (0x1da02f91a580) (0x1da02f88e6e0) Create stream
I0815 21:47:40.181180   16264 log.go:244] (0x1da02f91a580) Reply frame received for 147
I0815 21:47:40.181767   16264 log.go:244] (0x1da02f91a580) (0x1da02f88e6e0) Stream added, broadcasting: 149
I0815 21:47:40.182276   16264 log.go:244] (0x1da02f88e640) (147) Writing data frame
I0815 21:47:40.182814   16264 log.go:244] (0x1da02f91a580) (0x1da02f8a7b80) Create stream
I0815 21:47:40.183351   16264 log.go:244] (0x1da02f91a580) (0x1da02f8a7b80) Stream added, broadcasting: 151
I0815 21:47:40.184057   16264 log.go:244] (0x1da02f91a580) (0x1da02f8a7c20) Create stream
I0815 21:47:40.184057   16264 log.go:244] (0x1da02f91a580) (0x1da02f8a7c20) Stream added, broadcasting: 153
I0815 21:47:40.184690   16264 log.go:244] (0x1da02f91a580) (0x1da02f8a7d60) Create stream
I0815 21:47:40.185202   16264 log.go:244] (0x1da02f91a580) (0x1da02f8a7d60) Stream added, broadcasting: 155
I0815 21:47:40.185722   16264 log.go:244] (0x1da02f91a580) (0x1da02f8a7e00) Create stream
I0815 21:47:40.186253   16264 log.go:244] (0x1da02f91a580) (0x1da02f8a7e00) Stream added, broadcasting: 157
I0815 21:47:40.186776   16264 log.go:244] (0x1da02f91a580) (0x1da02f97e0a0) Create stream
I0815 21:47:40.211899   16264 log.go:244] (0x1da02f91a580) Reply frame received for 151
I0815 21:47:40.212899   16264 log.go:244] (0x1da02f91a580) Reply frame received for 149
I0815 21:47:40.221590   16264 log.go:244] (0x1da02f91a580) Reply frame received for 153
I0815 21:47:40.222154   16264 log.go:244] (0x1da02f91a580) Reply frame received for 155
I0815 21:47:40.232408   16264 log.go:244] (0x1da02f91a580) Reply frame received for 157
I0815 21:47:40.233053   16264 log.go:244] (0x1da02f91a580) (0x1da02f97e0a0) Stream added, broadcasting: 159
I0815 21:47:40.233053   16264 log.go:244] (0x1da02f88e6e0) (149) Writing data frame
I0815 21:47:40.233710   16264 log.go:244] (0x1da02f8a7b80) (151) Writing data frame
I0815 21:47:40.234218   16264 log.go:244] (0x1da02f8a7d60) (155) Writing data frame
I0815 21:47:40.234738   16264 log.go:244] (0x1da02f8a7d60) (155) Writing data frame
I0815 21:47:40.234968   16264 log.go:244] (0x1da02f8a7e00) (157) Writing data frame
I0815 21:47:40.235473   16264 log.go:244] (0x1da02f8a7c20) (153) Writing data frame
I0815 21:47:40.235473   16264 log.go:244] (0x1da02f88e6e0) (149) Writing data frame
I0815 21:47:40.236023   16264 log.go:244] (0x1da02f8a7b80) (151) Writing data frame
I0815 21:47:40.236548   16264 log.go:244] (0x1da02f8a7e00) (157) Writing data frame
I0815 21:47:40.236548   16264 log.go:244] (0x1da02f8a7c20) (153) Writing data frame
I0815 21:47:40.237088   16264 log.go:244] (0x1da02f91a580) Reply frame received for 159
I0815 21:47:40.237612   16264 log.go:244] (0x1da02f97e0a0) (159) Writing data frame
I0815 21:47:40.238680   16264 log.go:244] (0x1da02f91a580) Data frame received for 151
I0815 21:47:40.241845   16264 log.go:244] (0x1da02f8a7b80) (151) Data frame handling
I0815 21:47:40.242922   16264 log.go:244] (0x1da02f8a7b80) (151) Data frame sent
I0815 21:47:40.243472   16264 log.go:244] (0x1da02f91a580) Data frame received for 157
I0815 21:47:40.243472   16264 log.go:244] (0x1da02f91a580) Data frame received for 155
I0815 21:47:40.244015   16264 log.go:244] (0x1da02f91a580) Data frame received for 153
I0815 21:47:40.244556   16264 log.go:244] (0x1da02f91a580) Data frame received for 149
I0815 21:47:40.244625   16264 log.go:244] (0x1da02f91a580) Data frame received for 151
I0815 21:47:40.245132   16264 log.go:244] (0x1da02f8a7e00) (157) Data frame handling
I0815 21:47:40.247725   16264 log.go:244] (0x1da02f8a7d60) (155) Data frame handling
I0815 21:47:40.247839   16264 log.go:244] (0x1da02f8a7c20) (153) Data frame handling
I0815 21:47:40.248346   16264 log.go:244] (0x1da02f88e6e0) (149) Data frame handling
I0815 21:47:40.248346   16264 log.go:244] (0x1da02f8a7b80) (151) Data frame handling
I0815 21:47:40.248885   16264 log.go:244] (0x1da02f8a7e00) (157) Data frame sent
I0815 21:47:40.249436   16264 log.go:244] (0x1da02f8a7d60) (155) Data frame sent
E0815 21:47:40.249436   16264 portforward.go:489] "Unhandled Error" err="error copying from remote stream to local connection: readfrom tcp4 127.0.0.1:8080->127.0.0.1:58300: write tcp4 127.0.0.1:8080->127.0.0.1:58300: wsasend: An established connection was aborted by the software in your host machine."
I0815 21:47:40.249985   16264 log.go:244] (0x1da02f8a7c20) (153) Data frame sent
I0815 21:47:40.250507   16264 log.go:244] (0x1da02f88e6e0) (149) Data frame sent
I0815 21:47:40.251033   16264 log.go:244] (0x1da02f8a7b80) (151) Data frame sent
I0815 21:47:40.251594   16264 log.go:244] (0x1da02f91a580) Data frame received for 137
I0815 21:47:40.251594   16264 log.go:244] (0x1da02f91a580) Data frame received for 155
I0815 21:47:40.252133   16264 log.go:244] (0x1da02f91a580) (0x1da02f8a7b80) Stream removed, broadcasting: 151
I0815 21:47:40.252133   16264 log.go:244] (0x1da02f91a580) Data frame received for 153
I0815 21:47:40.252654   16264 log.go:244] (0x1da02f91a580) Data frame received for 149
I0815 21:47:40.253491   16264 log.go:244] (0x1da02f91a580) Data frame received for 141
I0815 21:47:40.253491   16264 log.go:244] (0x1da02f8a7d60) (155) Data frame handling
I0815 21:47:40.253996   16264 log.go:244] (0x1da02f9040a0) (137) Data frame handling
E0815 21:47:40.254521   16264 portforward.go:489] "Unhandled Error" err="error copying from remote stream to local connection: readfrom tcp4 127.0.0.1:8080->127.0.0.1:58302: write tcp4 127.0.0.1:8080->127.0.0.1:58302: wsasend: An established connection was aborted by the software in your host machine."
I0815 21:47:40.255598   16264 log.go:244] (0x1da02f8a7c20) (153) Data frame handling
I0815 21:47:40.256659   16264 log.go:244] (0x1da02f88e6e0) (149) Data frame handling
I0815 21:47:40.257200   16264 log.go:244] (0x1da02f8a79a0) (141) Data frame handling
I0815 21:47:40.257723   16264 log.go:244] (0x1da02f8a7d60) (155) Data frame sent
I0815 21:47:40.257723   16264 log.go:244] (0x1da02f91a580) (0x1da02f9040a0) Stream removed, broadcasting: 137
I0815 21:47:40.258329   16264 log.go:244] (0x1da02f8a7c20) (153) Data frame sent
E0815 21:47:40.257200   16264 portforward.go:489] "Unhandled Error" err="error copying from remote stream to local connection: readfrom tcp4 127.0.0.1:8080->127.0.0.1:58301: write tcp4 127.0.0.1:8080->127.0.0.1:58301: wsasend: An established connection was aborted by the software in your host machine."
I0815 21:47:40.258836   16264 log.go:244] (0x1da02f91a580) Data frame received for 155
I0815 21:47:40.259377   16264 log.go:244] (0x1da02f91a580) Data frame received for 157
I0815 21:47:40.260548   16264 log.go:244] (0x1da02f91a580) (0x1da02f8a7d60) Stream removed, broadcasting: 155
I0815 21:47:40.264122   16264 log.go:244] (0x1da02f91a580) Data frame received for 143
I0815 21:47:40.266739   16264 log.go:244] (0x1da02f91a580) Data frame gone away for 155
I0815 21:47:40.268365   16264 log.go:244] (0x1da02f91a580) Data frame received for 145
I0815 21:47:40.269886   16264 log.go:244] (0x1da02f8a7e00) (157) Data frame handling
I0815 21:47:40.269886   16264 log.go:244] (0x1da02f91a580) (0x1da02f88e6e0) Stream removed, broadcasting: 149
I0815 21:47:40.271501   16264 log.go:244] (0x1da02f91a580) Data frame received for 139
I0815 21:47:40.272037   16264 log.go:244] (0x1da02f88e000) (143) Data frame handling
I0815 21:47:40.272101   16264 log.go:244] (0x1da02f88e5a0) (145) Data frame handling
I0815 21:47:40.272607   16264 log.go:244] (0x1da02f91a580) (0x1da02f88e6e0) Stream removed, broadcasting: 149
I0815 21:47:40.273136   16264 log.go:244] (0x1da02fc32000) (139) Data frame handling
I0815 21:47:40.273750   16264 log.go:244] (0x1da02f91a580) (0x1da02f8a79a0) Stream removed, broadcasting: 141
I0815 21:47:40.274255   16264 log.go:244] (0x1da02f91a580) Data frame received for 151
I0815 21:47:40.274832   16264 log.go:244] (0x1da02f91a580) (0x1da02f8a7c20) Stream removed, broadcasting: 153
I0815 21:47:40.274832   16264 log.go:244] (0x1da02f91a580) Data frame gone away for 151
I0815 21:47:40.275338   16264 log.go:244] (0x1da02f91a580) (0x1da02f8a7e00) Stream removed, broadcasting: 157
I0815 21:47:40.275871   16264 log.go:244] (0x1da02f91a580) (0x1da02f8a7e00) Stream removed, broadcasting: 157
I0815 21:47:40.275871   16264 log.go:244] (0x1da02f91a580) (0x1da02f88e000) Stream removed, broadcasting: 143
I0815 21:47:40.276407   16264 log.go:244] (0x1da02f91a580) Data frame received for 153
I0815 21:47:40.276924   16264 log.go:244] (0x1da02f91a580) (0x1da02f88e5a0) Stream removed, broadcasting: 145
I0815 21:47:40.276924   16264 log.go:244] (0x1da02f91a580) Data frame gone away for 153
I0815 21:47:40.277514   16264 log.go:244] (0x1da02f91a580) (0x1da02fc32000) Stream removed, broadcasting: 139
I0815 21:47:40.278022   16264 log.go:244] (0x1da02f91a580) Data frame received for 159
I0815 21:47:40.278022   16264 log.go:244] (0x1da02f97e0a0) (159) Data frame handling
I0815 21:47:40.278559   16264 log.go:244] (0x1da02f97e0a0) (159) Data frame sent
I0815 21:47:40.372395   16264 log.go:244] (0x1da02f97e0a0) (159) Writing data frame
I0815 21:47:40.383362   16264 log.go:244] (0x1da02f91a580) Data frame received for 159
I0815 21:47:40.453703   16264 log.go:244] (0x1da02f97e0a0) (159) Data frame handling
I0815 21:47:40.454877   16264 log.go:244] (0x1da02f91a580) (0x1da02f88e780) Create stream
I0815 21:47:40.455412   16264 log.go:244] (0x1da02f91a580) (0x1da02f88e780) Stream added, broadcasting: 161
I0815 21:47:40.455939   16264 log.go:244] (0x1da02f97e0a0) (159) Data frame sent
I0815 21:47:40.456670   16264 log.go:244] (0x1da02f91a580) Data frame received for 159
I0815 21:47:40.456670   16264 log.go:244] (0x1da02f97e0a0) (159) Data frame handling
I0815 21:47:40.457176   16264 log.go:244] (0x1da02f97e0a0) (159) Data frame sent
I0815 21:47:40.457801   16264 log.go:244] (0x1da02f91a580) Data frame received for 159
I0815 21:47:40.458309   16264 log.go:244] (0x1da02f97e0a0) (159) Data frame handling
I0815 21:47:40.458840   16264 log.go:244] (0x1da02f97e0a0) (159) Data frame sent
I0815 21:47:40.458840   16264 log.go:244] (0x1da02f91a580) Data frame received for 159
I0815 21:47:40.459381   16264 log.go:244] (0x1da02f97e0a0) (159) Data frame handling
I0815 21:47:40.459381   16264 log.go:244] (0x1da02f97e0a0) (159) Data frame sent
I0815 21:47:40.459920   16264 log.go:244] (0x1da02f91a580) Data frame received for 159
I0815 21:47:40.460468   16264 log.go:244] (0x1da02f91a580) Reply frame received for 161
I0815 21:47:40.460468   16264 log.go:244] (0x1da02f88e780) (161) Writing data frame
I0815 21:47:40.461008   16264 log.go:244] (0x1da02f97e0a0) (159) Data frame handling
I0815 21:47:40.461702   16264 log.go:244] (0x1da02f97e0a0) (159) Data frame sent
I0815 21:47:40.462798   16264 log.go:244] (0x1da02f91a580) Data frame received for 159
I0815 21:47:40.463332   16264 log.go:244] (0x1da02f91a580) (0x1da02fc320a0) Create stream
I0815 21:47:40.463332   16264 log.go:244] (0x1da02f91a580) (0x1da02fc320a0) Stream added, broadcasting: 163
I0815 21:47:40.463880   16264 log.go:244] (0x1da02f97e0a0) (159) Data frame handling
I0815 21:47:40.464423   16264 log.go:244] (0x1da02f97e0a0) (159) Data frame sent
I0815 21:47:40.464956   16264 log.go:244] (0x1da02f91a580) Data frame received for 159
I0815 21:47:40.465493   16264 log.go:244] (0x1da02f97e0a0) (159) Data frame handling
I0815 21:47:40.466045   16264 log.go:244] (0x1da02f97e0a0) (159) Data frame sent
I0815 21:47:40.466045   16264 log.go:244] (0x1da02f91a580) Data frame received for 159
I0815 21:47:40.466569   16264 log.go:244] (0x1da02f97e0a0) (159) Data frame handling
I0815 21:47:40.466569   16264 log.go:244] (0x1da02f97e0a0) (159) Data frame sent
I0815 21:47:40.467121   16264 log.go:244] (0x1da02f91a580) Data frame received for 159
I0815 21:47:40.467643   16264 log.go:244] (0x1da02f97e0a0) (159) Data frame handling
I0815 21:47:40.468883   16264 log.go:244] (0x1da02f91a580) Reply frame received for 163
I0815 21:47:40.468883   16264 log.go:244] (0x1da02f97e0a0) (159) Data frame sent
I0815 21:47:40.469403   16264 log.go:244] (0x1da02f91a580) Data frame received for 159
I0815 21:47:40.469946   16264 log.go:244] (0x1da02f97e0a0) (159) Data frame handling
I0815 21:47:40.470493   16264 log.go:244] (0x1da02fc320a0) (163) Writing data frame
I0815 21:47:40.470493   16264 log.go:244] (0x1da02f97e0a0) (159) Data frame sent
I0815 21:47:40.471026   16264 log.go:244] (0x1da02f91a580) Data frame received for 159
I0815 21:47:40.471565   16264 log.go:244] (0x1da02f97e0a0) (159) Data frame handling
I0815 21:47:40.471565   16264 log.go:244] (0x1da02f97e0a0) (159) Data frame sent
I0815 21:47:40.472091   16264 log.go:244] (0x1da02f91a580) Data frame received for 159
I0815 21:47:40.472625   16264 log.go:244] (0x1da02f97e0a0) (159) Data frame handling
I0815 21:47:40.472625   16264 log.go:244] (0x1da02f97e0a0) (159) Data frame sent
I0815 21:47:40.473169   16264 log.go:244] (0x1da02f91a580) Data frame received for 159
I0815 21:47:40.474792   16264 log.go:244] (0x1da02f97e0a0) (159) Data frame handling
I0815 21:47:40.475330   16264 log.go:244] (0x1da02f97e0a0) (159) Data frame sent
I0815 21:47:40.475330   16264 log.go:244] (0x1da02f91a580) Data frame received for 159
I0815 21:47:40.475873   16264 log.go:244] (0x1da02f97e0a0) (159) Data frame handling
I0815 21:47:40.476410   16264 log.go:244] (0x1da02f97e0a0) (159) Data frame sent
I0815 21:47:40.476410   16264 log.go:244] (0x1da02f91a580) Data frame received for 159
I0815 21:47:40.476932   16264 log.go:244] (0x1da02f97e0a0) (159) Data frame handling
I0815 21:47:40.477476   16264 log.go:244] (0x1da02f97e0a0) (159) Data frame sent
I0815 21:47:40.477476   16264 log.go:244] (0x1da02f91a580) Data frame received for 159
I0815 21:47:40.477994   16264 log.go:244] (0x1da02f97e0a0) (159) Data frame handling
I0815 21:47:40.477994   16264 log.go:244] (0x1da02f97e0a0) (159) Data frame sent
I0815 21:47:40.478532   16264 log.go:244] (0x1da02f91a580) Data frame received for 159
I0815 21:47:40.479074   16264 log.go:244] (0x1da02f97e0a0) (159) Data frame handling
I0815 21:47:40.479074   16264 log.go:244] (0x1da02f97e0a0) (159) Data frame sent
I0815 21:47:40.479608   16264 log.go:244] (0x1da02f91a580) Data frame received for 159
I0815 21:47:40.480130   16264 log.go:244] (0x1da02f97e0a0) (159) Data frame handling
I0815 21:47:40.480130   16264 log.go:244] (0x1da02f97e0a0) (159) Data frame sent
I0815 21:47:40.480681   16264 log.go:244] (0x1da02f91a580) Data frame received for 159
I0815 21:47:40.481223   16264 log.go:244] (0x1da02f97e0a0) (159) Data frame handling
I0815 21:47:40.481223   16264 log.go:244] (0x1da02f97e0a0) (159) Data frame sent
I0815 21:47:40.481745   16264 log.go:244] (0x1da02f91a580) Data frame received for 159
I0815 21:47:40.482280   16264 log.go:244] (0x1da02f97e0a0) (159) Data frame handling
I0815 21:47:40.482867   16264 log.go:244] (0x1da02f97e0a0) (159) Data frame sent
I0815 21:47:40.483372   16264 log.go:244] (0x1da02f91a580) Data frame received for 159
I0815 21:47:40.484129   16264 log.go:244] (0x1da02f97e0a0) (159) Data frame handling
I0815 21:47:40.484688   16264 log.go:244] (0x1da02f97e0a0) (159) Data frame sent
I0815 21:47:40.485195   16264 log.go:244] (0x1da02f91a580) Data frame received for 159
I0815 21:47:40.485195   16264 log.go:244] (0x1da02f97e0a0) (159) Data frame handling
I0815 21:47:40.485712   16264 log.go:244] (0x1da02f97e0a0) (159) Data frame sent
I0815 21:47:40.486264   16264 log.go:244] (0x1da02f91a580) Data frame received for 163
I0815 21:47:40.486264   16264 log.go:244] (0x1da02fc320a0) (163) Data frame handling
I0815 21:47:40.486781   16264 log.go:244] (0x1da02fc320a0) (163) Data frame sent
I0815 21:47:40.487301   16264 log.go:244] (0x1da02f91a580) Data frame received for 163
I0815 21:47:40.487391   16264 log.go:244] (0x1da02f91a580) Data frame received for 159
I0815 21:47:40.487897   16264 log.go:244] (0x1da02f97e0a0) (159) Data frame handling
I0815 21:47:40.487897   16264 log.go:244] (0x1da02f97e0a0) (159) Data frame sent
I0815 21:47:40.488527   16264 log.go:244] (0x1da02f91a580) Data frame received for 159
I0815 21:47:40.489115   16264 log.go:244] (0x1da02fc320a0) (163) Data frame handling
I0815 21:47:40.489115   16264 log.go:244] (0x1da02fc320a0) (163) Data frame sent
I0815 21:47:40.490675   16264 log.go:244] (0x1da02f91a580) Data frame received for 163
I0815 21:47:40.491200   16264 log.go:244] (0x1da02f97e0a0) (159) Data frame handling
I0815 21:47:40.491733   16264 log.go:244] (0x1da02fc320a0) (163) Data frame handling
I0815 21:47:40.491733   16264 log.go:244] (0x1da02fc320a0) (163) Data frame sent
I0815 21:47:40.492266   16264 log.go:244] (0x1da02f97e0a0) (159) Data frame sent
I0815 21:47:40.492846   16264 log.go:244] (0x1da02f91a580) Data frame received for 159
I0815 21:47:40.493358   16264 log.go:244] (0x1da02f97e0a0) (159) Data frame handling
I0815 21:47:40.494152   16264 log.go:244] (0x1da02f97e0a0) (159) Data frame sent
I0815 21:47:40.494843   16264 log.go:244] (0x1da02f91a580) Data frame received for 159
I0815 21:47:40.494843   16264 log.go:244] (0x1da02f97e0a0) (159) Data frame handling
I0815 21:47:40.494843   16264 log.go:244] (0x1da02f97e0a0) (159) Data frame sent
I0815 21:47:40.495762   16264 log.go:244] (0x1da02f91a580) Data frame received for 159
I0815 21:47:40.496817   16264 log.go:244] (0x1da02f97e0a0) (159) Data frame handling
I0815 21:47:40.496817   16264 log.go:244] (0x1da02f97e0a0) (159) Data frame sent
I0815 21:47:40.497827   16264 log.go:244] (0x1da02f91a580) Data frame received for 159
I0815 21:47:40.497827   16264 log.go:244] (0x1da02f97e0a0) (159) Data frame handling
I0815 21:47:40.498825   16264 log.go:244] (0x1da02f97e0a0) (159) Data frame sent
I0815 21:47:40.498825   16264 log.go:244] (0x1da02f91a580) Data frame received for 159
I0815 21:47:40.498825   16264 log.go:244] (0x1da02f97e0a0) (159) Data frame handling
I0815 21:47:40.499827   16264 log.go:244] (0x1da02f97e0a0) (159) Data frame sent
I0815 21:47:40.499827   16264 log.go:244] (0x1da02f91a580) Data frame received for 159
I0815 21:47:40.499827   16264 log.go:244] (0x1da02f97e0a0) (159) Data frame handling
I0815 21:47:40.499827   16264 log.go:244] (0x1da02f97e0a0) (159) Data frame sent
I0815 21:47:40.501337   16264 log.go:244] (0x1da02f91a580) Data frame received for 159
I0815 21:47:40.501337   16264 log.go:244] (0x1da02f97e0a0) (159) Data frame handling
I0815 21:47:40.501337   16264 log.go:244] (0x1da02f97e0a0) (159) Data frame sent
I0815 21:47:40.501337   16264 log.go:244] (0x1da02f91a580) Data frame received for 159
I0815 21:47:40.502345   16264 log.go:244] (0x1da02f97e0a0) (159) Data frame handling
I0815 21:47:40.503347   16264 log.go:244] (0x1da02f97e0a0) (159) Data frame sent
I0815 21:47:40.503347   16264 log.go:244] (0x1da02f91a580) Data frame received for 159
I0815 21:47:40.504679   16264 log.go:244] (0x1da02f97e0a0) (159) Data frame handling
I0815 21:47:40.504679   16264 log.go:244] (0x1da02f97e0a0) (159) Data frame sent
I0815 21:47:42.071957   16264 log.go:244] (0x1da02f97e0a0) (159) Writing data frame
I0815 21:47:42.100408   16264 log.go:244] (0x1da02fc320a0) (163) Writing data frame
I0815 21:47:42.104754   16264 log.go:244] (0x1da02f91a580) Data frame received for 163
I0815 21:47:42.135147   16264 log.go:244] (0x1da02f91a580) Data frame received for 159
I0815 21:47:42.135602   16264 log.go:244] (0x1da02f97e0a0) (159) Data frame handling
I0815 21:47:42.136113   16264 log.go:244] (0x1da02f97e0a0) (159) Data frame sent
I0815 21:47:42.136113   16264 log.go:244] (0x1da02f91a580) Data frame received for 159
I0815 21:47:42.136694   16264 log.go:244] (0x1da02fc320a0) (163) Data frame handling
I0815 21:47:42.137206   16264 log.go:244] (0x1da02f91a580) (0x1da02f88e820) Create stream
I0815 21:47:42.137744   16264 log.go:244] (0x1da02f97e0a0) (159) Data frame handling
I0815 21:47:42.137744   16264 log.go:244] (0x1da02fc320a0) (163) Data frame sent
I0815 21:47:42.138282   16264 log.go:244] (0x1da02f91a580) Data frame received for 163
I0815 21:47:42.138282   16264 log.go:244] (0x1da02f91a580) (0x1da02f88e820) Stream added, broadcasting: 165
I0815 21:47:42.138914   16264 log.go:244] (0x1da02f97e0a0) (159) Data frame sent
I0815 21:47:42.139427   16264 log.go:244] (0x1da02f91a580) Data frame received for 159
I0815 21:47:42.139427   16264 log.go:244] (0x1da02f97e0a0) (159) Data frame handling
I0815 21:47:42.140164   16264 log.go:244] (0x1da02fc320a0) (163) Data frame handling
I0815 21:47:42.140673   16264 log.go:244] (0x1da02fc320a0) (163) Data frame sent
I0815 21:47:42.141217   16264 log.go:244] (0x1da02f91a580) Data frame received for 163
I0815 21:47:42.141217   16264 log.go:244] (0x1da02f97e0a0) (159) Data frame sent
I0815 21:47:42.200682   16264 log.go:244] (0x1da02f91a580) Reply frame received for 165
I0815 21:47:42.200682   16264 log.go:244] (0x1da02fc320a0) (163) Data frame handling
I0815 21:47:42.201590   16264 log.go:244] (0x1da02f91a580) Data frame received for 159
I0815 21:47:42.202123   16264 log.go:244] (0x1da02f97e0a0) (159) Data frame handling
I0815 21:47:42.202123   16264 log.go:244] (0x1da02f91a580) (0x1da02f88e8c0) Create stream
I0815 21:47:42.202653   16264 log.go:244] (0x1da02f88e820) (165) Writing data frame
I0815 21:47:42.203180   16264 log.go:244] (0x1da02fc320a0) (163) Data frame sent
I0815 21:47:42.203707   16264 log.go:244] (0x1da02f97e0a0) (159) Data frame sent
I0815 21:47:42.204233   16264 log.go:244] (0x1da02f91a580) (0x1da02f88e8c0) Stream added, broadcasting: 167
I0815 21:47:42.204778   16264 log.go:244] (0x1da02f91a580) Data frame received for 163
I0815 21:47:42.204778   16264 log.go:244] (0x1da02f91a580) Data frame received for 159
I0815 21:47:42.206943   16264 log.go:244] (0x1da02f97e0a0) (159) Data frame handling
I0815 21:47:42.209092   16264 log.go:244] (0x1da02fc320a0) (163) Data frame handling
I0815 21:47:42.209963   16264 log.go:244] (0x1da02f91a580) (0x1da02f88e960) Create stream
I0815 21:47:42.210584   16264 log.go:244] (0x1da02f97e0a0) (159) Data frame sent
I0815 21:47:42.211093   16264 log.go:244] (0x1da02f91a580) Reply frame received for 167
I0815 21:47:42.211093   16264 log.go:244] (0x1da02fc320a0) (163) Data frame sent
I0815 21:47:42.211628   16264 log.go:244] (0x1da02f91a580) (0x1da02f88e960) Stream added, broadcasting: 169
I0815 21:47:42.267269   16264 log.go:244] (0x1da02f91a580) Data frame received for 159
I0815 21:47:42.268124   16264 log.go:244] (0x1da02f91a580) Data frame received for 163
I0815 21:47:42.324133   16264 log.go:244] (0x1da02f88e8c0) (167) Writing data frame
I0815 21:47:42.325186   16264 log.go:244] (0x1da02f97e0a0) (159) Data frame handling
I0815 21:47:42.368440   16264 log.go:244] (0x1da02fc320a0) (163) Data frame handling
I0815 21:47:42.368440   16264 log.go:244] (0x1da02f91a580) (0x1da02f88ea00) Create stream
I0815 21:47:42.369012   16264 log.go:244] (0x1da02f97e0a0) (159) Data frame sent
I0815 21:47:42.369523   16264 log.go:244] (0x1da02fc320a0) (163) Data frame sent
I0815 21:47:42.369523   16264 log.go:244] (0x1da02f91a580) (0x1da02f88ea00) Stream added, broadcasting: 171
I0815 21:47:42.370056   16264 log.go:244] (0x1da02f91a580) Reply frame received for 169
I0815 21:47:42.370056   16264 log.go:244] (0x1da02f91a580) Data frame received for 163
I0815 21:47:42.370582   16264 log.go:244] (0x1da02fc320a0) (163) Data frame handling
I0815 21:47:42.370582   16264 log.go:244] (0x1da02fc320a0) (163) Data frame sent
I0815 21:47:42.371120   16264 log.go:244] (0x1da02f91a580) Data frame received for 163
I0815 21:47:42.371648   16264 log.go:244] (0x1da02f88e960) (169) Writing data frame
I0815 21:47:42.371648   16264 log.go:244] (0x1da02fc320a0) (163) Data frame handling
I0815 21:47:42.372182   16264 log.go:244] (0x1da02fc320a0) (163) Data frame sent
I0815 21:47:42.372711   16264 log.go:244] (0x1da02f91a580) Reply frame received for 171
I0815 21:47:42.373432   16264 log.go:244] (0x1da02f88ea00) (171) Writing data frame
I0815 21:47:42.374621   16264 log.go:244] (0x1da02f91a580) Data frame received for 163
I0815 21:47:42.374835   16264 log.go:244] (0x1da02fc320a0) (163) Data frame handling
I0815 21:47:42.375341   16264 log.go:244] (0x1da02fc320a0) (163) Data frame sent
I0815 21:47:42.375459   16264 log.go:244] (0x1da02f91a580) Data frame received for 163
I0815 21:47:42.375966   16264 log.go:244] (0x1da02fc320a0) (163) Data frame handling
I0815 21:47:42.377544   16264 log.go:244] (0x1da02fc320a0) (163) Data frame sent
I0815 21:47:42.377544   16264 log.go:244] (0x1da02f91a580) Data frame received for 163
I0815 21:47:42.378079   16264 log.go:244] (0x1da02fc320a0) (163) Data frame handling
I0815 21:47:42.378609   16264 log.go:244] (0x1da02fc320a0) (163) Data frame sent
I0815 21:47:42.378609   16264 log.go:244] (0x1da02f91a580) Data frame received for 163
I0815 21:47:42.379151   16264 log.go:244] (0x1da02fc320a0) (163) Data frame handling
I0815 21:47:42.379151   16264 log.go:244] (0x1da02fc320a0) (163) Data frame sent
I0815 21:47:42.379688   16264 log.go:244] (0x1da02f91a580) Data frame received for 163
I0815 21:47:42.379688   16264 log.go:244] (0x1da02fc320a0) (163) Data frame handling
I0815 21:47:42.380221   16264 log.go:244] (0x1da02fc320a0) (163) Data frame sent
I0815 21:47:42.380221   16264 log.go:244] (0x1da02f91a580) Data frame received for 163
I0815 21:47:42.380761   16264 log.go:244] (0x1da02fc320a0) (163) Data frame handling
I0815 21:47:42.381313   16264 log.go:244] (0x1da02fc320a0) (163) Data frame sent
I0815 21:47:42.381313   16264 log.go:244] (0x1da02f91a580) Data frame received for 163
I0815 21:47:42.381856   16264 log.go:244] (0x1da02fc320a0) (163) Data frame handling
I0815 21:47:42.381856   16264 log.go:244] (0x1da02fc320a0) (163) Data frame sent
I0815 21:47:42.382402   16264 log.go:244] (0x1da02f91a580) Data frame received for 163
I0815 21:47:42.382402   16264 log.go:244] (0x1da02fc320a0) (163) Data frame handling
I0815 21:47:42.382940   16264 log.go:244] (0x1da02fc320a0) (163) Data frame sent
I0815 21:47:42.382940   16264 log.go:244] (0x1da02f91a580) Data frame received for 163
I0815 21:47:42.383479   16264 log.go:244] (0x1da02fc320a0) (163) Data frame handling
I0815 21:47:42.383479   16264 log.go:244] (0x1da02fc320a0) (163) Data frame sent
I0815 21:47:42.384021   16264 log.go:244] (0x1da02f91a580) Data frame received for 163
I0815 21:47:42.384021   16264 log.go:244] (0x1da02fc320a0) (163) Data frame handling
I0815 21:47:42.384558   16264 log.go:244] (0x1da02fc320a0) (163) Data frame sent
I0815 21:47:42.388102   16264 log.go:244] (0x1da02f91a580) Data frame received for 171
I0815 21:47:42.411370   16264 log.go:244] (0x1da02f88ea00) (171) Data frame handling
I0815 21:47:42.411370   16264 log.go:244] (0x1da02f88ea00) (171) Data frame sent
I0815 21:47:42.492610   16264 log.go:244] (0x1da02f97e0a0) (159) Writing data frame
I0815 21:47:42.512008   16264 log.go:244] (0x1da02fc320a0) (163) Writing data frame
I0815 21:47:42.571998   16264 log.go:244] (0x1da02f91a580) Data frame received for 159
I0815 21:47:42.571998   16264 log.go:244] (0x1da02f97e0a0) (159) Data frame handling
I0815 21:47:42.572506   16264 log.go:244] (0x1da02f97e0a0) (159) Data frame sent
I0815 21:47:42.574155   16264 log.go:244] (0x1da02f91a580) Data frame received for 163
I0815 21:47:42.574660   16264 log.go:244] (0x1da02fc320a0) (163) Data frame handling
I0815 21:47:42.574660   16264 log.go:244] (0x1da02fc320a0) (163) Data frame sent
I0815 21:47:42.781090   16264 log.go:244] (0x1da02f91a580) Data frame received for 169
I0815 21:47:42.805212   16264 log.go:244] (0x1da02f88e960) (169) Data frame handling
I0815 21:47:42.805846   16264 log.go:244] (0x1da02f88e960) (169) Data frame sent
I0815 21:47:43.085661   16264 log.go:244] (0x1da02f97e0a0) (159) Writing data frame
I0815 21:47:43.088573   16264 log.go:244] (0x1da02f91a580) Data frame received for 159
I0815 21:47:43.089081   16264 log.go:244] (0x1da02f97e0a0) (159) Data frame handling
I0815 21:47:43.089081   16264 log.go:244] (0x1da02f97e0a0) (159) Data frame sent
I0815 21:47:52.088869   16264 log.go:244] (0x1da02f97e0a0) (159) Writing data frame
I0815 21:47:52.091738   16264 log.go:244] (0x1da02f91a580) Data frame received for 159
I0815 21:47:52.092245   16264 log.go:244] (0x1da02f97e0a0) (159) Data frame handling
I0815 21:47:52.092245   16264 log.go:244] (0x1da02f97e0a0) (159) Data frame sent
I0815 21:47:52.352291   16264 log.go:244] (0x1da02f97e0a0) (159) Writing data frame
I0815 21:47:52.357085   16264 log.go:244] (0x1da02f91a580) Data frame received for 159
I0815 21:47:52.357639   16264 log.go:244] (0x1da02f97e0a0) (159) Data frame handling
I0815 21:47:52.358188   16264 log.go:244] (0x1da02f97e0a0) (159) Data frame sent
I0815 21:48:02.617140   16264 log.go:244] (0x1da02f97e0a0) (159) Writing data frame
I0815 21:48:02.620087   16264 log.go:244] (0x1da02f91a580) Data frame received for 159
I0815 21:48:02.620596   16264 log.go:244] (0x1da02f97e0a0) (159) Data frame handling
I0815 21:48:02.620596   16264 log.go:244] (0x1da02f97e0a0) (159) Data frame sent
I0815 21:48:13.213517   16264 log.go:244] (0x1da02f97e0a0) (159) Writing data frame
I0815 21:48:13.624990   16264 log.go:244] (0x1da02f91a580) Data frame received for 159
I0815 21:48:13.741868   16264 log.go:244] (0x1da02f97e0a0) (159) Data frame handling
I0815 21:48:13.797352   16264 log.go:244] (0x1da02f97e0a0) (159) Data frame sent
I0815 21:48:23.733707   16264 log.go:244] (0x1da02f97e0a0) (159) Writing data frame
I0815 21:48:23.745359   16264 log.go:244] (0x1da02f91a580) Data frame received for 159
I0815 21:48:23.757010   16264 log.go:244] (0x1da02f97e0a0) (159) Data frame handling
I0815 21:48:23.757064   16264 log.go:244] (0x1da02f97e0a0) (159) Data frame sent
I0815 21:48:33.742921   16264 log.go:244] (0x1da02f97e0a0) (159) Writing data frame
I0815 21:48:33.746054   16264 log.go:244] (0x1da02f91a580) Data frame received for 159
I0815 21:48:33.760562   16264 log.go:244] (0x1da02f97e0a0) (159) Data frame handling
I0815 21:48:33.760562   16264 log.go:244] (0x1da02f97e0a0) (159) Data frame sent
I0815 21:48:44.328688   16264 log.go:244] (0x1da02f97e0a0) (159) Writing data frame
I0815 21:48:44.374543   16264 log.go:244] (0x1da02f91a580) Data frame received for 159
I0815 21:48:44.429404   16264 log.go:244] (0x1da02f97e0a0) (159) Data frame handling
I0815 21:48:44.429920   16264 log.go:244] (0x1da02f97e0a0) (159) Data frame sent
I0815 21:48:47.654777   16264 log.go:244] (0x1da02f91a580) Data frame received for 171
I0815 21:48:47.655282   16264 log.go:244] (0x1da02f88ea00) (171) Data frame handling
I0815 21:48:47.655282   16264 log.go:244] (0x1da02f91a580) Data frame received for 167
I0815 21:48:47.655814   16264 log.go:244] (0x1da02f91a580) (0x1da02f88ea00) Stream removed, broadcasting: 171
I0815 21:48:47.656348   16264 log.go:244] (0x1da02f88e8c0) (167) Data frame handling
I0815 21:48:47.656348   16264 log.go:244] (0x1da02f91a580) (0x1da02f88e8c0) Stream removed, broadcasting: 167
I0815 21:48:47.656871   16264 log.go:244] (0x1da02f91a580) (0x1da02f88ea00) Stream removed, broadcasting: 171
I0815 21:48:47.836948   16264 log.go:244] (0x1da02f91a580) Data frame received for 163
I0815 21:48:47.837473   16264 log.go:244] (0x1da02fc320a0) (163) Data frame handling
I0815 21:48:47.837473   16264 log.go:244] (0x1da02f91a580) (0x1da02fc320a0) Stream removed, broadcasting: 163
I0815 21:48:47.838004   16264 log.go:244] (0x1da02f91a580) Data frame received for 161
I0815 21:48:47.838537   16264 log.go:244] (0x1da02f88e780) (161) Data frame handling
I0815 21:48:47.838537   16264 log.go:244] (0x1da02f91a580) (0x1da02f88e780) Stream removed, broadcasting: 161
I0815 21:48:47.839080   16264 log.go:244] (0x1da02f91a580) (0x1da02fc320a0) Stream removed, broadcasting: 163
I0815 21:48:48.041663   16264 log.go:244] (0x1da02f91a580) Data frame received for 169
I0815 21:48:48.041663   16264 log.go:244] (0x1da02f88e960) (169) Data frame handling
I0815 21:48:48.042175   16264 log.go:244] (0x1da02f91a580) (0x1da02f88e960) Stream removed, broadcasting: 169
I0815 21:48:48.042711   16264 log.go:244] (0x1da02f91a580) Data frame received for 165
I0815 21:48:48.042711   16264 log.go:244] (0x1da02f88e820) (165) Data frame handling
I0815 21:48:48.043249   16264 log.go:244] (0x1da02f91a580) (0x1da02f88e820) Stream removed, broadcasting: 165
I0815 21:48:48.043789   16264 log.go:244] (0x1da02f91a580) (0x1da02f88e960) Stream removed, broadcasting: 169
I0815 21:48:54.909765   16264 log.go:244] (0x1da02f97e0a0) (159) Writing data frame
I0815 21:48:54.919879   16264 log.go:244] (0x1da02f91a580) Data frame received for 159
I0815 21:48:54.920389   16264 log.go:244] (0x1da02f97e0a0) (159) Data frame handling
I0815 21:48:54.920389   16264 log.go:244] (0x1da02f97e0a0) (159) Data frame sent
I0815 21:49:05.512262   16264 log.go:244] (0x1da02f97e0a0) (159) Writing data frame
I0815 21:49:05.519351   16264 log.go:244] (0x1da02f91a580) Data frame received for 159
I0815 21:49:05.605259   16264 log.go:244] (0x1da02f97e0a0) (159) Data frame handling
I0815 21:49:05.605773   16264 log.go:244] (0x1da02f97e0a0) (159) Data frame sent
I0815 21:49:16.101403   16264 log.go:244] (0x1da02f97e0a0) (159) Writing data frame
I0815 21:49:16.191428   16264 log.go:244] (0x1da02f91a580) Data frame received for 159
I0815 21:49:16.228704   16264 log.go:244] (0x1da02f97e0a0) (159) Data frame handling
I0815 21:49:16.270857   16264 log.go:244] (0x1da02f97e0a0) (159) Data frame sent
I0815 21:49:26.657964   16264 log.go:244] (0x1da02f97e0a0) (159) Writing data frame
I0815 21:49:26.676440   16264 log.go:244] (0x1da02f91a580) Data frame received for 159
I0815 21:49:26.738193   16264 log.go:244] (0x1da02f97e0a0) (159) Data frame handling
I0815 21:49:26.824644   16264 log.go:244] (0x1da02f97e0a0) (159) Data frame sent
I0815 21:49:37.233006   16264 log.go:244] (0x1da02f97e0a0) (159) Writing data frame
I0815 21:49:37.262799   16264 log.go:244] (0x1da02f91a580) Data frame received for 159
I0815 21:49:37.407949   16264 log.go:244] (0x1da02f97e0a0) (159) Data frame handling
I0815 21:49:37.567468   16264 log.go:244] (0x1da02f97e0a0) (159) Data frame sent
I0815 21:49:47.769018   16264 log.go:244] (0x1da02f97e0a0) (159) Writing data frame
I0815 21:49:47.827439   16264 log.go:244] (0x1da02f91a580) Data frame received for 159
I0815 21:49:47.827948   16264 log.go:244] (0x1da02f97e0a0) (159) Data frame handling
I0815 21:49:47.827948   16264 log.go:244] (0x1da02f97e0a0) (159) Data frame sent
I0815 21:49:58.353451   16264 log.go:244] (0x1da02f97e0a0) (159) Writing data frame
I0815 21:49:58.384205   16264 log.go:244] (0x1da02f91a580) Data frame received for 159
I0815 21:49:58.423805   16264 log.go:244] (0x1da02f97e0a0) (159) Data frame handling
I0815 21:49:58.425022   16264 log.go:244] (0x1da02f97e0a0) (159) Data frame sent
I0815 21:50:08.949432   16264 log.go:244] (0x1da02f97e0a0) (159) Writing data frame
I0815 21:50:09.049071   16264 log.go:244] (0x1da02f91a580) Data frame received for 159
I0815 21:50:09.139644   16264 log.go:244] (0x1da02f97e0a0) (159) Data frame handling
I0815 21:50:09.178400   16264 log.go:244] (0x1da02f97e0a0) (159) Data frame sent
I0815 21:50:19.508389   16264 log.go:244] (0x1da02f97e0a0) (159) Writing data frame
I0815 21:50:19.525805   16264 log.go:244] (0x1da02f91a580) Data frame received for 159
I0815 21:50:19.568658   16264 log.go:244] (0x1da02f97e0a0) (159) Data frame handling
I0815 21:50:19.569167   16264 log.go:244] (0x1da02f97e0a0) (159) Data frame sent
I0815 21:50:30.108201   16264 log.go:244] (0x1da02f97e0a0) (159) Writing data frame
I0815 21:50:30.111776   16264 log.go:244] (0x1da02f91a580) Data frame received for 159
I0815 21:50:30.112282   16264 log.go:244] (0x1da02f97e0a0) (159) Data frame handling
I0815 21:50:30.112807   16264 log.go:244] (0x1da02f97e0a0) (159) Data frame sent
I0815 21:50:40.704992   16264 log.go:244] (0x1da02f97e0a0) (159) Writing data frame
I0815 21:50:40.725473   16264 log.go:244] (0x1da02f91a580) Data frame received for 159
I0815 21:50:40.726073   16264 log.go:244] (0x1da02f97e0a0) (159) Data frame handling
I0815 21:50:40.726665   16264 log.go:244] (0x1da02f97e0a0) (159) Data frame sent
I0815 21:50:50.717250   16264 log.go:244] (0x1da02f97e0a0) (159) Writing data frame
I0815 21:50:50.720971   16264 log.go:244] (0x1da02f91a580) Data frame received for 159
I0815 21:50:50.720971   16264 log.go:244] (0x1da02f97e0a0) (159) Data frame handling
I0815 21:50:50.721740   16264 log.go:244] (0x1da02f97e0a0) (159) Data frame sent
I0815 21:50:58.049102   16264 log.go:244] (0x1da02f91a580) (0x1da02fc32000) Create stream
I0815 21:50:58.202820   16264 log.go:244] (0x1da02f91a580) (0x1da02fc32000) Stream added, broadcasting: 173
I0815 21:50:58.412450   16264 log.go:244] (0x1da02f91a580) Reply frame received for 173
I0815 21:50:58.547124   16264 log.go:244] (0x1da02fc32000) (173) Writing data frame
I0815 21:50:58.560209   16264 log.go:244] (0x1da02f91a580) (0x1da02f97e140) Create stream
I0815 21:50:58.684838   16264 log.go:244] (0x1da02f91a580) (0x1da02f97e140) Stream added, broadcasting: 175
I0815 21:50:58.773210   16264 log.go:244] (0x1da02f91a580) Reply frame received for 175
I0815 21:50:58.820199   16264 log.go:244] (0x1da02f97e140) (175) Writing data frame
I0815 21:50:59.067474   16264 log.go:244] (0x1da02f91a580) Data frame received for 175
I0815 21:50:59.115015   16264 log.go:244] (0x1da02f97e140) (175) Data frame handling
I0815 21:50:59.141760   16264 log.go:244] (0x1da02f97e140) (175) Data frame sent
I0815 21:50:59.198280   16264 log.go:244] (0x1da02f97e140) (175) Writing data frame
I0815 21:50:59.228037   16264 log.go:244] (0x1da02f97e140) (175) Writing data frame
I0815 21:50:59.523859   16264 log.go:244] (0x1da02f91a580) Data frame received for 175
I0815 21:50:59.570996   16264 log.go:244] (0x1da02f97e140) (175) Data frame handling
I0815 21:50:59.577409   16264 log.go:244] (0x1da02f97e140) (175) Data frame sent
I0815 21:50:59.606949   16264 log.go:244] (0x1da02f97e140) (175) Writing data frame
I0815 21:50:59.614414   16264 log.go:244] (0x1da02f91a580) Data frame received for 175
I0815 21:50:59.618757   16264 log.go:244] (0x1da02f97e140) (175) Data frame handling
I0815 21:50:59.619303   16264 log.go:244] (0x1da02f97e140) (175) Data frame sent
E0815 21:50:59.710610   16264 portforward.go:502] "Unhandled Error" err="error copying from local connection to remote stream: writeto tcp6 [::1]:8080->[::1]:52546: read tcp6 [::1]:8080->[::1]:52546: wsarecv: An existing connection was forcibly closed by the remote host."
I0815 21:50:59.746505   16264 log.go:244] (0x1da02f91a580) (0x1da02f97e140) Stream removed, broadcasting: 175
I0815 21:50:59.781771   16264 log.go:244] (0x1da02f97e140) (175) Writing data frame
I0815 21:50:59.806655   16264 log.go:244] (0x1da02f91a580) Data frame received for 175
I0815 21:50:59.807175   16264 log.go:244] (0x1da02f91a580) Data frame gone away for 175
I0815 21:50:59.807717   16264 log.go:244] (0x1da02f91a580) Data frame received for 173
I0815 21:50:59.807717   16264 log.go:244] (0x1da02fc32000) (173) Data frame handling
I0815 21:50:59.808315   16264 log.go:244] (0x1da02f91a580) (0x1da02fc32000) Stream removed, broadcasting: 173
I0815 21:51:01.315158   16264 log.go:244] (0x1da02f97e0a0) (159) Writing data frame
I0815 21:51:01.318858   16264 log.go:244] (0x1da02f91a580) Data frame received for 159
I0815 21:51:01.319408   16264 log.go:244] (0x1da02f97e0a0) (159) Data frame handling
I0815 21:51:01.319408   16264 log.go:244] (0x1da02f97e0a0) (159) Data frame sent
I0815 21:51:11.917428   16264 log.go:244] (0x1da02f97e0a0) (159) Writing data frame
I0815 21:51:11.946007   16264 log.go:244] (0x1da02f91a580) Data frame received for 159
I0815 21:51:11.946528   16264 log.go:244] (0x1da02f97e0a0) (159) Data frame handling
I0815 21:51:11.947071   16264 log.go:244] (0x1da02f97e0a0) (159) Data frame sent
I0815 21:51:12.934754   16264 log.go:244] (0x1da02f91a580) (0x1da02f8b6000) Create stream
I0815 21:51:12.934754   16264 log.go:244] (0x1da02f91a580) (0x1da02f8b6000) Stream added, broadcasting: 177
I0815 21:51:12.936797   16264 log.go:244] (0x1da02f91a580) Reply frame received for 177
I0815 21:51:12.937796   16264 log.go:244] (0x1da02f8b6000) (177) Writing data frame
I0815 21:51:12.938303   16264 log.go:244] (0x1da02f91a580) (0x1da02fc320a0) Create stream
I0815 21:51:12.938303   16264 log.go:244] (0x1da02f91a580) (0x1da02fc320a0) Stream added, broadcasting: 179
I0815 21:51:12.940990   16264 log.go:244] (0x1da02f91a580) Reply frame received for 179
I0815 21:51:12.940990   16264 log.go:244] (0x1da02fc320a0) (179) Writing data frame
I0815 21:51:13.002324   16264 log.go:244] (0x1da02f91a580) Data frame received for 179
I0815 21:51:13.002829   16264 log.go:244] (0x1da02fc320a0) (179) Data frame handling
I0815 21:51:13.002829   16264 log.go:244] (0x1da02fc320a0) (179) Data frame sent
I0815 21:51:13.063824   16264 log.go:244] (0x1da02fc320a0) (179) Writing data frame
I0815 21:51:13.064825   16264 log.go:244] (0x1da02fc320a0) (179) Writing data frame
I0815 21:51:13.291322   16264 log.go:244] (0x1da02f91a580) Data frame received for 179
I0815 21:51:13.291828   16264 log.go:244] (0x1da02fc320a0) (179) Data frame handling
I0815 21:51:13.292370   16264 log.go:244] (0x1da02fc320a0) (179) Data frame sent
I0815 21:51:13.295053   16264 log.go:244] (0x1da02fc320a0) (179) Writing data frame
I0815 21:51:13.297698   16264 log.go:244] (0x1da02f91a580) Data frame received for 179
I0815 21:51:13.297698   16264 log.go:244] (0x1da02fc320a0) (179) Data frame handling
I0815 21:51:13.298232   16264 log.go:244] (0x1da02fc320a0) (179) Data frame sent
I0815 21:51:13.498989   16264 log.go:244] (0x1da02fc320a0) (179) Writing data frame
I0815 21:51:13.502445   16264 log.go:244] (0x1da02f91a580) Data frame received for 179
I0815 21:51:13.502952   16264 log.go:244] (0x1da02fc320a0) (179) Data frame handling
I0815 21:51:13.503470   16264 log.go:244] (0x1da02fc320a0) (179) Data frame sent
E0815 21:51:13.522862   16264 portforward.go:502] "Unhandled Error" err="error copying from local connection to remote stream: writeto tcp6 [::1]:8080->[::1]:52550: read tcp6 [::1]:8080->[::1]:52550: wsarecv: An existing connection was forcibly closed by the remote host."
I0815 21:51:13.530781   16264 log.go:244] (0x1da02fc320a0) (179) Writing data frame
I0815 21:51:13.531324   16264 log.go:244] (0x1da02f91a580) (0x1da02fc320a0) Stream removed, broadcasting: 179
I0815 21:51:13.533876   16264 log.go:244] (0x1da02f91a580) Data frame received for 179
I0815 21:51:13.534872   16264 log.go:244] (0x1da02f91a580) Data frame gone away for 179
I0815 21:51:13.534872   16264 log.go:244] (0x1da02f91a580) Data frame received for 177
I0815 21:51:13.535505   16264 log.go:244] (0x1da02f8b6000) (177) Data frame handling
I0815 21:51:13.536013   16264 log.go:244] (0x1da02f91a580) (0x1da02f8b6000) Stream removed, broadcasting: 177
I0815 21:51:22.499090   16264 log.go:244] (0x1da02f97e0a0) (159) Writing data frame
I0815 21:51:22.510024   16264 log.go:244] (0x1da02f91a580) Data frame received for 159
I0815 21:51:22.634063   16264 log.go:244] (0x1da02f97e0a0) (159) Data frame handling
I0815 21:51:22.634874   16264 log.go:244] (0x1da02f97e0a0) (159) Data frame sent
I0815 21:51:33.074740   16264 log.go:244] (0x1da02f97e0a0) (159) Writing data frame
I0815 21:51:33.079239   16264 log.go:244] (0x1da02f91a580) Data frame received for 159
I0815 21:51:33.079745   16264 log.go:244] (0x1da02f97e0a0) (159) Data frame handling
I0815 21:51:33.079745   16264 log.go:244] (0x1da02f97e0a0) (159) Data frame sent
I0815 21:51:43.655985   16264 log.go:244] (0x1da02f97e0a0) (159) Writing data frame
I0815 21:51:43.658891   16264 log.go:244] (0x1da02f91a580) Data frame received for 159
I0815 21:51:43.659401   16264 log.go:244] (0x1da02f97e0a0) (159) Data frame handling
I0815 21:51:43.659946   16264 log.go:244] (0x1da02f97e0a0) (159) Data frame sent
I0815 21:51:54.251412   16264 log.go:244] (0x1da02f97e0a0) (159) Writing data frame
I0815 21:51:54.253462   16264 log.go:244] (0x1da02f91a580) Data frame received for 159
I0815 21:51:54.254462   16264 log.go:244] (0x1da02f97e0a0) (159) Data frame handling
I0815 21:51:54.254462   16264 log.go:244] (0x1da02f97e0a0) (159) Data frame sent
I0815 21:52:04.833721   16264 log.go:244] (0x1da02f97e0a0) (159) Writing data frame
I0815 21:52:04.886684   16264 log.go:244] (0x1da02f91a580) Data frame received for 159
I0815 21:52:05.036308   16264 log.go:244] (0x1da02f97e0a0) (159) Data frame handling
I0815 21:52:05.036308   16264 log.go:244] (0x1da02f97e0a0) (159) Data frame sent
I0815 21:52:12.657773   16264 log.go:244] (0x1da02f97e0a0) (159) Writing data frame
I0815 21:52:12.724701   16264 log.go:244] (0x1da02f91a580) Data frame received for 159
I0815 21:52:12.737302   16264 log.go:244] (0x1da02f97e0a0) (159) Data frame handling
I0815 21:52:12.737302   16264 log.go:244] (0x1da02f97e0a0) (159) Data frame sent
I0815 21:52:14.849982   16264 log.go:244] (0x1da02f97e0a0) (159) Writing data frame
I0815 21:52:14.879428   16264 log.go:244] (0x1da02f91a580) Data frame received for 159
I0815 21:52:14.914314   16264 log.go:244] (0x1da02f97e0a0) (159) Data frame handling
I0815 21:52:14.914917   16264 log.go:244] (0x1da02f97e0a0) (159) Data frame sent
I0815 21:52:24.448105   16264 log.go:244] (0x1da02f97e0a0) (159) Writing data frame
I0815 21:52:24.680053   16264 log.go:244] (0x1da02f91a580) Data frame received for 159
I0815 21:52:24.681141   16264 log.go:244] (0x1da02f97e0a0) (159) Data frame handling
I0815 21:52:24.681683   16264 log.go:244] (0x1da02f97e0a0) (159) Data frame sent
I0815 21:52:24.692333   16264 log.go:244] (0x1da02f97e0a0) (159) Writing data frame
I0815 21:52:24.878631   16264 log.go:244] (0x1da02f91a580) (0x1da02f97e3c0) Create stream
I0815 21:52:24.878631   16264 log.go:244] (0x1da02f91a580) (0x1da02f97e3c0) Stream added, broadcasting: 181
I0815 21:52:24.881069   16264 log.go:244] (0x1da02f91a580) Reply frame received for 181
I0815 21:52:24.890070   16264 log.go:244] (0x1da02f97e3c0) (181) Writing data frame
I0815 21:52:24.890603   16264 log.go:244] (0x1da02f91a580) (0x1da02f8b60a0) Create stream
I0815 21:52:24.891146   16264 log.go:244] (0x1da02f91a580) (0x1da02f8b60a0) Stream added, broadcasting: 183
I0815 21:52:24.892224   16264 log.go:244] (0x1da02f91a580) Reply frame received for 183
I0815 21:52:24.892224   16264 log.go:244] (0x1da02f8b60a0) (183) Writing data frame
I0815 21:52:24.905360   16264 log.go:244] (0x1da02f91a580) Data frame received for 183
I0815 21:52:24.919889   16264 log.go:244] (0x1da02f8b60a0) (183) Data frame handling
I0815 21:52:24.919889   16264 log.go:244] (0x1da02f8b60a0) (183) Data frame sent
I0815 21:52:25.157109   16264 log.go:244] (0x1da02f91a580) Data frame received for 159
I0815 21:52:25.191464   16264 log.go:244] (0x1da02f97e0a0) (159) Data frame handling
I0815 21:52:25.191554   16264 log.go:244] (0x1da02f97e0a0) (159) Data frame sent
I0815 21:52:34.858494   16264 log.go:244] (0x1da02f97e0a0) (159) Writing data frame
I0815 21:52:34.890016   16264 log.go:244] (0x1da02f91a580) Data frame received for 159
I0815 21:52:34.901310   16264 log.go:244] (0x1da02f97e0a0) (159) Data frame handling
I0815 21:52:34.901310   16264 log.go:244] (0x1da02f97e0a0) (159) Data frame sent
I0815 21:52:45.439724   16264 log.go:244] (0x1da02f97e0a0) (159) Writing data frame
I0815 21:52:45.457206   16264 log.go:244] (0x1da02f91a580) Data frame received for 159
I0815 21:52:45.460922   16264 log.go:244] (0x1da02f97e0a0) (159) Data frame handling
I0815 21:52:45.461454   16264 log.go:244] (0x1da02f97e0a0) (159) Data frame sent
I0815 21:52:56.031632   16264 log.go:244] (0x1da02f97e0a0) (159) Writing data frame
I0815 21:52:56.099321   16264 log.go:244] (0x1da02f91a580) Data frame received for 159
I0815 21:52:56.172124   16264 log.go:244] (0x1da02f97e0a0) (159) Data frame handling
I0815 21:52:56.227710   16264 log.go:244] (0x1da02f97e0a0) (159) Data frame sent
I0815 21:53:06.608637   16264 log.go:244] (0x1da02f97e0a0) (159) Writing data frame
I0815 21:53:06.791850   16264 log.go:244] (0x1da02f91a580) Data frame received for 159
I0815 21:53:06.866379   16264 log.go:244] (0x1da02f97e0a0) (159) Data frame handling
I0815 21:53:06.873078   16264 log.go:244] (0x1da02f97e0a0) (159) Data frame sent
I0815 21:53:17.185522   16264 log.go:244] (0x1da02f97e0a0) (159) Writing data frame
I0815 21:53:17.234919   16264 log.go:244] (0x1da02f91a580) Data frame received for 159
I0815 21:53:17.414746   16264 log.go:244] (0x1da02f97e0a0) (159) Data frame handling
I0815 21:53:17.429274   16264 log.go:244] (0x1da02f97e0a0) (159) Data frame sent
I0815 21:53:27.752244   16264 log.go:244] (0x1da02f97e0a0) (159) Writing data frame
I0815 21:53:27.764582   16264 log.go:244] (0x1da02f91a580) Data frame received for 159
I0815 21:53:27.810794   16264 log.go:244] (0x1da02f97e0a0) (159) Data frame handling
I0815 21:53:27.811462   16264 log.go:244] (0x1da02f97e0a0) (159) Data frame sent
I0815 21:53:30.141886   16264 log.go:244] (0x1da02f91a580) Data frame received for 181
I0815 21:53:30.233617   16264 log.go:244] (0x1da02f91a580) Data frame received for 183
I0815 21:53:30.264032   16264 log.go:244] (0x1da02f97e3c0) (181) Data frame handling
I0815 21:53:30.289073   16264 log.go:244] (0x1da02f8b60a0) (183) Data frame handling
I0815 21:53:30.369792   16264 log.go:244] (0x1da02f91a580) (0x1da02f97e3c0) Stream removed, broadcasting: 181
I0815 21:53:30.402820   16264 log.go:244] (0x1da02f91a580) (0x1da02f8b60a0) Stream removed, broadcasting: 183
I0815 21:53:30.576392   16264 log.go:244] (0x1da02f91a580) (0x1da02f8b60a0) Stream removed, broadcasting: 183
I0815 21:53:38.342441   16264 log.go:244] (0x1da02f97e0a0) (159) Writing data frame
I0815 21:53:38.482910   16264 log.go:244] (0x1da02f91a580) Data frame received for 159
I0815 21:53:38.661513   16264 log.go:244] (0x1da02f97e0a0) (159) Data frame handling
I0815 21:53:38.864639   16264 log.go:244] (0x1da02f97e0a0) (159) Data frame sent
I0815 21:53:48.891203   16264 log.go:244] (0x1da02f97e0a0) (159) Writing data frame
I0815 21:53:49.136386   16264 log.go:244] (0x1da02f91a580) Data frame received for 159
I0815 21:53:49.168047   16264 log.go:244] (0x1da02f97e0a0) (159) Data frame handling
I0815 21:53:49.184638   16264 log.go:244] (0x1da02f97e0a0) (159) Data frame sent
I0815 21:53:59.471300   16264 log.go:244] (0x1da02f97e0a0) (159) Writing data frame
I0815 21:53:59.473919   16264 log.go:244] (0x1da02f91a580) Data frame received for 159
I0815 21:53:59.474424   16264 log.go:244] (0x1da02f97e0a0) (159) Data frame handling
I0815 21:53:59.474424   16264 log.go:244] (0x1da02f97e0a0) (159) Data frame sent
I0815 21:54:10.064014   16264 log.go:244] (0x1da02f97e0a0) (159) Writing data frame
I0815 21:54:10.067339   16264 log.go:244] (0x1da02f91a580) Data frame received for 159
I0815 21:54:10.067847   16264 log.go:244] (0x1da02f97e0a0) (159) Data frame handling
I0815 21:54:10.067847   16264 log.go:244] (0x1da02f97e0a0) (159) Data frame sent
I0815 21:54:20.666632   16264 log.go:244] (0x1da02f97e0a0) (159) Writing data frame
I0815 21:54:20.670972   16264 log.go:244] (0x1da02f91a580) Data frame received for 159
I0815 21:54:20.671502   16264 log.go:244] (0x1da02f97e0a0) (159) Data frame handling
I0815 21:54:20.672044   16264 log.go:244] (0x1da02f97e0a0) (159) Data frame sent
I0815 21:54:31.279082   16264 log.go:244] (0x1da02f97e0a0) (159) Writing data frame
I0815 21:54:31.283389   16264 log.go:244] (0x1da02f91a580) Data frame received for 159
I0815 21:54:31.283389   16264 log.go:244] (0x1da02f97e0a0) (159) Data frame handling
I0815 21:54:31.283929   16264 log.go:244] (0x1da02f97e0a0) (159) Data frame sent
I0815 21:54:41.863153   16264 log.go:244] (0x1da02f97e0a0) (159) Writing data frame
I0815 21:54:41.895345   16264 log.go:244] (0x1da02f91a580) Data frame received for 159
I0815 21:54:41.895851   16264 log.go:244] (0x1da02f97e0a0) (159) Data frame handling
I0815 21:54:41.896391   16264 log.go:244] (0x1da02f97e0a0) (159) Data frame sent
I0815 21:54:52.467118   16264 log.go:244] (0x1da02f97e0a0) (159) Writing data frame
I0815 21:54:52.471581   16264 log.go:244] (0x1da02f91a580) Data frame received for 159
I0815 21:54:52.484208   16264 log.go:244] (0x1da02f97e0a0) (159) Data frame handling
I0815 21:54:52.484716   16264 log.go:244] (0x1da02f97e0a0) (159) Data frame sent
I0815 21:55:03.052861   16264 log.go:244] (0x1da02f97e0a0) (159) Writing data frame
I0815 21:55:03.056453   16264 log.go:244] (0x1da02f91a580) Data frame received for 159
I0815 21:55:03.056960   16264 log.go:244] (0x1da02f97e0a0) (159) Data frame handling
I0815 21:55:03.056960   16264 log.go:244] (0x1da02f97e0a0) (159) Data frame sent
I0815 21:55:13.667581   16264 log.go:244] (0x1da02f97e0a0) (159) Writing data frame
I0815 21:55:13.670566   16264 log.go:244] (0x1da02f91a580) Data frame received for 159
I0815 21:55:13.671078   16264 log.go:244] (0x1da02f97e0a0) (159) Data frame handling
I0815 21:55:13.671078   16264 log.go:244] (0x1da02f97e0a0) (159) Data frame sent
I0815 21:55:24.260080   16264 log.go:244] (0x1da02f97e0a0) (159) Writing data frame
I0815 21:55:24.262529   16264 log.go:244] (0x1da02f91a580) Data frame received for 159
I0815 21:55:24.263040   16264 log.go:244] (0x1da02f97e0a0) (159) Data frame handling
I0815 21:55:24.263040   16264 log.go:244] (0x1da02f97e0a0) (159) Data frame sent
I0815 21:55:34.852552   16264 log.go:244] (0x1da02f97e0a0) (159) Writing data frame
I0815 21:55:34.855401   16264 log.go:244] (0x1da02f91a580) Data frame received for 159
I0815 21:55:34.855401   16264 log.go:244] (0x1da02f97e0a0) (159) Data frame handling
I0815 21:55:34.855934   16264 log.go:244] (0x1da02f97e0a0) (159) Data frame sent
I0815 21:55:45.468064   16264 log.go:244] (0x1da02f97e0a0) (159) Writing data frame
I0815 21:55:45.470902   16264 log.go:244] (0x1da02f91a580) Data frame received for 159
I0815 21:55:45.470902   16264 log.go:244] (0x1da02f97e0a0) (159) Data frame handling
I0815 21:55:45.471410   16264 log.go:244] (0x1da02f97e0a0) (159) Data frame sent
I0815 21:55:56.083404   16264 log.go:244] (0x1da02f97e0a0) (159) Writing data frame
I0815 21:55:56.085508   16264 log.go:244] (0x1da02f91a580) Data frame received for 159
I0815 21:55:56.133998   16264 log.go:244] (0x1da02f97e0a0) (159) Data frame handling
I0815 21:55:56.133998   16264 log.go:244] (0x1da02f97e0a0) (159) Data frame sent
I0815 21:56:06.688818   16264 log.go:244] (0x1da02f97e0a0) (159) Writing data frame
I0815 21:56:06.722453   16264 log.go:244] (0x1da02f91a580) Data frame received for 159
I0815 21:56:06.747244   16264 log.go:244] (0x1da02f97e0a0) (159) Data frame handling
I0815 21:56:06.759053   16264 log.go:244] (0x1da02f97e0a0) (159) Data frame sent
I0815 21:56:17.285551   16264 log.go:244] (0x1da02f97e0a0) (159) Writing data frame
I0815 21:56:17.344328   16264 log.go:244] (0x1da02f91a580) Data frame received for 159
I0815 21:56:17.364445   16264 log.go:244] (0x1da02f97e0a0) (159) Data frame handling
I0815 21:56:17.364445   16264 log.go:244] (0x1da02f97e0a0) (159) Data frame sent
I0815 21:56:27.876666   16264 log.go:244] (0x1da02f97e0a0) (159) Writing data frame
I0815 21:56:27.894975   16264 log.go:244] (0x1da02f91a580) Data frame received for 159
I0815 21:56:27.909084   16264 log.go:244] (0x1da02f97e0a0) (159) Data frame handling
I0815 21:56:27.909612   16264 log.go:244] (0x1da02f97e0a0) (159) Data frame sent
I0815 21:56:38.461992   16264 log.go:244] (0x1da02f97e0a0) (159) Writing data frame
I0815 21:56:38.614529   16264 log.go:244] (0x1da02f91a580) Data frame received for 159
I0815 21:56:38.760383   16264 log.go:244] (0x1da02f97e0a0) (159) Data frame handling
I0815 21:56:38.773235   16264 log.go:244] (0x1da02f97e0a0) (159) Data frame sent
I0815 21:56:49.034999   16264 log.go:244] (0x1da02f97e0a0) (159) Writing data frame
I0815 21:56:49.053836   16264 log.go:244] (0x1da02f91a580) Data frame received for 159
I0815 21:56:49.056493   16264 log.go:244] (0x1da02f97e0a0) (159) Data frame handling
I0815 21:56:49.056493   16264 log.go:244] (0x1da02f97e0a0) (159) Data frame sent
I0815 21:56:59.626253   16264 log.go:244] (0x1da02f97e0a0) (159) Writing data frame
I0815 21:56:59.706602   16264 log.go:244] (0x1da02f91a580) Data frame received for 159
I0815 21:56:59.862927   16264 log.go:244] (0x1da02f97e0a0) (159) Data frame handling
I0815 21:56:59.979681   16264 log.go:244] (0x1da02f97e0a0) (159) Data frame sent
I0815 21:57:10.156532   16264 log.go:244] (0x1da02f97e0a0) (159) Writing data frame
I0815 21:57:10.241391   16264 log.go:244] (0x1da02f91a580) Data frame received for 159
I0815 21:57:10.342528   16264 log.go:244] (0x1da02f97e0a0) (159) Data frame handling
I0815 21:57:10.361657   16264 log.go:244] (0x1da02f97e0a0) (159) Data frame sent
I0815 21:57:20.720131   16264 log.go:244] (0x1da02f97e0a0) (159) Writing data frame
I0815 21:57:20.724752   16264 log.go:244] (0x1da02f91a580) Data frame received for 159
I0815 21:57:20.726365   16264 log.go:244] (0x1da02f97e0a0) (159) Data frame handling
I0815 21:57:20.727466   16264 log.go:244] (0x1da02f97e0a0) (159) Data frame sent
I0815 21:57:31.312340   16264 log.go:244] (0x1da02f97e0a0) (159) Writing data frame
I0815 21:57:31.407496   16264 log.go:244] (0x1da02f91a580) Data frame received for 159
I0815 21:57:31.420378   16264 log.go:244] (0x1da02f97e0a0) (159) Data frame handling
I0815 21:57:31.481103   16264 log.go:244] (0x1da02f97e0a0) (159) Data frame sent
I0815 21:57:41.881794   16264 log.go:244] (0x1da02f97e0a0) (159) Writing data frame
I0815 21:57:41.947409   16264 log.go:244] (0x1da02f91a580) Data frame received for 159
I0815 21:57:42.174142   16264 log.go:244] (0x1da02f97e0a0) (159) Data frame handling
I0815 21:57:42.278422   16264 log.go:244] (0x1da02f97e0a0) (159) Data frame sent
I0815 21:57:52.415077   16264 log.go:244] (0x1da02f97e0a0) (159) Writing data frame
I0815 21:57:52.427302   16264 log.go:244] (0x1da02f91a580) Data frame received for 159
I0815 21:57:52.479023   16264 log.go:244] (0x1da02f97e0a0) (159) Data frame handling
I0815 21:57:52.534897   16264 log.go:244] (0x1da02f97e0a0) (159) Data frame sent
I0815 21:58:03.011736   16264 log.go:244] (0x1da02f97e0a0) (159) Writing data frame
I0815 21:58:03.118209   16264 log.go:244] (0x1da02f91a580) Data frame received for 159
I0815 21:58:03.135685   16264 log.go:244] (0x1da02f97e0a0) (159) Data frame handling
I0815 21:58:03.136221   16264 log.go:244] (0x1da02f97e0a0) (159) Data frame sent
I0815 21:58:13.582511   16264 log.go:244] (0x1da02f97e0a0) (159) Writing data frame
I0815 21:58:13.641851   16264 log.go:244] (0x1da02f91a580) Data frame received for 159
I0815 21:58:13.823919   16264 log.go:244] (0x1da02f97e0a0) (159) Data frame handling
I0815 21:58:13.949622   16264 log.go:244] (0x1da02f97e0a0) (159) Data frame sent
I0815 21:58:24.109205   16264 log.go:244] (0x1da02f97e0a0) (159) Writing data frame
I0815 21:58:24.173309   16264 log.go:244] (0x1da02f91a580) Data frame received for 159
I0815 21:58:24.173818   16264 log.go:244] (0x1da02f97e0a0) (159) Data frame handling
I0815 21:58:24.173818   16264 log.go:244] (0x1da02f97e0a0) (159) Data frame sent
I0815 21:58:34.705878   16264 log.go:244] (0x1da02f97e0a0) (159) Writing data frame
I0815 21:58:34.930665   16264 log.go:244] (0x1da02f91a580) (0x1da02f8b6000) Create stream
I0815 21:58:34.998046   16264 log.go:244] (0x1da02f91a580) Data frame received for 159
I0815 21:58:35.043267   16264 log.go:244] (0x1da02f91a580) (0x1da02f8b6000) Stream added, broadcasting: 185
I0815 21:58:35.082505   16264 log.go:244] (0x1da02f97e0a0) (159) Data frame handling
I0815 21:58:35.083052   16264 log.go:244] (0x1da02f97e0a0) (159) Data frame sent
I0815 21:58:35.120977   16264 log.go:244] (0x1da02f91a580) Reply frame received for 185
I0815 21:58:35.122586   16264 log.go:244] (0x1da02f8b6000) (185) Writing data frame
I0815 21:58:35.123116   16264 log.go:244] (0x1da02f91a580) (0x1da02fc32000) Create stream
I0815 21:58:35.123116   16264 log.go:244] (0x1da02f91a580) (0x1da02fc32000) Stream added, broadcasting: 187
I0815 21:58:35.125249   16264 log.go:244] (0x1da02f91a580) Reply frame received for 187
I0815 21:58:35.126301   16264 log.go:244] (0x1da02fc32000) (187) Writing data frame
I0815 21:58:35.312248   16264 log.go:244] (0x1da02f91a580) Data frame received for 187
I0815 21:58:35.312755   16264 log.go:244] (0x1da02fc32000) (187) Data frame handling
I0815 21:58:35.312755   16264 log.go:244] (0x1da02fc32000) (187) Data frame sent
I0815 21:58:35.321875   16264 log.go:244] (0x1da02f97e0a0) (159) Writing data frame
I0815 21:58:35.757237   16264 log.go:244] (0x1da02f91a580) Data frame received for 159
I0815 21:58:35.757784   16264 log.go:244] (0x1da02f97e0a0) (159) Data frame handling
I0815 21:58:35.758319   16264 log.go:244] (0x1da02f97e0a0) (159) Data frame sent
I0815 21:58:44.930342   16264 log.go:244] (0x1da02f97e0a0) (159) Writing data frame
I0815 21:58:44.989554   16264 log.go:244] (0x1da02f91a580) Data frame received for 159
I0815 21:58:45.053407   16264 log.go:244] (0x1da02f97e0a0) (159) Data frame handling
I0815 21:58:45.097585   16264 log.go:244] (0x1da02f97e0a0) (159) Data frame sent
I0815 21:58:55.487006   16264 log.go:244] (0x1da02f97e0a0) (159) Writing data frame
I0815 21:58:55.512482   16264 log.go:244] (0x1da02f91a580) Data frame received for 159
I0815 21:58:55.542479   16264 log.go:244] (0x1da02f97e0a0) (159) Data frame handling
I0815 21:58:55.619661   16264 log.go:244] (0x1da02f97e0a0) (159) Data frame sent
I0815 21:59:06.051666   16264 log.go:244] (0x1da02f97e0a0) (159) Writing data frame
I0815 21:59:06.132956   16264 log.go:244] (0x1da02f91a580) Data frame received for 159
I0815 21:59:06.137264   16264 log.go:244] (0x1da02f97e0a0) (159) Data frame handling
I0815 21:59:06.137264   16264 log.go:244] (0x1da02f97e0a0) (159) Data frame sent
I0815 21:59:16.643123   16264 log.go:244] (0x1da02f97e0a0) (159) Writing data frame
I0815 21:59:16.710035   16264 log.go:244] (0x1da02f91a580) Data frame received for 159
I0815 21:59:16.743566   16264 log.go:244] (0x1da02f97e0a0) (159) Data frame handling
I0815 21:59:16.766673   16264 log.go:244] (0x1da02f97e0a0) (159) Data frame sent
I0815 21:59:27.226376   16264 log.go:244] (0x1da02f97e0a0) (159) Writing data frame
I0815 21:59:27.261536   16264 log.go:244] (0x1da02f91a580) Data frame received for 159
I0815 21:59:27.372468   16264 log.go:244] (0x1da02f97e0a0) (159) Data frame handling
I0815 21:59:27.508886   16264 log.go:244] (0x1da02f97e0a0) (159) Data frame sent
I0815 21:59:37.799349   16264 log.go:244] (0x1da02f97e0a0) (159) Writing data frame
I0815 21:59:38.653509   16264 log.go:244] (0x1da02f91a580) Data frame received for 159
I0815 21:59:39.287549   16264 log.go:244] (0x1da02f97e0a0) (159) Data frame handling
I0815 21:59:39.773377   16264 log.go:244] (0x1da02f97e0a0) (159) Data frame sent
I0815 21:59:40.901315   16264 log.go:244] (0x1da02f91a580) Data frame received for 185
I0815 21:59:41.213775   16264 log.go:244] (0x1da02f8b6000) (185) Data frame handling
I0815 21:59:41.237184   16264 log.go:244] (0x1da02f91a580) Data frame received for 187
I0815 21:59:41.298530   16264 log.go:244] (0x1da02f91a580) (0x1da02f8b6000) Stream removed, broadcasting: 185
I0815 21:59:41.446235   16264 log.go:244] (0x1da02fc32000) (187) Data frame handling
I0815 21:59:41.565130   16264 log.go:244] (0x1da02f91a580) (0x1da02fc32000) Stream removed, broadcasting: 187
I0815 21:59:41.673783   16264 log.go:244] (0x1da02f91a580) (0x1da02fc32000) Stream removed, broadcasting: 187
I0815 21:59:48.148538   16264 log.go:244] (0x1da02f97e0a0) (159) Writing data frame
I0815 21:59:48.189392   16264 log.go:244] (0x1da02f91a580) Data frame received for 159
I0815 21:59:48.192022   16264 log.go:244] (0x1da02f97e0a0) (159) Data frame handling
I0815 21:59:48.194149   16264 log.go:244] (0x1da02f97e0a0) (159) Data frame sent
I0815 21:59:58.742741   16264 log.go:244] (0x1da02f97e0a0) (159) Writing data frame
I0815 21:59:58.851236   16264 log.go:244] (0x1da02f91a580) Data frame received for 159
I0815 21:59:58.959280   16264 log.go:244] (0x1da02f97e0a0) (159) Data frame handling
I0815 21:59:58.993076   16264 log.go:244] (0x1da02f97e0a0) (159) Data frame sent
I0815 22:00:09.316307   16264 log.go:244] (0x1da02f97e0a0) (159) Writing data frame
I0815 22:00:09.486553   16264 log.go:244] (0x1da02f91a580) Data frame received for 159
I0815 22:00:09.608186   16264 log.go:244] (0x1da02f97e0a0) (159) Data frame handling
I0815 22:00:09.617712   16264 log.go:244] (0x1da02f97e0a0) (159) Data frame sent
I0815 22:00:19.617281   16264 log.go:244] (0x1da02f97e0a0) (159) Writing data frame
I0815 22:00:19.665241   16264 log.go:244] (0x1da02f91a580) Data frame received for 159
I0815 22:00:19.749217   16264 log.go:244] (0x1da02f97e0a0) (159) Data frame handling
I0815 22:00:19.835324   16264 log.go:244] (0x1da02f97e0a0) (159) Data frame sent
I0815 22:00:30.205290   16264 log.go:244] (0x1da02f97e0a0) (159) Writing data frame
I0815 22:00:32.025666   16264 log.go:244] (0x1da02f91a580) Data frame received for 159
I0815 22:00:32.048939   16264 log.go:244] (0x1da02f97e0a0) (159) Data frame handling
I0815 22:00:32.049872   16264 log.go:244] (0x1da02f97e0a0) (159) Data frame sent
I0815 22:00:40.549272   16264 log.go:244] (0x1da02f97e0a0) (159) Writing data frame
I0815 22:00:42.134538   16264 log.go:244] (0x1da02f91a580) Data frame received for 159
I0815 22:00:42.228225   16264 log.go:244] (0x1da02f97e0a0) (159) Data frame handling
I0815 22:00:42.228771   16264 log.go:244] (0x1da02f97e0a0) (159) Data frame sent
I0815 22:00:50.939720   16264 log.go:244] (0x1da02f97e0a0) (159) Writing data frame
I0815 22:00:51.003822   16264 log.go:244] (0x1da02f91a580) Data frame received for 159
I0815 22:00:51.030355   16264 log.go:244] (0x1da02f97e0a0) (159) Data frame handling
I0815 22:00:51.144969   16264 log.go:244] (0x1da02f97e0a0) (159) Data frame sent
I0815 22:01:01.500280   16264 log.go:244] (0x1da02f97e0a0) (159) Writing data frame
I0815 22:01:01.517037   16264 log.go:244] (0x1da02f91a580) Data frame received for 159
I0815 22:01:01.518710   16264 log.go:244] (0x1da02f97e0a0) (159) Data frame handling
I0815 22:01:01.518710   16264 log.go:244] (0x1da02f97e0a0) (159) Data frame sent
I0815 22:01:12.090587   16264 log.go:244] (0x1da02f97e0a0) (159) Writing data frame
I0815 22:01:12.351192   16264 log.go:244] (0x1da02f91a580) Data frame received for 159
I0815 22:01:12.586701   16264 log.go:244] (0x1da02f97e0a0) (159) Data frame handling
I0815 22:01:12.613653   16264 log.go:244] (0x1da02f97e0a0) (159) Data frame sent
I0815 22:01:22.623028   16264 log.go:244] (0x1da02f97e0a0) (159) Writing data frame
I0815 22:01:22.657736   16264 log.go:244] (0x1da02f91a580) Data frame received for 159
I0815 22:01:22.683255   16264 log.go:244] (0x1da02f97e0a0) (159) Data frame handling
I0815 22:01:22.708808   16264 log.go:244] (0x1da02f97e0a0) (159) Data frame sent
I0815 22:01:33.213510   16264 log.go:244] (0x1da02f97e0a0) (159) Writing data frame
I0815 22:01:33.434373   16264 log.go:244] (0x1da02f91a580) Data frame received for 159
I0815 22:01:33.725258   16264 log.go:244] (0x1da02f97e0a0) (159) Data frame handling
I0815 22:01:33.997549   16264 log.go:244] (0x1da02f97e0a0) (159) Data frame sent
I0815 22:01:43.700987   16264 log.go:244] (0x1da02f97e0a0) (159) Writing data frame
I0815 22:01:43.759546   16264 log.go:244] (0x1da02f91a580) Data frame received for 159
I0815 22:01:43.987429   16264 log.go:244] (0x1da02f97e0a0) (159) Data frame handling
I0815 22:01:44.149419   16264 log.go:244] (0x1da02f97e0a0) (159) Data frame sent
I0815 22:01:54.245483   16264 log.go:244] (0x1da02f97e0a0) (159) Writing data frame
I0815 22:01:54.406180   16264 log.go:244] (0x1da02f91a580) Data frame received for 159
I0815 22:01:54.529327   16264 log.go:244] (0x1da02f97e0a0) (159) Data frame handling
I0815 22:01:54.536246   16264 log.go:244] (0x1da02f97e0a0) (159) Data frame sent
I0815 22:02:15.087928   16264 log.go:244] (0x1da02f97e0a0) (159) Writing data frame
I0815 22:02:15.105108   16264 log.go:244] (0x1da02f91a580) Data frame received for 159
I0815 22:02:15.113165   16264 log.go:244] (0x1da02f97e0a0) (159) Data frame handling
I0815 22:02:15.113698   16264 log.go:244] (0x1da02f97e0a0) (159) Data frame sent
I0815 22:02:25.667601   16264 log.go:244] (0x1da02f97e0a0) (159) Writing data frame
I0815 22:02:25.733959   16264 log.go:244] (0x1da02f91a580) Data frame received for 159
I0815 22:02:25.785988   16264 log.go:244] (0x1da02f97e0a0) (159) Data frame handling
I0815 22:02:25.849068   16264 log.go:244] (0x1da02f97e0a0) (159) Data frame sent
I0815 22:02:28.240176   16264 log.go:244] (0x1da02f97e0a0) (159) Writing data frame
I0815 22:02:33.061194   16264 log.go:244] (0x1da02f91a580) Data frame received for 159
I0815 22:02:33.355625   16264 log.go:244] (0x1da02f97e0a0) (159) Data frame handling
I0815 22:02:33.549611   16264 log.go:244] (0x1da02f97e0a0) (159) Data frame sent
I0815 22:02:33.558643   16264 log.go:244] (0x1da02f97e0a0) (159) Writing data frame
I0815 22:02:35.699776   16264 log.go:244] (0x1da02f91a580) (0x1da02f8b6000) Create stream
I0815 22:02:35.806985   16264 log.go:244] (0x1da02f91a580) (0x1da02f8b6000) Stream added, broadcasting: 189
I0815 22:02:35.880659   16264 log.go:244] (0x1da02f91a580) Reply frame received for 189
I0815 22:02:36.092945   16264 log.go:244] (0x1da02f8b6000) (189) Writing data frame
I0815 22:02:36.237076   16264 log.go:244] (0x1da02f91a580) (0x1da02fc32000) Create stream
I0815 22:02:36.258866   16264 log.go:244] (0x1da02f91a580) (0x1da02fc32000) Stream added, broadcasting: 191
I0815 22:02:36.261790   16264 log.go:244] (0x1da02f91a580) Reply frame received for 191
I0815 22:02:36.287401   16264 log.go:244] (0x1da02fc32000) (191) Writing data frame
I0815 22:02:36.306179   16264 log.go:244] (0x1da02f91a580) Data frame received for 191
I0815 22:02:36.311456   16264 log.go:244] (0x1da02fc32000) (191) Data frame handling
I0815 22:02:36.311989   16264 log.go:244] (0x1da02fc32000) (191) Data frame sent
I0815 22:02:41.467248   16264 log.go:244] (0x1da02f91a580) Data frame received for 159
I0815 22:02:41.573839   16264 log.go:244] (0x1da02f97e0a0) (159) Data frame handling
I0815 22:02:41.625743   16264 log.go:244] (0x1da02f97e0a0) (159) Data frame sent
I0815 22:02:46.203313   16264 log.go:244] (0x1da02f97e0a0) (159) Writing data frame
I0815 22:02:46.387974   16264 log.go:244] (0x1da02f91a580) Data frame received for 159
I0815 22:02:46.459482   16264 log.go:244] (0x1da02f97e0a0) (159) Data frame handling
I0815 22:02:46.481305   16264 log.go:244] (0x1da02f97e0a0) (159) Data frame sent
I0815 22:02:56.770302   16264 log.go:244] (0x1da02f97e0a0) (159) Writing data frame
I0815 22:02:56.775090   16264 log.go:244] (0x1da02f91a580) Data frame received for 159
I0815 22:02:56.777229   16264 log.go:244] (0x1da02f97e0a0) (159) Data frame handling
I0815 22:02:56.777776   16264 log.go:244] (0x1da02f97e0a0) (159) Data frame sent
I0815 22:03:07.354403   16264 log.go:244] (0x1da02f97e0a0) (159) Writing data frame
I0815 22:03:07.581586   16264 log.go:244] (0x1da02f91a580) Data frame received for 159
I0815 22:03:07.981842   16264 log.go:244] (0x1da02f97e0a0) (159) Data frame handling
I0815 22:03:08.207559   16264 log.go:244] (0x1da02f97e0a0) (159) Data frame sent
I0815 22:03:17.849463   16264 log.go:244] (0x1da02f97e0a0) (159) Writing data frame
I0815 22:03:18.026475   16264 log.go:244] (0x1da02f91a580) Data frame received for 159
I0815 22:03:18.219366   16264 log.go:244] (0x1da02f97e0a0) (159) Data frame handling
I0815 22:03:18.458598   16264 log.go:244] (0x1da02f97e0a0) (159) Data frame sent
I0815 22:03:28.387908   16264 log.go:244] (0x1da02f97e0a0) (159) Writing data frame
I0815 22:03:28.536148   16264 log.go:244] (0x1da02f91a580) Data frame received for 159
I0815 22:03:28.666556   16264 log.go:244] (0x1da02f97e0a0) (159) Data frame handling
I0815 22:03:28.671493   16264 log.go:244] (0x1da02f97e0a0) (159) Data frame sent
I0815 22:03:38.989419   16264 log.go:244] (0x1da02f97e0a0) (159) Writing data frame
I0815 22:03:39.136824   16264 log.go:244] (0x1da02f91a580) Data frame received for 159
I0815 22:03:39.298812   16264 log.go:244] (0x1da02f97e0a0) (159) Data frame handling
I0815 22:03:39.365678   16264 log.go:244] (0x1da02f97e0a0) (159) Data frame sent
I0815 22:03:41.602204   16264 log.go:244] (0x1da02f91a580) Data frame received for 191
I0815 22:03:41.832470   16264 log.go:244] (0x1da02f91a580) Data frame received for 189
I0815 22:03:41.833456   16264 log.go:244] (0x1da02fc32000) (191) Data frame handling
I0815 22:03:41.955703   16264 log.go:244] (0x1da02f91a580) (0x1da02fc32000) Stream removed, broadcasting: 191
I0815 22:03:41.969606   16264 log.go:244] (0x1da02f8b6000) (189) Data frame handling
I0815 22:03:41.974783   16264 log.go:244] (0x1da02f91a580) (0x1da02f8b6000) Stream removed, broadcasting: 189
I0815 22:03:42.077014   16264 log.go:244] (0x1da02f91a580) (0x1da02fc32000) Stream removed, broadcasting: 191
I0815 22:03:49.532590   16264 log.go:244] (0x1da02f97e0a0) (159) Writing data frame
I0815 22:03:49.617257   16264 log.go:244] (0x1da02f91a580) Data frame received for 159
I0815 22:03:49.808624   16264 log.go:244] (0x1da02f97e0a0) (159) Data frame handling
I0815 22:03:49.873019   16264 log.go:244] (0x1da02f97e0a0) (159) Data frame sent
I0815 22:04:00.099651   16264 log.go:244] (0x1da02f97e0a0) (159) Writing data frame
I0815 22:04:00.114268   16264 log.go:244] (0x1da02f91a580) Data frame received for 159
I0815 22:04:00.143724   16264 log.go:244] (0x1da02f97e0a0) (159) Data frame handling
I0815 22:04:00.180396   16264 log.go:244] (0x1da02f97e0a0) (159) Data frame sent
I0815 22:04:10.697023   16264 log.go:244] (0x1da02f97e0a0) (159) Writing data frame
I0815 22:04:10.744109   16264 log.go:244] (0x1da02f91a580) Data frame received for 159
I0815 22:04:10.918814   16264 log.go:244] (0x1da02f97e0a0) (159) Data frame handling
I0815 22:04:10.941126   16264 log.go:244] (0x1da02f97e0a0) (159) Data frame sent
I0815 22:04:21.274970   16264 log.go:244] (0x1da02f97e0a0) (159) Writing data frame
I0815 22:04:21.509145   16264 log.go:244] (0x1da02f91a580) Data frame received for 159
I0815 22:04:21.653217   16264 log.go:244] (0x1da02f97e0a0) (159) Data frame handling
I0815 22:04:21.818413   16264 log.go:244] (0x1da02f97e0a0) (159) Data frame sent
I0815 22:04:31.822823   16264 log.go:244] (0x1da02f97e0a0) (159) Writing data frame
I0815 22:04:31.949189   16264 log.go:244] (0x1da02f91a580) Data frame received for 159
I0815 22:04:31.951860   16264 log.go:244] (0x1da02f97e0a0) (159) Data frame handling
I0815 22:04:31.967271   16264 log.go:244] (0x1da02f97e0a0) (159) Data frame sent
I0815 22:04:42.386497   16264 log.go:244] (0x1da02f97e0a0) (159) Writing data frame
I0815 22:04:42.453162   16264 log.go:244] (0x1da02f91a580) Data frame received for 159
I0815 22:04:42.823656   16264 log.go:244] (0x1da02f97e0a0) (159) Data frame handling
I0815 22:04:43.189897   16264 log.go:244] (0x1da02f97e0a0) (159) Data frame sent
I0815 22:04:44.045679   16264 log.go:244] (0x1da02f97e0a0) (159) Writing data frame
I0815 22:04:49.473084   16264 log.go:244] (0x1da02f91a580) Data frame received for 159
I0815 22:04:49.784920   16264 log.go:244] (0x1da02f97e0a0) (159) Data frame handling
I0815 22:04:50.143601   16264 log.go:244] (0x1da02f97e0a0) (159) Data frame sent
I0815 22:04:50.152165   16264 log.go:244] (0x1da02f97e0a0) (159) Writing data frame
I0815 22:04:50.167746   16264 log.go:244] (0x1da02f91a580) Data frame received for 159
I0815 22:04:50.183099   16264 log.go:244] (0x1da02f97e0a0) (159) Data frame handling
I0815 22:04:50.184040   16264 log.go:244] (0x1da02f97e0a0) (159) Data frame sent
I0815 22:04:52.396592   16264 log.go:244] (0x1da02f97e0a0) (159) Writing data frame
I0815 22:04:52.546196   16264 log.go:244] (0x1da02f91a580) Data frame received for 159
I0815 22:04:52.713353   16264 log.go:244] (0x1da02f97e0a0) (159) Data frame handling
I0815 22:04:52.948048   16264 log.go:244] (0x1da02f97e0a0) (159) Data frame sent
I0815 22:05:02.942438   16264 log.go:244] (0x1da02f97e0a0) (159) Writing data frame
I0815 22:05:02.946592   16264 log.go:244] (0x1da02f91a580) Data frame received for 159
I0815 22:05:03.064052   16264 log.go:244] (0x1da02f97e0a0) (159) Data frame handling
I0815 22:05:03.068819   16264 log.go:244] (0x1da02f97e0a0) (159) Data frame sent
I0815 22:05:13.555666   16264 log.go:244] (0x1da02f97e0a0) (159) Writing data frame
I0815 22:05:13.695186   16264 log.go:244] (0x1da02f91a580) Data frame received for 159
I0815 22:05:13.815105   16264 log.go:244] (0x1da02f97e0a0) (159) Data frame handling
I0815 22:05:13.830056   16264 log.go:244] (0x1da02f97e0a0) (159) Data frame sent
I0815 22:05:24.264408   16264 log.go:244] (0x1da02f97e0a0) (159) Writing data frame
I0815 22:05:24.279773   16264 log.go:244] (0x1da02f91a580) Data frame received for 159
I0815 22:05:24.300024   16264 log.go:244] (0x1da02f97e0a0) (159) Data frame handling
I0815 22:05:24.300535   16264 log.go:244] (0x1da02f97e0a0) (159) Data frame sent
I0815 22:05:34.699489   16264 log.go:244] (0x1da02f97e0a0) (159) Writing data frame
I0815 22:05:34.717959   16264 log.go:244] (0x1da02f91a580) Data frame received for 159
I0815 22:05:34.735368   16264 log.go:244] (0x1da02f97e0a0) (159) Data frame handling
I0815 22:05:34.735368   16264 log.go:244] (0x1da02f97e0a0) (159) Data frame sent
I0815 22:05:45.297647   16264 log.go:244] (0x1da02f97e0a0) (159) Writing data frame
I0815 22:05:45.328563   16264 log.go:244] (0x1da02f91a580) Data frame received for 159
I0815 22:05:45.417823   16264 log.go:244] (0x1da02f97e0a0) (159) Data frame handling
I0815 22:05:45.418328   16264 log.go:244] (0x1da02f97e0a0) (159) Data frame sent
I0815 22:05:55.896074   16264 log.go:244] (0x1da02f97e0a0) (159) Writing data frame
I0815 22:05:56.040058   16264 log.go:244] (0x1da02f91a580) Data frame received for 159
I0815 22:05:56.051674   16264 log.go:244] (0x1da02f97e0a0) (159) Data frame handling
I0815 22:05:56.125851   16264 log.go:244] (0x1da02f97e0a0) (159) Data frame sent
I0815 22:06:01.077264   16264 log.go:244] (0x1da02f97e0a0) (159) Writing data frame
I0815 22:06:01.142535   16264 log.go:244] (0x1da02f91a580) Data frame received for 159
I0815 22:06:01.260611   16264 log.go:244] (0x1da02f97e0a0) (159) Data frame handling
I0815 22:06:01.271454   16264 log.go:244] (0x1da02f97e0a0) (159) Data frame sent
I0815 22:06:04.617668   16264 log.go:244] (0x1da02f91a580) Data frame received for 159
I0815 22:06:05.065679   16264 log.go:244] (0x1da02f91a580) Data frame received for 147
I0815 22:06:05.430381   16264 log.go:244] (0x1da02f88e640) (147) Data frame handling
I0815 22:06:05.656643   16264 log.go:244] (0x1da02f97e0a0) (159) Data frame handling
I0815 22:06:05.903669   16264 log.go:244] (0x1da02f91a580) (0x1da02f88e640) Stream removed, broadcasting: 147
I0815 22:06:06.049452   16264 log.go:244] (0x1da02f97e0a0) (159) Writing data frame
I0815 22:06:06.172353   16264 log.go:244] (0x1da02f91a580) (0x1da02f97e0a0) Stream removed, broadcasting: 159
I0815 22:06:06.270695   16264 log.go:244] (0x1da02f91a580) (0x1da02f97e0a0) Stream removed, broadcasting: 159
I0815 22:06:06.320835   16264 log.go:244] (0x1da02f91a580) (0x1da02f8b6000) Create stream
I0815 22:06:06.452866   16264 log.go:244] (0x1da02f91a580) (0x1da02f8b6000) Stream added, broadcasting: 193
I0815 22:06:06.524345   16264 log.go:244] (0x1da02f91a580) Reply frame received for 193
I0815 22:06:06.594095   16264 log.go:244] (0x1da02f8b6000) (193) Writing data frame
I0815 22:06:06.666834   16264 log.go:244] (0x1da02f91a580) (0x1da02fc32000) Create stream
I0815 22:06:06.744659   16264 log.go:244] (0x1da02f91a580) (0x1da02fc32000) Stream added, broadcasting: 195
I0815 22:06:06.747198   16264 log.go:244] (0x1da02f91a580) Reply frame received for 195
I0815 22:06:06.807564   16264 log.go:244] (0x1da02fc32000) (195) Writing data frame
I0815 22:06:07.277201   16264 log.go:244] (0x1da02f91a580) Data frame received for 195
I0815 22:06:07.482334   16264 log.go:244] (0x1da02f91a580) Data frame received for 193
I0815 22:06:07.533214   16264 log.go:244] (0x1da02fc32000) (195) Data frame handling
I0815 22:06:07.632598   16264 log.go:244] (0x1da02f8b6000) (193) Data frame handling
I0815 22:06:07.699919   16264 log.go:244] (0x1da02f8b6000) (193) Data frame sent
I0815 22:06:07.788932   16264 log.go:244] (0x1da02f91a580) (0x1da02fc32000) Stream removed, broadcasting: 195
I0815 22:06:07.855628   16264 log.go:244] (0x1da02f91a580) Data frame received for 193
I0815 22:06:07.922921   16264 log.go:244] (0x1da02f8b6000) (193) Data frame handling
I0815 22:06:08.010886   16264 log.go:244] (0x1da02f91a580) (0x1da02f8b6000) Stream removed, broadcasting: 193
E0815 22:06:08.010886   16264 portforward.go:522] "Unhandled Error" err=<
	an error occurred forwarding 8080 -> 80: error forwarding port 80 to pod 6318ad14037d6cf392d647c8888a4580789eed877db4513dc76c3adf070dccc0, uid : exit status 1: 2026/08/15 14:06:06 socat[69553] E connect(6, AF=2 127.0.0.1:80, 16): Connection refused
 >
I0815 22:06:08.144568   16264 log.go:244] (0x1da02f91a580) (0x1da02f8b6000) Stream removed, broadcasting: 193
I0815 22:06:08.244363   16264 log.go:244] (0x1da02f91a580) (0x1da02fc32000) Stream removed, broadcasting: 195
I0815 22:06:08.258974   16264 log.go:244] (0x1da02f91a580) (0x1da02fc32000) Stream removed, broadcasting: 195
I0815 22:06:08.317170   16264 log.go:244] frame read error: read tcp 127.0.0.1:61109->127.0.0.1:6443: use of closed network connection
I0815 22:06:08.333259   16264 log.go:244] (0x1da02f91a580) (0x1da02fc320a0) Create stream
I0815 22:06:08.422483   16264 log.go:244] (0x1da02f91a580) (0x1da02fc320a0) Stream added, broadcasting: 197
error: lost connection to pod
