I0816 00:27:01.109953   16344 log.go:244] (0x16f6eb21c210) (0x16f6eacfd0e0) Create stream
I0816 00:27:01.326748   16344 log.go:244] (0x16f6eb21c210) (0x16f6eacfd0e0) Stream added, broadcasting: 1
I0816 00:27:01.607581   16344 log.go:244] (0x16f6eb21c210) Reply frame received for 1
I0816 00:27:01.656306   16344 log.go:244] (0x16f6eacfd0e0) (1) Writing data frame
I0816 00:27:01.712693   16344 log.go:244] (0x16f6eb21c210) (0x16f6eacfd180) Create stream
I0816 00:27:01.760241   16344 log.go:244] (0x16f6eb21c210) (0x16f6eacfd180) Stream added, broadcasting: 3
I0816 00:27:01.782949   16344 log.go:244] (0x16f6eb21c210) Reply frame received for 3
I0816 00:27:01.798634   16344 log.go:244] (0x16f6eacfd180) (3) Writing data frame
I0816 00:27:01.801186   16344 log.go:244] (0x16f6eb21c210) Data frame received for 3
I0816 00:27:01.818443   16344 log.go:244] (0x16f6eacfd180) (3) Data frame handling
I0816 00:27:01.878479   16344 log.go:244] (0x16f6eacfd180) (3) Data frame sent
E0816 00:27:03.764687   16344 portforward.go:502] "Unhandled Error" err="error copying from local connection to remote stream: writeto tcp4 127.0.0.1:8080->127.0.0.1:62141: read tcp4 127.0.0.1:8080->127.0.0.1:62141: wsarecv: An existing connection was forcibly closed by the remote host."
I0816 00:27:03.856836   16344 log.go:244] (0x16f6eacfd180) (3) Writing data frame
I0816 00:27:03.892057   16344 log.go:244] (0x16f6eb21c210) (0x16f6eacfd180) Stream removed, broadcasting: 3
I0816 00:27:03.894187   16344 log.go:244] (0x16f6eb21c210) Data frame received for 1
I0816 00:27:03.896828   16344 log.go:244] (0x16f6eacfd0e0) (1) Data frame handling
I0816 00:27:03.905910   16344 log.go:244] (0x16f6eb21c210) Data frame received for 3
I0816 00:27:03.930450   16344 log.go:244] (0x16f6eb21c210) (0x16f6eacfd0e0) Stream removed, broadcasting: 1
I0816 00:27:04.104232   16344 log.go:244] (0x16f6eb21c210) Data frame gone away for 3
I0816 00:27:20.140527   16344 log.go:244] (0x16f6eb21c210) (0x16f6eae9c0a0) Create stream
I0816 00:27:20.300001   16344 log.go:244] (0x16f6eb21c210) (0x16f6eae9c0a0) Stream added, broadcasting: 5
I0816 00:27:20.490417   16344 log.go:244] (0x16f6eb21c210) Reply frame received for 5
I0816 00:27:20.622334   16344 log.go:244] (0x16f6eae9c0a0) (5) Writing data frame
I0816 00:27:20.642077   16344 log.go:244] (0x16f6eb21c210) (0x16f6eb2d0000) Create stream
I0816 00:27:20.665608   16344 log.go:244] (0x16f6eb21c210) (0x16f6eb2d0000) Stream added, broadcasting: 7
I0816 00:27:20.856879   16344 log.go:244] (0x16f6eb21c210) Reply frame received for 7
I0816 00:27:20.881068   16344 log.go:244] (0x16f6eb2d0000) (7) Writing data frame
I0816 00:27:21.184734   16344 log.go:244] (0x16f6eb21c210) Data frame received for 7
I0816 00:27:21.348283   16344 log.go:244] (0x16f6eb2d0000) (7) Data frame handling
I0816 00:27:21.490348   16344 log.go:244] (0x16f6eb2d0000) (7) Data frame sent
I0816 00:27:21.724354   16344 log.go:244] (0x16f6eb2d0000) (7) Writing data frame
I0816 00:27:21.859705   16344 log.go:244] (0x16f6eb21c210) Data frame received for 7
I0816 00:27:22.017273   16344 log.go:244] (0x16f6eb2d0000) (7) Data frame handling
I0816 00:27:22.024886   16344 log.go:244] (0x16f6eb21c210) Data frame received for 5
I0816 00:27:22.024886   16344 log.go:244] (0x16f6eb21c210) (0x16f6eb2d0000) Stream removed, broadcasting: 7
I0816 00:27:22.144193   16344 log.go:244] (0x16f6eae9c0a0) (5) Data frame handling
I0816 00:27:22.152688   16344 log.go:244] (0x16f6eb21c210) (0x16f6eb2d0000) Stream removed, broadcasting: 7
I0816 00:27:22.287705   16344 log.go:244] (0x16f6eb21c210) (0x16f6eae9c0a0) Stream removed, broadcasting: 5
I0816 00:27:23.619180   16344 log.go:244] (0x16f6eb21c210) (0x16f6eb23e8c0) Create stream
I0816 00:27:23.621781   16344 log.go:244] (0x16f6eb21c210) (0x16f6eb23e8c0) Stream added, broadcasting: 9
I0816 00:27:23.644084   16344 log.go:244] (0x16f6eb21c210) Reply frame received for 9
I0816 00:27:23.665606   16344 log.go:244] (0x16f6eb23e8c0) (9) Writing data frame
I0816 00:27:23.765358   16344 log.go:244] (0x16f6eb21c210) (0x16f6eae18000) Create stream
I0816 00:27:23.766415   16344 log.go:244] (0x16f6eb21c210) (0x16f6eae18000) Stream added, broadcasting: 11
I0816 00:27:23.788172   16344 log.go:244] (0x16f6eb21c210) Reply frame received for 11
I0816 00:27:23.945733   16344 log.go:244] (0x16f6eae18000) (11) Writing data frame
I0816 00:27:24.148116   16344 log.go:244] (0x16f6eb21c210) (0x16f6eae9c140) Create stream
I0816 00:27:24.178564   16344 log.go:244] (0x16f6eb21c210) (0x16f6eae9c140) Stream added, broadcasting: 13
I0816 00:27:24.347239   16344 log.go:244] (0x16f6eb21c210) Data frame received for 11
I0816 00:27:24.534860   16344 log.go:244] (0x16f6eb21c210) (0x16f6eae9c6e0) Create stream
I0816 00:27:24.535932   16344 log.go:244] (0x16f6eb21c210) (0x16f6eae9c6e0) Stream added, broadcasting: 15
I0816 00:27:24.551920   16344 log.go:244] (0x16f6eb21c210) Reply frame received for 13
I0816 00:27:24.686963   16344 log.go:244] (0x16f6eae18000) (11) Data frame handling
I0816 00:27:24.828725   16344 log.go:244] (0x16f6eb21c210) Reply frame received for 15
I0816 00:27:24.928962   16344 log.go:244] (0x16f6eae9c140) (13) Writing data frame
I0816 00:27:25.040448   16344 log.go:244] (0x16f6eae18000) (11) Data frame sent
I0816 00:27:25.042567   16344 log.go:244] (0x16f6eae18000) (11) Writing data frame
I0816 00:27:25.050257   16344 log.go:244] (0x16f6eae9c6e0) (15) Writing data frame
I0816 00:27:25.195519   16344 log.go:244] (0x16f6eb21c210) (0x16f6eae9c8c0) Create stream
I0816 00:27:25.344529   16344 log.go:244] (0x16f6eb21c210) Data frame received for 11
I0816 00:27:25.620581   16344 log.go:244] (0x16f6eb21c210) Data frame received for 9
I0816 00:27:25.898389   16344 log.go:244] (0x16f6eb21c210) (0x16f6eae9c8c0) Stream added, broadcasting: 17
I0816 00:27:26.089499   16344 log.go:244] (0x16f6eae18000) (11) Data frame handling
I0816 00:27:26.234853   16344 log.go:244] (0x16f6eb23e8c0) (9) Data frame handling
I0816 00:27:26.354649   16344 log.go:244] (0x16f6eb21c210) (0x16f6eae180a0) Create stream
I0816 00:27:26.495460   16344 log.go:244] (0x16f6eb21c210) Reply frame received for 17
I0816 00:27:26.621058   16344 log.go:244] (0x16f6eb21c210) (0x16f6eae18000) Stream removed, broadcasting: 11
I0816 00:27:26.950697   16344 log.go:244] (0x16f6eb21c210) (0x16f6eae18000) Stream removed, broadcasting: 11
I0816 00:27:27.065160   16344 log.go:244] (0x16f6eae9c8c0) (17) Writing data frame
I0816 00:27:27.206875   16344 log.go:244] (0x16f6eb21c210) (0x16f6eb23e8c0) Stream removed, broadcasting: 9
I0816 00:27:27.209694   16344 log.go:244] (0x16f6eb21c210) (0x16f6eae180a0) Stream added, broadcasting: 19
I0816 00:27:27.409994   16344 log.go:244] (0x16f6eb21c210) Data frame received for 17
I0816 00:27:27.499230   16344 log.go:244] (0x16f6eb21c210) Reply frame received for 19
I0816 00:27:27.509223   16344 log.go:244] (0x16f6eae9c8c0) (17) Data frame handling
I0816 00:27:27.555897   16344 log.go:244] (0x16f6eae180a0) (19) Writing data frame
I0816 00:27:27.556117   16344 log.go:244] (0x16f6eae9c8c0) (17) Data frame sent
I0816 00:27:27.571095   16344 log.go:244] (0x16f6eb21c210) Data frame received for 19
I0816 00:27:27.620565   16344 log.go:244] (0x16f6eae9c8c0) (17) Writing data frame
I0816 00:27:27.621347   16344 log.go:244] (0x16f6eae180a0) (19) Data frame handling
I0816 00:27:27.622168   16344 log.go:244] (0x16f6eae180a0) (19) Data frame sent
I0816 00:27:27.622676   16344 log.go:244] (0x16f6eae180a0) (19) Writing data frame
I0816 00:27:27.624941   16344 log.go:244] (0x16f6eb21c210) Data frame received for 13
I0816 00:27:27.625952   16344 log.go:244] (0x16f6eae9c140) (13) Data frame handling
I0816 00:27:27.625952   16344 log.go:244] (0x16f6eb21c210) Data frame received for 17
I0816 00:27:27.626462   16344 log.go:244] (0x16f6eb21c210) (0x16f6eae9c140) Stream removed, broadcasting: 13
I0816 00:27:27.626819   16344 log.go:244] (0x16f6eae9c8c0) (17) Data frame handling
I0816 00:27:27.627332   16344 log.go:244] (0x16f6eb21c210) (0x16f6eae9c8c0) Stream removed, broadcasting: 17
I0816 00:27:27.627878   16344 log.go:244] (0x16f6eb21c210) (0x16f6eae9c8c0) Stream removed, broadcasting: 17
I0816 00:27:27.627878   16344 log.go:244] (0x16f6eb21c210) Data frame received for 15
I0816 00:27:27.628983   16344 log.go:244] (0x16f6eae9c6e0) (15) Data frame handling
I0816 00:27:27.629526   16344 log.go:244] (0x16f6eb21c210) (0x16f6eae9c6e0) Stream removed, broadcasting: 15
I0816 00:27:27.629526   16344 log.go:244] (0x16f6eb21c210) Data frame received for 19
I0816 00:27:27.630051   16344 log.go:244] (0x16f6eae180a0) (19) Data frame handling
I0816 00:27:27.630594   16344 log.go:244] (0x16f6eb21c210) (0x16f6eae180a0) Stream removed, broadcasting: 19
I0816 00:27:27.630594   16344 log.go:244] (0x16f6eb21c210) (0x16f6eae180a0) Stream removed, broadcasting: 19
I0816 00:28:23.917544   16344 log.go:244] (0x16f6eb21c210) (0x16f6eb2901e0) Create stream
I0816 00:28:23.930928   16344 log.go:244] (0x16f6eb21c210) (0x16f6eb2901e0) Stream added, broadcasting: 21
I0816 00:28:23.934477   16344 log.go:244] (0x16f6eb21c210) Reply frame received for 21
I0816 00:28:23.947384   16344 log.go:244] (0x16f6eb2901e0) (21) Writing data frame
I0816 00:28:23.947919   16344 log.go:244] (0x16f6eb21c210) (0x16f6eae9c960) Create stream
I0816 00:28:23.947973   16344 log.go:244] (0x16f6eb21c210) (0x16f6eae9c960) Stream added, broadcasting: 23
I0816 00:28:23.950649   16344 log.go:244] (0x16f6eb21c210) Reply frame received for 23
I0816 00:28:23.950649   16344 log.go:244] (0x16f6eae9c960) (23) Writing data frame
I0816 00:28:26.395201   16344 log.go:244] (0x16f6eb21c210) Data frame received for 23
I0816 00:28:26.400990   16344 log.go:244] (0x16f6eae9c960) (23) Data frame handling
I0816 00:28:26.409996   16344 log.go:244] (0x16f6eae9c960) (23) Data frame sent
I0816 00:28:26.409996   16344 log.go:244] (0x16f6eb21c210) Data frame received for 23
I0816 00:28:26.410537   16344 log.go:244] (0x16f6eae9c960) (23) Data frame handling
I0816 00:28:26.421051   16344 log.go:244] (0x16f6eae9c960) (23) Data frame sent
I0816 00:28:26.893387   16344 log.go:244] (0x16f6eae9c960) (23) Writing data frame
I0816 00:28:26.911686   16344 log.go:244] (0x16f6eb21c210) Data frame received for 23
I0816 00:28:26.912195   16344 log.go:244] (0x16f6eae9c960) (23) Data frame handling
I0816 00:28:26.912195   16344 log.go:244] (0x16f6eae9c960) (23) Data frame sent
I0816 00:28:27.187930   16344 log.go:244] (0x16f6eae9c960) (23) Writing data frame
I0816 00:28:27.228549   16344 log.go:244] (0x16f6eb21c210) Data frame received for 23
I0816 00:28:27.229086   16344 log.go:244] (0x16f6eae9c960) (23) Data frame handling
I0816 00:28:27.229086   16344 log.go:244] (0x16f6eae9c960) (23) Data frame sent
E0816 00:28:27.318149   16344 portforward.go:502] "Unhandled Error" err="error copying from local connection to remote stream: writeto tcp6 [::1]:8080->[::1]:60203: read tcp6 [::1]:8080->[::1]:60203: wsarecv: An existing connection was forcibly closed by the remote host."
I0816 00:28:27.318733   16344 log.go:244] (0x16f6eae9c960) (23) Writing data frame
I0816 00:28:27.335907   16344 log.go:244] (0x16f6eb21c210) (0x16f6eae9c960) Stream removed, broadcasting: 23
I0816 00:28:27.342524   16344 log.go:244] (0x16f6eb21c210) Data frame received for 21
I0816 00:28:27.343063   16344 log.go:244] (0x16f6eb2901e0) (21) Data frame handling
I0816 00:28:27.343586   16344 log.go:244] (0x16f6eb21c210) (0x16f6eb2901e0) Stream removed, broadcasting: 21
I0816 00:28:27.343586   16344 log.go:244] (0x16f6eb21c210) Data frame received for 23
I0816 00:28:27.344128   16344 log.go:244] (0x16f6eb21c210) Data frame gone away for 23
I0816 00:28:28.283414   16344 log.go:244] (0x16f6eb21c210) (0x16f6eae18140) Create stream
I0816 00:28:28.329595   16344 log.go:244] (0x16f6eb21c210) (0x16f6eae18140) Stream added, broadcasting: 25
I0816 00:28:28.363020   16344 log.go:244] (0x16f6eb21c210) Reply frame received for 25
I0816 00:28:28.404583   16344 log.go:244] (0x16f6eae18140) (25) Writing data frame
I0816 00:28:28.405094   16344 log.go:244] (0x16f6eb21c210) (0x16f6eb2d00a0) Create stream
I0816 00:28:28.405094   16344 log.go:244] (0x16f6eb21c210) (0x16f6eb2d00a0) Stream added, broadcasting: 27
I0816 00:28:28.407713   16344 log.go:244] (0x16f6eb21c210) Reply frame received for 27
I0816 00:28:28.477172   16344 log.go:244] (0x16f6eb2d00a0) (27) Writing data frame
I0816 00:28:28.536432   16344 log.go:244] (0x16f6eb21c210) Data frame received for 27
I0816 00:28:28.593455   16344 log.go:244] (0x16f6eb2d00a0) (27) Data frame handling
I0816 00:28:28.628228   16344 log.go:244] (0x16f6eb2d00a0) (27) Data frame sent
I0816 00:28:28.628345   16344 log.go:244] (0x16f6eb21c210) Data frame received for 27
I0816 00:28:28.628854   16344 log.go:244] (0x16f6eb2d00a0) (27) Data frame handling
I0816 00:28:28.629402   16344 log.go:244] (0x16f6eb2d00a0) (27) Data frame sent
I0816 00:28:28.719032   16344 log.go:244] (0x16f6eb2d00a0) (27) Writing data frame
I0816 00:28:28.742787   16344 log.go:244] (0x16f6eb21c210) (0x16f6eae181e0) Create stream
I0816 00:28:28.744322   16344 log.go:244] (0x16f6eb21c210) (0x16f6eae181e0) Stream added, broadcasting: 29
I0816 00:28:28.747308   16344 log.go:244] (0x16f6eb21c210) Reply frame received for 29
I0816 00:28:28.767083   16344 log.go:244] (0x16f6eb21c210) Data frame received for 27
I0816 00:28:28.767594   16344 log.go:244] (0x16f6eb2d00a0) (27) Data frame handling
I0816 00:28:28.768118   16344 log.go:244] (0x16f6eb2d00a0) (27) Data frame sent
I0816 00:28:28.768668   16344 log.go:244] (0x16f6eae181e0) (29) Writing data frame
I0816 00:28:28.768668   16344 log.go:244] (0x16f6eb21c210) Data frame received for 27
I0816 00:28:28.769226   16344 log.go:244] (0x16f6eb21c210) (0x16f6eacfcfa0) Create stream
I0816 00:28:28.769782   16344 log.go:244] (0x16f6eb21c210) (0x16f6eacfcfa0) Stream added, broadcasting: 31
I0816 00:28:28.770312   16344 log.go:244] (0x16f6eb2d00a0) (27) Data frame handling
I0816 00:28:28.770873   16344 log.go:244] (0x16f6eb2d00a0) (27) Data frame sent
I0816 00:28:28.771402   16344 log.go:244] (0x16f6eb21c210) Data frame received for 27
I0816 00:28:28.771402   16344 log.go:244] (0x16f6eb2d00a0) (27) Data frame handling
I0816 00:28:28.771948   16344 log.go:244] (0x16f6eb2d00a0) (27) Data frame sent
I0816 00:28:28.772472   16344 log.go:244] (0x16f6eb21c210) Data frame received for 27
I0816 00:28:28.772472   16344 log.go:244] (0x16f6eb2d00a0) (27) Data frame handling
I0816 00:28:28.773032   16344 log.go:244] (0x16f6eb2d00a0) (27) Data frame sent
I0816 00:28:28.774172   16344 log.go:244] (0x16f6eb21c210) Data frame received for 27
I0816 00:28:28.774172   16344 log.go:244] (0x16f6eb2d00a0) (27) Data frame handling
I0816 00:28:28.774722   16344 log.go:244] (0x16f6eb2d00a0) (27) Data frame sent
I0816 00:28:28.775279   16344 log.go:244] (0x16f6eb21c210) Data frame received for 27
I0816 00:28:28.775814   16344 log.go:244] (0x16f6eb2d00a0) (27) Data frame handling
I0816 00:28:28.775814   16344 log.go:244] (0x16f6eb21c210) Reply frame received for 31
I0816 00:28:28.776359   16344 log.go:244] (0x16f6eb2d00a0) (27) Data frame sent
I0816 00:28:28.776909   16344 log.go:244] (0x16f6eb21c210) Data frame received for 27
I0816 00:28:28.777441   16344 log.go:244] (0x16f6eb2d00a0) (27) Data frame handling
I0816 00:28:28.778615   16344 log.go:244] (0x16f6eacfcfa0) (31) Writing data frame
I0816 00:28:28.779225   16344 log.go:244] (0x16f6eb2d00a0) (27) Data frame sent
I0816 00:28:28.779733   16344 log.go:244] (0x16f6eb21c210) Data frame received for 27
I0816 00:28:28.780253   16344 log.go:244] (0x16f6eb2d00a0) (27) Data frame handling
I0816 00:28:28.780794   16344 log.go:244] (0x16f6eb2d00a0) (27) Data frame sent
I0816 00:28:28.780794   16344 log.go:244] (0x16f6eb21c210) Data frame received for 27
I0816 00:28:28.781315   16344 log.go:244] (0x16f6eb2d00a0) (27) Data frame handling
I0816 00:28:28.781868   16344 log.go:244] (0x16f6eb2d00a0) (27) Data frame sent
I0816 00:28:28.781868   16344 log.go:244] (0x16f6eb21c210) Data frame received for 27
I0816 00:28:28.782405   16344 log.go:244] (0x16f6eb2d00a0) (27) Data frame handling
I0816 00:28:28.782930   16344 log.go:244] (0x16f6eb2d00a0) (27) Data frame sent
I0816 00:28:28.782930   16344 log.go:244] (0x16f6eb21c210) Data frame received for 27
I0816 00:28:28.783450   16344 log.go:244] (0x16f6eb2d00a0) (27) Data frame handling
I0816 00:28:28.783976   16344 log.go:244] (0x16f6eb2d00a0) (27) Data frame sent
I0816 00:28:28.784509   16344 log.go:244] (0x16f6eb21c210) Data frame received for 27
I0816 00:28:28.785044   16344 log.go:244] (0x16f6eb2d00a0) (27) Data frame handling
I0816 00:28:28.785596   16344 log.go:244] (0x16f6eb2d00a0) (27) Data frame sent
I0816 00:28:28.785596   16344 log.go:244] (0x16f6eb21c210) Data frame received for 27
I0816 00:28:28.786142   16344 log.go:244] (0x16f6eb2d00a0) (27) Data frame handling
I0816 00:28:28.786142   16344 log.go:244] (0x16f6eb2d00a0) (27) Data frame sent
I0816 00:28:28.787031   16344 log.go:244] (0x16f6eb21c210) Data frame received for 27
I0816 00:28:28.787031   16344 log.go:244] (0x16f6eb2d00a0) (27) Data frame handling
I0816 00:28:28.787560   16344 log.go:244] (0x16f6eb2d00a0) (27) Data frame sent
I0816 00:28:28.788095   16344 log.go:244] (0x16f6eb21c210) Data frame received for 27
I0816 00:28:28.788640   16344 log.go:244] (0x16f6eb2d00a0) (27) Data frame handling
I0816 00:28:28.789175   16344 log.go:244] (0x16f6eb2d00a0) (27) Data frame sent
I0816 00:28:28.789175   16344 log.go:244] (0x16f6eb21c210) Data frame received for 27
I0816 00:28:28.789724   16344 log.go:244] (0x16f6eb2d00a0) (27) Data frame handling
I0816 00:28:28.790259   16344 log.go:244] (0x16f6eb2d00a0) (27) Data frame sent
I0816 00:28:28.790259   16344 log.go:244] (0x16f6eb21c210) Data frame received for 27
I0816 00:28:28.791337   16344 log.go:244] (0x16f6eb2d00a0) (27) Data frame handling
I0816 00:28:28.791884   16344 log.go:244] (0x16f6eb2d00a0) (27) Data frame sent
I0816 00:28:28.792782   16344 log.go:244] (0x16f6eb21c210) Data frame received for 27
I0816 00:28:28.793365   16344 log.go:244] (0x16f6eb2d00a0) (27) Data frame handling
I0816 00:28:28.794041   16344 log.go:244] (0x16f6eb2d00a0) (27) Data frame sent
I0816 00:28:28.794551   16344 log.go:244] (0x16f6eb21c210) Data frame received for 27
I0816 00:28:28.794551   16344 log.go:244] (0x16f6eb2d00a0) (27) Data frame handling
I0816 00:28:28.795086   16344 log.go:244] (0x16f6eb2d00a0) (27) Data frame sent
I0816 00:28:28.809583   16344 log.go:244] (0x16f6eb21c210) Data frame received for 31
I0816 00:28:28.810628   16344 log.go:244] (0x16f6eacfcfa0) (31) Data frame handling
I0816 00:28:28.810628   16344 log.go:244] (0x16f6eb21c210) Data frame received for 27
I0816 00:28:28.811147   16344 log.go:244] (0x16f6eb2d00a0) (27) Data frame handling
I0816 00:28:28.811691   16344 log.go:244] (0x16f6eb2d00a0) (27) Data frame sent
I0816 00:28:28.811691   16344 log.go:244] (0x16f6eacfcfa0) (31) Data frame sent
I0816 00:28:28.813053   16344 log.go:244] (0x16f6eb21c210) Data frame received for 31
I0816 00:28:28.813815   16344 log.go:244] (0x16f6eb21c210) Data frame received for 27
I0816 00:28:28.814324   16344 log.go:244] (0x16f6eb2d00a0) (27) Data frame handling
I0816 00:28:28.814863   16344 log.go:244] (0x16f6eb2d00a0) (27) Data frame sent
I0816 00:28:28.815398   16344 log.go:244] (0x16f6eacfcfa0) (31) Data frame handling
I0816 00:28:28.815398   16344 log.go:244] (0x16f6eacfcfa0) (31) Data frame sent
I0816 00:28:28.815929   16344 log.go:244] (0x16f6eb21c210) Data frame received for 31
I0816 00:28:28.816476   16344 log.go:244] (0x16f6eacfcfa0) (31) Data frame handling
I0816 00:28:28.817011   16344 log.go:244] (0x16f6eb21c210) Data frame received for 27
I0816 00:28:28.817011   16344 log.go:244] (0x16f6eb2d00a0) (27) Data frame handling
I0816 00:28:28.817562   16344 log.go:244] (0x16f6eb2d00a0) (27) Data frame sent
I0816 00:28:28.818098   16344 log.go:244] (0x16f6eb21c210) Data frame received for 27
I0816 00:28:28.818620   16344 log.go:244] (0x16f6eacfcfa0) (31) Data frame sent
I0816 00:28:28.819808   16344 log.go:244] (0x16f6eb2d00a0) (27) Data frame handling
I0816 00:28:28.819808   16344 log.go:244] (0x16f6eb2d00a0) (27) Data frame sent
I0816 00:28:28.820820   16344 log.go:244] (0x16f6eb21c210) Data frame received for 27
I0816 00:28:28.820820   16344 log.go:244] (0x16f6eb2d00a0) (27) Data frame handling
I0816 00:28:28.821387   16344 log.go:244] (0x16f6eb2d00a0) (27) Data frame sent
I0816 00:28:28.821904   16344 log.go:244] (0x16f6eb21c210) Data frame received for 27
I0816 00:28:28.822456   16344 log.go:244] (0x16f6eb2d00a0) (27) Data frame handling
I0816 00:28:28.823004   16344 log.go:244] (0x16f6eb2d00a0) (27) Data frame sent
I0816 00:28:28.823536   16344 log.go:244] (0x16f6eb21c210) Data frame received for 27
I0816 00:28:28.823536   16344 log.go:244] (0x16f6eb2d00a0) (27) Data frame handling
I0816 00:28:28.824077   16344 log.go:244] (0x16f6eb2d00a0) (27) Data frame sent
I0816 00:28:28.824602   16344 log.go:244] (0x16f6eb21c210) Data frame received for 27
I0816 00:28:28.824602   16344 log.go:244] (0x16f6eb2d00a0) (27) Data frame handling
I0816 00:28:28.825186   16344 log.go:244] (0x16f6eb2d00a0) (27) Data frame sent
I0816 00:28:28.825186   16344 log.go:244] (0x16f6eb21c210) Data frame received for 27
I0816 00:28:28.825721   16344 log.go:244] (0x16f6eb2d00a0) (27) Data frame handling
I0816 00:28:28.826266   16344 log.go:244] (0x16f6eb2d00a0) (27) Data frame sent
I0816 00:28:28.826266   16344 log.go:244] (0x16f6eb21c210) Data frame received for 27
I0816 00:28:28.826802   16344 log.go:244] (0x16f6eb2d00a0) (27) Data frame handling
I0816 00:28:28.827350   16344 log.go:244] (0x16f6eb2d00a0) (27) Data frame sent
I0816 00:28:28.827350   16344 log.go:244] (0x16f6eb21c210) Data frame received for 27
I0816 00:28:28.827893   16344 log.go:244] (0x16f6eb2d00a0) (27) Data frame handling
I0816 00:28:28.828414   16344 log.go:244] (0x16f6eb2d00a0) (27) Data frame sent
I0816 00:28:28.828414   16344 log.go:244] (0x16f6eb21c210) Data frame received for 27
I0816 00:28:28.828965   16344 log.go:244] (0x16f6eb2d00a0) (27) Data frame handling
I0816 00:28:28.828965   16344 log.go:244] (0x16f6eb2d00a0) (27) Data frame sent
I0816 00:28:28.829618   16344 log.go:244] (0x16f6eb21c210) Data frame received for 27
I0816 00:28:28.830147   16344 log.go:244] (0x16f6eb2d00a0) (27) Data frame handling
I0816 00:28:28.830147   16344 log.go:244] (0x16f6eb2d00a0) (27) Data frame sent
I0816 00:28:28.830690   16344 log.go:244] (0x16f6eb21c210) Data frame received for 27
I0816 00:28:28.830690   16344 log.go:244] (0x16f6eb2d00a0) (27) Data frame handling
I0816 00:28:28.831217   16344 log.go:244] (0x16f6eb2d00a0) (27) Data frame sent
I0816 00:28:28.831766   16344 log.go:244] (0x16f6eb21c210) Data frame received for 27
I0816 00:28:28.831766   16344 log.go:244] (0x16f6eb2d00a0) (27) Data frame handling
I0816 00:28:28.833556   16344 log.go:244] (0x16f6eb2d00a0) (27) Data frame sent
I0816 00:28:28.833556   16344 log.go:244] (0x16f6eb21c210) Data frame received for 27
I0816 00:28:28.834064   16344 log.go:244] (0x16f6eb2d00a0) (27) Data frame handling
I0816 00:28:28.834621   16344 log.go:244] (0x16f6eb2d00a0) (27) Data frame sent
I0816 00:28:28.907382   16344 log.go:244] (0x16f6eb2d00a0) (27) Writing data frame
I0816 00:28:29.034275   16344 log.go:244] (0x16f6eb21c210) Data frame received for 27
I0816 00:28:29.039176   16344 log.go:244] (0x16f6eb2d00a0) (27) Data frame handling
I0816 00:28:29.039176   16344 log.go:244] (0x16f6eb2d00a0) (27) Data frame sent
I0816 00:28:29.166264   16344 log.go:244] (0x16f6eb2d00a0) (27) Writing data frame
I0816 00:28:29.183961   16344 log.go:244] (0x16f6eacfcfa0) (31) Writing data frame
I0816 00:28:29.267378   16344 log.go:244] (0x16f6eb21c210) (0x16f6eae9c000) Create stream
I0816 00:28:29.373444   16344 log.go:244] (0x16f6eb21c210) Data frame received for 27
I0816 00:28:29.457088   16344 log.go:244] (0x16f6eb21c210) Data frame received for 31
I0816 00:28:29.459744   16344 log.go:244] (0x16f6eb21c210) (0x16f6eae9c000) Stream added, broadcasting: 33
I0816 00:28:29.623250   16344 log.go:244] (0x16f6eb2d00a0) (27) Data frame handling
I0816 00:28:29.733970   16344 log.go:244] (0x16f6eb2d00a0) (27) Data frame sent
I0816 00:28:29.783178   16344 log.go:244] (0x16f6eacfcfa0) (31) Data frame handling
I0816 00:28:29.879940   16344 log.go:244] (0x16f6eb21c210) Reply frame received for 33
I0816 00:28:29.880450   16344 log.go:244] (0x16f6eb21c210) (0x16f6eacfd040) Create stream
I0816 00:28:29.927289   16344 log.go:244] (0x16f6eacfcfa0) (31) Data frame sent
I0816 00:28:29.939053   16344 log.go:244] (0x16f6eae9c000) (33) Writing data frame
I0816 00:28:29.939912   16344 log.go:244] (0x16f6eb2d00a0) (27) Writing data frame
I0816 00:28:29.940420   16344 log.go:244] (0x16f6eb21c210) (0x16f6eacfd040) Stream added, broadcasting: 35
I0816 00:28:29.940962   16344 log.go:244] (0x16f6eb21c210) (0x16f6eae18000) Create stream
I0816 00:28:29.941542   16344 log.go:244] (0x16f6eb21c210) (0x16f6eae18000) Stream added, broadcasting: 37
I0816 00:28:29.942611   16344 log.go:244] (0x16f6eb21c210) Data frame received for 27
I0816 00:28:29.942611   16344 log.go:244] (0x16f6eb2d00a0) (27) Data frame handling
I0816 00:28:29.943148   16344 log.go:244] (0x16f6eb21c210) Reply frame received for 35
I0816 00:28:29.943690   16344 log.go:244] (0x16f6eacfd040) (35) Writing data frame
I0816 00:28:29.943690   16344 log.go:244] (0x16f6eb2d00a0) (27) Data frame sent
I0816 00:28:29.944229   16344 log.go:244] (0x16f6eb21c210) Reply frame received for 37
I0816 00:28:29.944229   16344 log.go:244] (0x16f6eb21c210) (0x16f6eae180a0) Create stream
I0816 00:28:29.944768   16344 log.go:244] (0x16f6eb21c210) (0x16f6eae180a0) Stream added, broadcasting: 39
I0816 00:28:29.945412   16344 log.go:244] (0x16f6eae18000) (37) Writing data frame
I0816 00:28:29.947704   16344 log.go:244] (0x16f6eb21c210) Reply frame received for 39
I0816 00:28:29.948210   16344 log.go:244] (0x16f6eae180a0) (39) Writing data frame
I0816 00:28:29.984237   16344 log.go:244] (0x16f6eb21c210) Data frame received for 39
I0816 00:28:30.013221   16344 log.go:244] (0x16f6eae180a0) (39) Data frame handling
I0816 00:28:30.072945   16344 log.go:244] (0x16f6eae180a0) (39) Data frame sent
I0816 00:28:30.107361   16344 log.go:244] (0x16f6eae180a0) (39) Writing data frame
I0816 00:28:30.121533   16344 log.go:244] (0x16f6eb21c210) Data frame received for 39
I0816 00:28:30.161741   16344 log.go:244] (0x16f6eae180a0) (39) Data frame handling
I0816 00:28:30.222117   16344 log.go:244] (0x16f6eae180a0) (39) Data frame sent
I0816 00:28:30.250208   16344 log.go:244] (0x16f6eae180a0) (39) Writing data frame
I0816 00:28:30.356237   16344 log.go:244] (0x16f6eb2d00a0) (27) Writing data frame
I0816 00:28:30.383688   16344 log.go:244] (0x16f6eacfcfa0) (31) Writing data frame
I0816 00:28:30.450249   16344 log.go:244] (0x16f6eae180a0) (39) Writing data frame
I0816 00:28:30.471049   16344 log.go:244] (0x16f6eb21c210) (0x16f6eb2d0000) Create stream
I0816 00:28:30.533570   16344 log.go:244] (0x16f6eb21c210) Data frame received for 27
I0816 00:28:30.552979   16344 log.go:244] (0x16f6eb21c210) Data frame received for 31
I0816 00:28:30.616905   16344 log.go:244] (0x16f6eb21c210) (0x16f6eb2d0000) Stream added, broadcasting: 41
I0816 00:28:30.914207   16344 log.go:244] (0x16f6eb2d00a0) (27) Data frame handling
I0816 00:28:31.046051   16344 log.go:244] (0x16f6eacfcfa0) (31) Data frame handling
I0816 00:28:31.321092   16344 log.go:244] (0x16f6eacfcfa0) (31) Data frame sent
I0816 00:28:31.471813   16344 log.go:244] (0x16f6eb21c210) Data frame received for 39
I0816 00:28:31.538026   16344 log.go:244] (0x16f6eb21c210) (0x16f6eae18460) Create stream
I0816 00:28:31.539537   16344 log.go:244] (0x16f6eb2d00a0) (27) Data frame sent
I0816 00:28:31.646351   16344 log.go:244] (0x16f6eb21c210) Data frame received for 31
I0816 00:28:31.723152   16344 log.go:244] (0x16f6eae180a0) (39) Data frame handling
I0816 00:28:31.778160   16344 log.go:244] (0x16f6eb21c210) (0x16f6eae18460) Stream added, broadcasting: 43
I0816 00:28:31.778856   16344 log.go:244] (0x16f6eb21c210) Data frame received for 27
I0816 00:28:31.778856   16344 log.go:244] (0x16f6eae180a0) (39) Data frame sent
I0816 00:28:31.779402   16344 log.go:244] (0x16f6eb21c210) Data frame received for 39
I0816 00:28:31.779945   16344 log.go:244] (0x16f6eae180a0) (39) Data frame handling
I0816 00:28:31.780490   16344 log.go:244] (0x16f6eacfcfa0) (31) Data frame handling
I0816 00:28:31.780490   16344 log.go:244] (0x16f6eb21c210) (0x16f6eae18500) Create stream
I0816 00:28:31.891854   16344 log.go:244] (0x16f6eb2d00a0) (27) Data frame handling
I0816 00:28:32.005408   16344 log.go:244] (0x16f6eae180a0) (39) Data frame sent
I0816 00:28:32.092908   16344 log.go:244] (0x16f6eacfcfa0) (31) Data frame sent
I0816 00:28:32.151758   16344 log.go:244] (0x16f6eb21c210) Reply frame received for 43
I0816 00:28:32.152268   16344 log.go:244] (0x16f6eb21c210) (0x16f6eae18500) Stream added, broadcasting: 45
I0816 00:28:32.152789   16344 log.go:244] (0x16f6eb2d00a0) (27) Data frame sent
I0816 00:28:32.153328   16344 log.go:244] (0x16f6eb2d00a0) (27) Writing data frame
I0816 00:28:32.153879   16344 log.go:244] (0x16f6eb21c210) Data frame received for 39
I0816 00:28:32.153879   16344 log.go:244] (0x16f6eb21c210) Reply frame received for 41
I0816 00:28:32.154423   16344 log.go:244] (0x16f6eae18460) (43) Writing data frame
I0816 00:28:32.154944   16344 log.go:244] (0x16f6eb21c210) (0x16f6eb2901e0) Create stream
I0816 00:28:32.154944   16344 log.go:244] (0x16f6eb21c210) Data frame received for 37
I0816 00:28:32.155561   16344 log.go:244] (0x16f6eae180a0) (39) Data frame handling
I0816 00:28:32.156068   16344 log.go:244] (0x16f6eb2d0000) (41) Writing data frame
I0816 00:28:32.156614   16344 log.go:244] (0x16f6eb21c210) (0x16f6eb2901e0) Stream added, broadcasting: 47
I0816 00:28:32.156614   16344 log.go:244] (0x16f6eae180a0) (39) Data frame sent
I0816 00:28:32.157170   16344 log.go:244] (0x16f6eb21c210) Data frame received for 39
I0816 00:28:32.157694   16344 log.go:244] (0x16f6eae180a0) (39) Data frame handling
I0816 00:28:32.157694   16344 log.go:244] (0x16f6eae180a0) (39) Data frame sent
I0816 00:28:32.158238   16344 log.go:244] (0x16f6eb21c210) Reply frame received for 45
I0816 00:28:32.159339   16344 log.go:244] (0x16f6eae18000) (37) Data frame handling
I0816 00:28:32.159339   16344 log.go:244] (0x16f6eae18000) (37) Data frame sent
I0816 00:28:32.159885   16344 log.go:244] (0x16f6eb21c210) (0x16f6eae9c0a0) Create stream
I0816 00:28:32.160432   16344 log.go:244] (0x16f6eae18500) (45) Writing data frame
I0816 00:28:32.160971   16344 log.go:244] (0x16f6eb21c210) Data frame received for 37
I0816 00:28:32.160971   16344 log.go:244] (0x16f6eb21c210) (0x16f6eae9c0a0) Stream added, broadcasting: 49
I0816 00:28:32.161508   16344 log.go:244] (0x16f6eae18000) (37) Data frame handling
I0816 00:28:32.162068   16344 log.go:244] (0x16f6eae18000) (37) Data frame sent
I0816 00:28:32.162595   16344 log.go:244] (0x16f6eb21c210) (0x16f6eae9c140) Create stream
I0816 00:28:32.162595   16344 log.go:244] (0x16f6eb21c210) (0x16f6eae9c140) Stream added, broadcasting: 51
I0816 00:28:32.163168   16344 log.go:244] (0x16f6eacfcfa0) (31) Writing data frame
I0816 00:28:32.191560   16344 log.go:244] (0x16f6eb21c210) Reply frame received for 47
I0816 00:28:32.198630   16344 log.go:244] (0x16f6eb21c210) Data frame received for 27
I0816 00:28:32.198630   16344 log.go:244] (0x16f6eb21c210) (0x16f6eae185a0) Create stream
I0816 00:28:32.199156   16344 log.go:244] (0x16f6eb21c210) Reply frame received for 49
I0816 00:28:32.199700   16344 log.go:244] (0x16f6eb21c210) Reply frame received for 51
I0816 00:28:32.199700   16344 log.go:244] (0x16f6eb2901e0) (47) Writing data frame
I0816 00:28:32.200248   16344 log.go:244] (0x16f6eb2d00a0) (27) Data frame handling
I0816 00:28:32.200787   16344 log.go:244] (0x16f6eb21c210) (0x16f6eae185a0) Stream added, broadcasting: 53
I0816 00:28:32.200787   16344 log.go:244] (0x16f6eb2d00a0) (27) Data frame sent
I0816 00:28:32.201303   16344 log.go:244] (0x16f6eb21c210) Data frame received for 27
I0816 00:28:32.201912   16344 log.go:244] (0x16f6eb2d00a0) (27) Data frame handling
I0816 00:28:32.202523   16344 log.go:244] (0x16f6eb2d00a0) (27) Data frame sent
I0816 00:28:32.202523   16344 log.go:244] (0x16f6eb21c210) Data frame received for 31
I0816 00:28:32.203042   16344 log.go:244] (0x16f6eae9c140) (51) Writing data frame
I0816 00:28:32.203584   16344 log.go:244] (0x16f6eae9c0a0) (49) Writing data frame
I0816 00:28:32.203584   16344 log.go:244] (0x16f6eb21c210) (0x16f6eae18640) Create stream
I0816 00:28:32.204920   16344 log.go:244] (0x16f6eb2d00a0) (27) Writing data frame
I0816 00:28:32.206007   16344 log.go:244] (0x16f6eacfcfa0) (31) Data frame handling
I0816 00:28:32.206546   16344 log.go:244] (0x16f6eb21c210) Reply frame received for 53
I0816 00:28:32.206730   16344 log.go:244] (0x16f6eb21c210) (0x16f6eae18640) Stream added, broadcasting: 55
I0816 00:28:32.207237   16344 log.go:244] (0x16f6eacfcfa0) (31) Data frame sent
I0816 00:28:32.207792   16344 log.go:244] (0x16f6eb21c210) Data frame received for 31
I0816 00:28:32.208379   16344 log.go:244] (0x16f6eacfcfa0) (31) Data frame handling
I0816 00:28:32.208887   16344 log.go:244] (0x16f6eacfcfa0) (31) Data frame sent
I0816 00:28:32.209544   16344 log.go:244] (0x16f6eae185a0) (53) Writing data frame
I0816 00:28:32.210053   16344 log.go:244] (0x16f6eacfcfa0) (31) Writing data frame
I0816 00:28:32.215399   16344 log.go:244] (0x16f6eb21c210) Reply frame received for 55
I0816 00:28:32.215453   16344 log.go:244] (0x16f6eae18640) (55) Writing data frame
I0816 00:28:32.608391   16344 log.go:244] (0x16f6eb21c210) Data frame received for 51
I0816 00:28:32.626687   16344 log.go:244] (0x16f6eae9c140) (51) Data frame handling
I0816 00:28:32.644840   16344 log.go:244] (0x16f6eae9c140) (51) Data frame sent
I0816 00:28:32.688509   16344 log.go:244] (0x16f6eb21c210) Data frame received for 53
I0816 00:28:32.699210   16344 log.go:244] (0x16f6eb21c210) Data frame received for 49
I0816 00:28:32.699786   16344 log.go:244] (0x16f6eb21c210) Data frame received for 51
I0816 00:28:32.700296   16344 log.go:244] (0x16f6eb21c210) Data frame received for 55
I0816 00:28:32.700296   16344 log.go:244] (0x16f6eae185a0) (53) Data frame handling
I0816 00:28:32.700820   16344 log.go:244] (0x16f6eae9c0a0) (49) Data frame handling
I0816 00:28:32.701346   16344 log.go:244] (0x16f6eae9c140) (51) Data frame handling
I0816 00:28:32.701890   16344 log.go:244] (0x16f6eae18640) (55) Data frame handling
I0816 00:28:32.701890   16344 log.go:244] (0x16f6eae185a0) (53) Data frame sent
I0816 00:28:32.702430   16344 log.go:244] (0x16f6eae185a0) (53) Writing data frame
I0816 00:28:32.702982   16344 log.go:244] (0x16f6eae9c0a0) (49) Data frame sent
I0816 00:28:32.702982   16344 log.go:244] (0x16f6eae9c140) (51) Data frame sent
I0816 00:28:32.703504   16344 log.go:244] (0x16f6eae9c140) (51) Writing data frame
I0816 00:28:32.704026   16344 log.go:244] (0x16f6eae18640) (55) Data frame sent
I0816 00:28:32.704574   16344 log.go:244] (0x16f6eb21c210) Data frame received for 49
I0816 00:28:32.704574   16344 log.go:244] (0x16f6eb21c210) Data frame received for 31
I0816 00:28:32.705686   16344 log.go:244] (0x16f6eb21c210) Data frame received for 55
I0816 00:28:32.706304   16344 log.go:244] (0x16f6eae9c0a0) (49) Data frame handling
I0816 00:28:32.706811   16344 log.go:244] (0x16f6eacfcfa0) (31) Data frame handling
I0816 00:28:32.707360   16344 log.go:244] (0x16f6eae18640) (55) Data frame handling
I0816 00:28:32.707894   16344 log.go:244] (0x16f6eae9c0a0) (49) Data frame sent
I0816 00:28:32.708426   16344 log.go:244] (0x16f6eacfcfa0) (31) Data frame sent
I0816 00:28:32.708977   16344 log.go:244] (0x16f6eae9c0a0) (49) Writing data frame
I0816 00:28:32.708977   16344 log.go:244] (0x16f6eae18640) (55) Data frame sent
I0816 00:28:32.728864   16344 log.go:244] (0x16f6eacfcfa0) (31) Writing data frame
I0816 00:28:32.729725   16344 log.go:244] (0x16f6eb21c210) Data frame received for 49
I0816 00:28:32.730234   16344 log.go:244] (0x16f6eae9c0a0) (49) Data frame handling
I0816 00:28:32.730771   16344 log.go:244] (0x16f6eae9c0a0) (49) Data frame sent
I0816 00:28:32.731346   16344 log.go:244] (0x16f6eb21c210) Data frame received for 49
I0816 00:28:32.731974   16344 log.go:244] (0x16f6eae9c0a0) (49) Data frame handling
I0816 00:28:32.732479   16344 log.go:244] (0x16f6eae9c0a0) (49) Data frame sent
I0816 00:28:32.745794   16344 log.go:244] (0x16f6eb21c210) Data frame received for 31
I0816 00:28:32.756013   16344 log.go:244] (0x16f6eacfcfa0) (31) Data frame handling
I0816 00:28:32.756556   16344 log.go:244] (0x16f6eacfcfa0) (31) Data frame sent
I0816 00:28:32.756556   16344 log.go:244] (0x16f6eb21c210) Data frame received for 51
I0816 00:28:32.757097   16344 log.go:244] (0x16f6eae9c140) (51) Data frame handling
I0816 00:28:32.757637   16344 log.go:244] (0x16f6eae9c140) (51) Data frame sent
I0816 00:28:32.758190   16344 log.go:244] (0x16f6eb21c210) Data frame received for 51
I0816 00:28:32.758190   16344 log.go:244] (0x16f6eae9c140) (51) Data frame handling
I0816 00:28:32.759262   16344 log.go:244] (0x16f6eae9c140) (51) Data frame sent
I0816 00:28:32.796514   16344 log.go:244] (0x16f6eb21c210) Data frame received for 53
I0816 00:28:32.797601   16344 log.go:244] (0x16f6eae185a0) (53) Data frame handling
I0816 00:28:32.798140   16344 log.go:244] (0x16f6eae185a0) (53) Data frame sent
I0816 00:28:32.896914   16344 log.go:244] (0x16f6eb21c210) Data frame received for 27
I0816 00:28:32.905382   16344 log.go:244] (0x16f6eb2d00a0) (27) Data frame handling
I0816 00:28:32.905891   16344 log.go:244] (0x16f6eb2d00a0) (27) Data frame sent
I0816 00:28:33.054395   16344 log.go:244] (0x16f6eae180a0) (39) Writing data frame
I0816 00:28:33.079542   16344 log.go:244] (0x16f6eb2d00a0) (27) Writing data frame
I0816 00:28:33.083094   16344 log.go:244] (0x16f6eb21c210) Data frame received for 27
I0816 00:28:33.083602   16344 log.go:244] (0x16f6eb2d00a0) (27) Data frame handling
I0816 00:28:33.083602   16344 log.go:244] (0x16f6eb2d00a0) (27) Data frame sent
I0816 00:28:33.085239   16344 log.go:244] (0x16f6eb21c210) Data frame received for 39
I0816 00:28:33.085776   16344 log.go:244] (0x16f6eae180a0) (39) Data frame handling
I0816 00:28:33.086310   16344 log.go:244] (0x16f6eae180a0) (39) Data frame sent
I0816 00:28:33.203644   16344 log.go:244] (0x16f6eb2d00a0) (27) Writing data frame
I0816 00:28:33.212619   16344 log.go:244] (0x16f6eb21c210) Data frame received for 27
I0816 00:28:33.214520   16344 log.go:244] (0x16f6eb2d00a0) (27) Data frame handling
I0816 00:28:33.215039   16344 log.go:244] (0x16f6eb2d00a0) (27) Data frame sent
I0816 00:28:33.592903   16344 log.go:244] (0x16f6eb21c210) Data frame received for 39
I0816 00:28:33.668172   16344 log.go:244] (0x16f6eb21c210) Data frame received for 35
I0816 00:28:33.883817   16344 log.go:244] (0x16f6eacfd040) (35) Data frame handling
I0816 00:28:34.051602   16344 log.go:244] (0x16f6eae180a0) (39) Data frame handling
I0816 00:28:34.153874   16344 log.go:244] (0x16f6eb21c210) (0x16f6eacfd040) Stream removed, broadcasting: 35
I0816 00:28:34.154407   16344 log.go:244] (0x16f6eae180a0) (39) Writing data frame
I0816 00:28:34.195763   16344 log.go:244] (0x16f6eb21c210) (0x16f6eae180a0) Stream removed, broadcasting: 39
I0816 00:28:34.196282   16344 log.go:244] (0x16f6eb21c210) (0x16f6eae180a0) Stream removed, broadcasting: 39
I0816 00:28:34.392279   16344 log.go:244] (0x16f6eb2d00a0) (27) Writing data frame
I0816 00:28:34.475292   16344 log.go:244] (0x16f6eb21c210) Data frame received for 27
I0816 00:28:34.496091   16344 log.go:244] (0x16f6eb2d00a0) (27) Data frame handling
I0816 00:28:34.558137   16344 log.go:244] (0x16f6eb2d00a0) (27) Data frame sent
I0816 00:28:39.251943   16344 log.go:244] (0x16f6eb21c210) (0x16f6eb00a000) Create stream
I0816 00:28:39.251943   16344 log.go:244] (0x16f6eb21c210) (0x16f6eb00a000) Stream added, broadcasting: 57
I0816 00:28:39.254842   16344 log.go:244] (0x16f6eb21c210) Reply frame received for 57
I0816 00:28:39.255355   16344 log.go:244] (0x16f6eb00a000) (57) Writing data frame
I0816 00:28:39.255877   16344 log.go:244] (0x16f6eb21c210) (0x16f6eb290320) Create stream
I0816 00:28:39.255877   16344 log.go:244] (0x16f6eb21c210) (0x16f6eb290320) Stream added, broadcasting: 59
I0816 00:28:39.258632   16344 log.go:244] (0x16f6eb21c210) Reply frame received for 59
I0816 00:28:39.258632   16344 log.go:244] (0x16f6eb290320) (59) Writing data frame
I0816 00:28:39.551280   16344 log.go:244] (0x16f6eb21c210) Data frame received for 59
I0816 00:28:39.551785   16344 log.go:244] (0x16f6eb290320) (59) Data frame handling
I0816 00:28:39.552338   16344 log.go:244] (0x16f6eb290320) (59) Data frame sent
I0816 00:28:39.552882   16344 log.go:244] (0x16f6eb21c210) Data frame received for 59
I0816 00:28:39.552882   16344 log.go:244] (0x16f6eb290320) (59) Data frame handling
I0816 00:28:39.553422   16344 log.go:244] (0x16f6eb290320) (59) Data frame sent
E0816 00:28:40.001128   16344 portforward.go:502] "Unhandled Error" err="error copying from local connection to remote stream: writeto tcp6 [::1]:8080->[::1]:60218: read tcp6 [::1]:8080->[::1]:60218: wsarecv: An existing connection was forcibly closed by the remote host."
I0816 00:28:40.015151   16344 log.go:244] (0x16f6eb290320) (59) Writing data frame
I0816 00:28:40.015151   16344 log.go:244] (0x16f6eb21c210) (0x16f6eb290320) Stream removed, broadcasting: 59
I0816 00:28:40.027969   16344 log.go:244] (0x16f6eb21c210) Data frame received for 57
I0816 00:28:40.040167   16344 log.go:244] (0x16f6eb21c210) Data frame received for 59
I0816 00:28:40.040167   16344 log.go:244] (0x16f6eb21c210) Data frame gone away for 59
I0816 00:28:40.041168   16344 log.go:244] (0x16f6eb00a000) (57) Data frame handling
I0816 00:28:40.041677   16344 log.go:244] (0x16f6eb21c210) (0x16f6eb00a000) Stream removed, broadcasting: 57
I0816 00:28:43.361356   16344 log.go:244] (0x16f6eb2d00a0) (27) Writing data frame
I0816 00:28:43.444176   16344 log.go:244] (0x16f6eb21c210) Data frame received for 27
I0816 00:28:43.484097   16344 log.go:244] (0x16f6eb2d00a0) (27) Data frame handling
I0816 00:28:43.484717   16344 log.go:244] (0x16f6eb2d00a0) (27) Data frame sent
I0816 00:28:53.488714   16344 log.go:244] (0x16f6eb2d00a0) (27) Writing data frame
I0816 00:28:53.549380   16344 log.go:244] (0x16f6eb21c210) Data frame received for 27
I0816 00:28:54.004151   16344 log.go:244] (0x16f6eb2d00a0) (27) Data frame handling
I0816 00:28:54.224516   16344 log.go:244] (0x16f6eb2d00a0) (27) Data frame sent
I0816 00:28:58.726050   16344 log.go:244] (0x16f6eb21c210) (0x16f6eb00a0a0) Create stream
I0816 00:28:58.903795   16344 log.go:244] (0x16f6eb21c210) (0x16f6eb00a0a0) Stream added, broadcasting: 61
I0816 00:28:59.073162   16344 log.go:244] (0x16f6eb21c210) Reply frame received for 61
I0816 00:28:59.340815   16344 log.go:244] (0x16f6eb00a0a0) (61) Writing data frame
I0816 00:28:59.462769   16344 log.go:244] (0x16f6eb21c210) (0x16f6eb00a140) Create stream
I0816 00:28:59.570091   16344 log.go:244] (0x16f6eb21c210) (0x16f6eb00a140) Stream added, broadcasting: 63
I0816 00:28:59.695092   16344 log.go:244] (0x16f6eb21c210) Reply frame received for 63
I0816 00:28:59.793214   16344 log.go:244] (0x16f6eb00a140) (63) Writing data frame
I0816 00:28:59.894915   16344 log.go:244] (0x16f6eb21c210) Data frame received for 63
I0816 00:28:59.948463   16344 log.go:244] (0x16f6eb00a140) (63) Data frame handling
I0816 00:28:59.973025   16344 log.go:244] (0x16f6eb00a140) (63) Data frame sent
I0816 00:29:00.112479   16344 log.go:244] (0x16f6eb00a140) (63) Writing data frame
I0816 00:29:00.255524   16344 log.go:244] (0x16f6eb21c210) Data frame received for 63
I0816 00:29:00.512079   16344 log.go:244] (0x16f6eb00a140) (63) Data frame handling
I0816 00:29:00.658676   16344 log.go:244] (0x16f6eb00a140) (63) Data frame sent
I0816 00:29:00.814871   16344 log.go:244] (0x16f6eb21c210) Data frame received for 63
I0816 00:29:00.817002   16344 log.go:244] (0x16f6eb00a140) (63) Data frame handling
I0816 00:29:00.817538   16344 log.go:244] (0x16f6eb00a140) (63) Data frame sent
I0816 00:29:00.818067   16344 log.go:244] (0x16f6eb21c210) Data frame received for 63
I0816 00:29:00.824428   16344 log.go:244] (0x16f6eb00a140) (63) Data frame handling
I0816 00:29:00.825492   16344 log.go:244] (0x16f6eb00a140) (63) Data frame sent
I0816 00:29:00.825492   16344 log.go:244] (0x16f6eb21c210) Data frame received for 63
I0816 00:29:00.826018   16344 log.go:244] (0x16f6eb00a140) (63) Data frame handling
I0816 00:29:00.826018   16344 log.go:244] (0x16f6eb00a140) (63) Data frame sent
I0816 00:29:00.826555   16344 log.go:244] (0x16f6eb21c210) Data frame received for 63
I0816 00:29:00.826555   16344 log.go:244] (0x16f6eb00a140) (63) Data frame handling
I0816 00:29:00.827109   16344 log.go:244] (0x16f6eb00a140) (63) Data frame sent
I0816 00:29:00.827665   16344 log.go:244] (0x16f6eb21c210) Data frame received for 63
I0816 00:29:00.827665   16344 log.go:244] (0x16f6eb00a140) (63) Data frame handling
I0816 00:29:00.828202   16344 log.go:244] (0x16f6eb00a140) (63) Data frame sent
I0816 00:29:00.828202   16344 log.go:244] (0x16f6eb21c210) Data frame received for 63
I0816 00:29:00.828734   16344 log.go:244] (0x16f6eb00a140) (63) Data frame handling
I0816 00:29:00.828734   16344 log.go:244] (0x16f6eb00a140) (63) Data frame sent
I0816 00:29:00.830841   16344 log.go:244] (0x16f6eb21c210) Data frame received for 63
I0816 00:29:00.831378   16344 log.go:244] (0x16f6eb00a140) (63) Data frame handling
I0816 00:29:00.831911   16344 log.go:244] (0x16f6eb00a140) (63) Data frame sent
I0816 00:29:00.831911   16344 log.go:244] (0x16f6eb21c210) Data frame received for 63
I0816 00:29:00.832454   16344 log.go:244] (0x16f6eb00a140) (63) Data frame handling
I0816 00:29:00.836176   16344 log.go:244] (0x16f6eb00a140) (63) Data frame sent
I0816 00:29:00.836176   16344 log.go:244] (0x16f6eb21c210) Data frame received for 63
I0816 00:29:00.836714   16344 log.go:244] (0x16f6eb00a140) (63) Data frame handling
I0816 00:29:00.837244   16344 log.go:244] (0x16f6eb00a140) (63) Data frame sent
I0816 00:29:00.837244   16344 log.go:244] (0x16f6eb21c210) Data frame received for 63
I0816 00:29:00.837776   16344 log.go:244] (0x16f6eb00a140) (63) Data frame handling
I0816 00:29:00.847918   16344 log.go:244] (0x16f6eb00a140) (63) Data frame sent
I0816 00:29:00.859014   16344 log.go:244] (0x16f6eb21c210) Data frame received for 63
I0816 00:29:00.859551   16344 log.go:244] (0x16f6eb00a140) (63) Data frame handling
I0816 00:29:00.859551   16344 log.go:244] (0x16f6eb00a140) (63) Data frame sent
I0816 00:29:00.860088   16344 log.go:244] (0x16f6eb21c210) Data frame received for 63
I0816 00:29:00.860614   16344 log.go:244] (0x16f6eb00a140) (63) Data frame handling
I0816 00:29:00.865451   16344 log.go:244] (0x16f6eb00a140) (63) Data frame sent
I0816 00:29:00.865976   16344 log.go:244] (0x16f6eb21c210) Data frame received for 63
I0816 00:29:00.870772   16344 log.go:244] (0x16f6eb00a140) (63) Data frame handling
I0816 00:29:00.871304   16344 log.go:244] (0x16f6eb00a140) (63) Data frame sent
I0816 00:29:00.871304   16344 log.go:244] (0x16f6eb21c210) Data frame received for 63
I0816 00:29:00.871841   16344 log.go:244] (0x16f6eb00a140) (63) Data frame handling
I0816 00:29:00.872369   16344 log.go:244] (0x16f6eb00a140) (63) Data frame sent
I0816 00:29:00.872430   16344 log.go:244] (0x16f6eb21c210) Data frame received for 63
I0816 00:29:00.872936   16344 log.go:244] (0x16f6eb00a140) (63) Data frame handling
I0816 00:29:00.872936   16344 log.go:244] (0x16f6eb00a140) (63) Data frame sent
I0816 00:29:00.873466   16344 log.go:244] (0x16f6eb21c210) Data frame received for 63
I0816 00:29:00.873466   16344 log.go:244] (0x16f6eb00a140) (63) Data frame handling
I0816 00:29:00.873982   16344 log.go:244] (0x16f6eb00a140) (63) Data frame sent
I0816 00:29:00.873982   16344 log.go:244] (0x16f6eb21c210) Data frame received for 63
I0816 00:29:00.874509   16344 log.go:244] (0x16f6eb00a140) (63) Data frame handling
I0816 00:29:00.874509   16344 log.go:244] (0x16f6eb00a140) (63) Data frame sent
I0816 00:29:00.876657   16344 log.go:244] (0x16f6eb21c210) Data frame received for 63
I0816 00:29:00.877194   16344 log.go:244] (0x16f6eb00a140) (63) Data frame handling
I0816 00:29:00.877729   16344 log.go:244] (0x16f6eb00a140) (63) Data frame sent
I0816 00:29:00.877729   16344 log.go:244] (0x16f6eb21c210) Data frame received for 63
I0816 00:29:00.878253   16344 log.go:244] (0x16f6eb00a140) (63) Data frame handling
I0816 00:29:00.878253   16344 log.go:244] (0x16f6eb00a140) (63) Data frame sent
I0816 00:29:00.883021   16344 log.go:244] (0x16f6eb21c210) Data frame received for 63
I0816 00:29:00.883558   16344 log.go:244] (0x16f6eb00a140) (63) Data frame handling
I0816 00:29:00.883558   16344 log.go:244] (0x16f6eb00a140) (63) Data frame sent
I0816 00:29:00.884088   16344 log.go:244] (0x16f6eb21c210) Data frame received for 63
I0816 00:29:00.884088   16344 log.go:244] (0x16f6eb00a140) (63) Data frame handling
I0816 00:29:00.884618   16344 log.go:244] (0x16f6eb00a140) (63) Data frame sent
I0816 00:29:00.888842   16344 log.go:244] (0x16f6eb21c210) Data frame received for 63
I0816 00:29:00.889350   16344 log.go:244] (0x16f6eb00a140) (63) Data frame handling
I0816 00:29:00.889350   16344 log.go:244] (0x16f6eb00a140) (63) Data frame sent
I0816 00:29:00.889884   16344 log.go:244] (0x16f6eb21c210) Data frame received for 63
I0816 00:29:00.889884   16344 log.go:244] (0x16f6eb00a140) (63) Data frame handling
I0816 00:29:00.890418   16344 log.go:244] (0x16f6eb00a140) (63) Data frame sent
E0816 00:29:02.277760   16344 portforward.go:502] "Unhandled Error" err="error copying from local connection to remote stream: writeto tcp6 [::1]:8080->[::1]:60226: read tcp6 [::1]:8080->[::1]:60226: wsarecv: An existing connection was forcibly closed by the remote host."
I0816 00:29:02.509512   16344 log.go:244] (0x16f6eb21c210) (0x16f6eb00a140) Stream removed, broadcasting: 63
I0816 00:29:02.686655   16344 log.go:244] (0x16f6eb00a140) (63) Writing data frame
I0816 00:29:02.766671   16344 log.go:244] (0x16f6eb21c210) Data frame received for 63
I0816 00:29:02.886781   16344 log.go:244] (0x16f6eb21c210) Data frame received for 61
I0816 00:29:03.235538   16344 log.go:244] (0x16f6eb21c210) Data frame gone away for 63
I0816 00:29:03.340638   16344 log.go:244] (0x16f6eb00a0a0) (61) Data frame handling
I0816 00:29:03.369412   16344 log.go:244] (0x16f6eb21c210) (0x16f6eb00a0a0) Stream removed, broadcasting: 61
I0816 00:29:03.629603   16344 log.go:244] (0x16f6eb2d00a0) (27) Writing data frame
I0816 00:29:03.674138   16344 log.go:244] (0x16f6eb21c210) Data frame received for 27
I0816 00:29:03.686139   16344 log.go:244] (0x16f6eb2d00a0) (27) Data frame handling
I0816 00:29:03.696929   16344 log.go:244] (0x16f6eb2d00a0) (27) Data frame sent
I0816 00:29:05.156928   16344 log.go:244] (0x16f6eb2d00a0) (27) Writing data frame
I0816 00:29:05.695817   16344 log.go:244] (0x16f6eb21c210) Data frame received for 27
I0816 00:29:05.703685   16344 log.go:244] (0x16f6eb2d00a0) (27) Data frame handling
I0816 00:29:05.762482   16344 log.go:244] (0x16f6eb2d00a0) (27) Data frame sent
I0816 00:29:14.414316   16344 log.go:244] (0x16f6eb2d00a0) (27) Writing data frame
I0816 00:29:14.463380   16344 log.go:244] (0x16f6eb21c210) Data frame received for 27
I0816 00:29:14.503225   16344 log.go:244] (0x16f6eb2d00a0) (27) Data frame handling
I0816 00:29:14.562172   16344 log.go:244] (0x16f6eb2d00a0) (27) Data frame sent
I0816 00:29:16.708258   16344 log.go:244] (0x16f6eb21c210) (0x16f6eb290460) Create stream
I0816 00:29:16.708258   16344 log.go:244] (0x16f6eb21c210) (0x16f6eb290460) Stream added, broadcasting: 65
I0816 00:29:16.771324   16344 log.go:244] (0x16f6eb21c210) Reply frame received for 65
I0816 00:29:16.771830   16344 log.go:244] (0x16f6eb290460) (65) Writing data frame
I0816 00:29:16.771830   16344 log.go:244] (0x16f6eb21c210) (0x16f6eb00a280) Create stream
I0816 00:29:16.772377   16344 log.go:244] (0x16f6eb21c210) (0x16f6eb00a280) Stream added, broadcasting: 67
I0816 00:29:16.774052   16344 log.go:244] (0x16f6eb21c210) Reply frame received for 67
I0816 00:29:16.793908   16344 log.go:244] (0x16f6eb00a280) (67) Writing data frame
I0816 00:29:16.796488   16344 log.go:244] (0x16f6eb21c210) Data frame received for 67
I0816 00:29:16.858795   16344 log.go:244] (0x16f6eb00a280) (67) Data frame handling
I0816 00:29:16.927792   16344 log.go:244] (0x16f6eb00a280) (67) Data frame sent
I0816 00:29:16.995605   16344 log.go:244] (0x16f6eb00a280) (67) Writing data frame
I0816 00:29:23.160987   16344 log.go:244] (0x16f6eb21c210) Data frame received for 67
I0816 00:29:23.239275   16344 log.go:244] (0x16f6eb00a280) (67) Data frame handling
I0816 00:29:23.280627   16344 log.go:244] (0x16f6eb00a280) (67) Data frame sent
I0816 00:29:23.374362   16344 log.go:244] (0x16f6eb00a280) (67) Writing data frame
I0816 00:29:23.384524   16344 log.go:244] (0x16f6eb21c210) Data frame received for 67
I0816 00:29:23.391558   16344 log.go:244] (0x16f6eb00a280) (67) Data frame handling
I0816 00:29:23.392121   16344 log.go:244] (0x16f6eb00a280) (67) Data frame sent
I0816 00:29:23.392121   16344 log.go:244] (0x16f6eb21c210) Data frame received for 67
I0816 00:29:23.392702   16344 log.go:244] (0x16f6eb00a280) (67) Data frame handling
I0816 00:29:23.392702   16344 log.go:244] (0x16f6eb00a280) (67) Data frame sent
E0816 00:29:23.444184   16344 portforward.go:502] "Unhandled Error" err="error copying from local connection to remote stream: writeto tcp6 [::1]:8080->[::1]:60231: read tcp6 [::1]:8080->[::1]:60231: wsarecv: An existing connection was forcibly closed by the remote host."
I0816 00:29:23.444730   16344 log.go:244] (0x16f6eb00a280) (67) Writing data frame
I0816 00:29:23.445275   16344 log.go:244] (0x16f6eb21c210) (0x16f6eb00a280) Stream removed, broadcasting: 67
I0816 00:29:23.448732   16344 log.go:244] (0x16f6eb21c210) Data frame received for 67
I0816 00:29:23.449279   16344 log.go:244] (0x16f6eb21c210) Data frame gone away for 67
I0816 00:29:23.449811   16344 log.go:244] (0x16f6eb21c210) Data frame received for 65
I0816 00:29:23.450357   16344 log.go:244] (0x16f6eb290460) (65) Data frame handling
I0816 00:29:23.450357   16344 log.go:244] (0x16f6eb21c210) (0x16f6eb290460) Stream removed, broadcasting: 65
I0816 00:29:24.990633   16344 log.go:244] (0x16f6eb2d00a0) (27) Writing data frame
I0816 00:29:24.993357   16344 log.go:244] (0x16f6eb21c210) Data frame received for 27
I0816 00:29:24.993865   16344 log.go:244] (0x16f6eb2d00a0) (27) Data frame handling
I0816 00:29:24.993865   16344 log.go:244] (0x16f6eb2d00a0) (27) Data frame sent
I0816 00:29:35.573609   16344 log.go:244] (0x16f6eb2d00a0) (27) Writing data frame
I0816 00:29:36.218763   16344 log.go:244] (0x16f6eb21c210) Data frame received for 27
I0816 00:29:36.298421   16344 log.go:244] (0x16f6eb2d00a0) (27) Data frame handling
I0816 00:29:36.316833   16344 log.go:244] (0x16f6eb2d00a0) (27) Data frame sent
I0816 00:29:36.863700   16344 log.go:244] (0x16f6eb21c210) Data frame received for 33
I0816 00:29:36.890999   16344 log.go:244] (0x16f6eb21c210) Data frame received for 37
I0816 00:29:36.891813   16344 log.go:244] (0x16f6eae18000) (37) Data frame handling
I0816 00:29:36.892316   16344 log.go:244] (0x16f6eae9c000) (33) Data frame handling
I0816 00:29:36.892854   16344 log.go:244] (0x16f6eb21c210) (0x16f6eae18000) Stream removed, broadcasting: 37
I0816 00:29:36.978854   16344 log.go:244] (0x16f6eb21c210) (0x16f6eae9c000) Stream removed, broadcasting: 33
I0816 00:29:36.995521   16344 log.go:244] (0x16f6eb21c210) (0x16f6eae18000) Stream removed, broadcasting: 37
I0816 00:29:38.229910   16344 log.go:244] (0x16f6eb21c210) Data frame received for 55
I0816 00:29:38.230944   16344 log.go:244] (0x16f6eae18640) (55) Data frame handling
I0816 00:29:38.230944   16344 log.go:244] (0x16f6eb21c210) Data frame received for 47
I0816 00:29:38.231495   16344 log.go:244] (0x16f6eb21c210) (0x16f6eae18640) Stream removed, broadcasting: 55
I0816 00:29:38.232019   16344 log.go:244] (0x16f6eb2901e0) (47) Data frame handling
I0816 00:29:38.232568   16344 log.go:244] (0x16f6eb21c210) (0x16f6eb2901e0) Stream removed, broadcasting: 47
I0816 00:29:38.232568   16344 log.go:244] (0x16f6eb21c210) (0x16f6eae18640) Stream removed, broadcasting: 55
I0816 00:29:38.242386   16344 log.go:244] (0x16f6eb21c210) Data frame received for 49
I0816 00:29:38.242931   16344 log.go:244] (0x16f6eae9c0a0) (49) Data frame handling
I0816 00:29:38.243482   16344 log.go:244] (0x16f6eb21c210) Data frame received for 43
I0816 00:29:38.244026   16344 log.go:244] (0x16f6eb21c210) (0x16f6eae9c0a0) Stream removed, broadcasting: 49
I0816 00:29:38.244026   16344 log.go:244] (0x16f6eae18460) (43) Data frame handling
I0816 00:29:38.244750   16344 log.go:244] (0x16f6eb21c210) (0x16f6eae18460) Stream removed, broadcasting: 43
I0816 00:29:38.244750   16344 log.go:244] (0x16f6eb21c210) (0x16f6eae9c0a0) Stream removed, broadcasting: 49
I0816 00:29:38.269424   16344 log.go:244] (0x16f6eb21c210) Data frame received for 29
I0816 00:29:38.269932   16344 log.go:244] (0x16f6eae181e0) (29) Data frame handling
I0816 00:29:38.269932   16344 log.go:244] (0x16f6eb21c210) (0x16f6eae181e0) Stream removed, broadcasting: 29
I0816 00:29:38.270467   16344 log.go:244] (0x16f6eb21c210) Data frame received for 31
I0816 00:29:38.270999   16344 log.go:244] (0x16f6eacfcfa0) (31) Data frame handling
I0816 00:29:38.271522   16344 log.go:244] (0x16f6eb21c210) (0x16f6eacfcfa0) Stream removed, broadcasting: 31
I0816 00:29:38.272069   16344 log.go:244] (0x16f6eb21c210) (0x16f6eacfcfa0) Stream removed, broadcasting: 31
I0816 00:29:38.273685   16344 log.go:244] (0x16f6eb21c210) Data frame received for 41
I0816 00:29:38.274226   16344 log.go:244] (0x16f6eb2d0000) (41) Data frame handling
I0816 00:29:38.274765   16344 log.go:244] (0x16f6eb21c210) (0x16f6eb2d0000) Stream removed, broadcasting: 41
I0816 00:29:38.274765   16344 log.go:244] (0x16f6eb21c210) Data frame received for 51
I0816 00:29:38.275310   16344 log.go:244] (0x16f6eae9c140) (51) Data frame handling
I0816 00:29:38.275859   16344 log.go:244] (0x16f6eb21c210) (0x16f6eae9c140) Stream removed, broadcasting: 51
I0816 00:29:38.276467   16344 log.go:244] (0x16f6eb21c210) (0x16f6eae9c140) Stream removed, broadcasting: 51
I0816 00:29:38.317900   16344 log.go:244] (0x16f6eb21c210) Data frame received for 53
I0816 00:29:38.319136   16344 log.go:244] (0x16f6eae185a0) (53) Data frame handling
I0816 00:29:38.319643   16344 log.go:244] (0x16f6eb21c210) Data frame received for 45
I0816 00:29:38.320166   16344 log.go:244] (0x16f6eb21c210) (0x16f6eae185a0) Stream removed, broadcasting: 53
I0816 00:29:38.320166   16344 log.go:244] (0x16f6eae18500) (45) Data frame handling
I0816 00:29:38.320688   16344 log.go:244] (0x16f6eb21c210) (0x16f6eae18500) Stream removed, broadcasting: 45
I0816 00:29:38.321225   16344 log.go:244] (0x16f6eb21c210) (0x16f6eae185a0) Stream removed, broadcasting: 53
I0816 00:29:46.058603   16344 log.go:244] (0x16f6eb2d00a0) (27) Writing data frame
I0816 00:29:46.068441   16344 log.go:244] (0x16f6eb21c210) Data frame received for 27
I0816 00:29:46.104724   16344 log.go:244] (0x16f6eb2d00a0) (27) Data frame handling
I0816 00:29:46.155845   16344 log.go:244] (0x16f6eb2d00a0) (27) Data frame sent
I0816 00:29:56.646277   16344 log.go:244] (0x16f6eb2d00a0) (27) Writing data frame
I0816 00:29:56.706037   16344 log.go:244] (0x16f6eb21c210) Data frame received for 27
I0816 00:29:56.740349   16344 log.go:244] (0x16f6eb2d00a0) (27) Data frame handling
I0816 00:29:56.741170   16344 log.go:244] (0x16f6eb2d00a0) (27) Data frame sent
I0816 00:30:07.221238   16344 log.go:244] (0x16f6eb2d00a0) (27) Writing data frame
I0816 00:30:07.347667   16344 log.go:244] (0x16f6eb21c210) Data frame received for 27
I0816 00:30:07.465568   16344 log.go:244] (0x16f6eb2d00a0) (27) Data frame handling
I0816 00:30:07.465568   16344 log.go:244] (0x16f6eb2d00a0) (27) Data frame sent
I0816 00:30:17.631705   16344 log.go:244] (0x16f6eb2d00a0) (27) Writing data frame
I0816 00:30:17.854158   16344 log.go:244] (0x16f6eb21c210) Data frame received for 27
I0816 00:30:18.002149   16344 log.go:244] (0x16f6eb2d00a0) (27) Data frame handling
I0816 00:30:18.020504   16344 log.go:244] (0x16f6eb2d00a0) (27) Data frame sent
I0816 00:30:28.048846   16344 log.go:244] (0x16f6eb2d00a0) (27) Writing data frame
I0816 00:30:28.425550   16344 log.go:244] (0x16f6eb21c210) Data frame received for 27
I0816 00:30:28.662925   16344 log.go:244] (0x16f6eb2d00a0) (27) Data frame handling
I0816 00:30:28.700538   16344 log.go:244] (0x16f6eb2d00a0) (27) Data frame sent
I0816 00:30:38.565547   16344 log.go:244] (0x16f6eb2d00a0) (27) Writing data frame
I0816 00:30:38.568749   16344 log.go:244] (0x16f6eb21c210) Data frame received for 27
I0816 00:30:38.569298   16344 log.go:244] (0x16f6eb2d00a0) (27) Data frame handling
I0816 00:30:38.569298   16344 log.go:244] (0x16f6eb2d00a0) (27) Data frame sent
I0816 00:30:49.169141   16344 log.go:244] (0x16f6eb2d00a0) (27) Writing data frame
I0816 00:30:49.176196   16344 log.go:244] (0x16f6eb21c210) Data frame received for 27
I0816 00:30:49.250943   16344 log.go:244] (0x16f6eb2d00a0) (27) Data frame handling
I0816 00:30:49.250943   16344 log.go:244] (0x16f6eb2d00a0) (27) Data frame sent
I0816 00:30:59.761066   16344 log.go:244] (0x16f6eb2d00a0) (27) Writing data frame
I0816 00:30:59.797530   16344 log.go:244] (0x16f6eb21c210) Data frame received for 27
I0816 00:30:59.840904   16344 log.go:244] (0x16f6eb2d00a0) (27) Data frame handling
I0816 00:30:59.840904   16344 log.go:244] (0x16f6eb2d00a0) (27) Data frame sent
I0816 00:31:10.366113   16344 log.go:244] (0x16f6eb2d00a0) (27) Writing data frame
I0816 00:31:10.401885   16344 log.go:244] (0x16f6eb21c210) Data frame received for 27
I0816 00:31:10.456564   16344 log.go:244] (0x16f6eb2d00a0) (27) Data frame handling
I0816 00:31:10.456564   16344 log.go:244] (0x16f6eb2d00a0) (27) Data frame sent
I0816 00:31:20.385973   16344 log.go:244] (0x16f6eb2d00a0) (27) Writing data frame
I0816 00:31:20.477637   16344 log.go:244] (0x16f6eb21c210) Data frame received for 27
I0816 00:31:20.507102   16344 log.go:244] (0x16f6eb2d00a0) (27) Data frame handling
I0816 00:31:20.560855   16344 log.go:244] (0x16f6eb2d00a0) (27) Data frame sent
I0816 00:31:30.975401   16344 log.go:244] (0x16f6eb2d00a0) (27) Writing data frame
I0816 00:31:31.008780   16344 log.go:244] (0x16f6eb21c210) Data frame received for 27
I0816 00:31:31.016190   16344 log.go:244] (0x16f6eb2d00a0) (27) Data frame handling
I0816 00:31:31.127805   16344 log.go:244] (0x16f6eb2d00a0) (27) Data frame sent
I0816 00:31:40.953676   16344 log.go:244] (0x16f6eb2d00a0) (27) Writing data frame
I0816 00:31:41.020668   16344 log.go:244] (0x16f6eb21c210) Data frame received for 27
I0816 00:31:41.027599   16344 log.go:244] (0x16f6eb2d00a0) (27) Data frame handling
I0816 00:31:41.082304   16344 log.go:244] (0x16f6eb2d00a0) (27) Data frame sent
I0816 00:31:51.553500   16344 log.go:244] (0x16f6eb2d00a0) (27) Writing data frame
I0816 00:31:51.645116   16344 log.go:244] (0x16f6eb21c210) Data frame received for 27
I0816 00:31:51.830816   16344 log.go:244] (0x16f6eb2d00a0) (27) Data frame handling
I0816 00:31:52.047598   16344 log.go:244] (0x16f6eb2d00a0) (27) Data frame sent
I0816 00:32:02.080862   16344 log.go:244] (0x16f6eb2d00a0) (27) Writing data frame
I0816 00:32:02.091008   16344 log.go:244] (0x16f6eb21c210) Data frame received for 27
I0816 00:32:02.105029   16344 log.go:244] (0x16f6eb2d00a0) (27) Data frame handling
I0816 00:32:02.117915   16344 log.go:244] (0x16f6eb2d00a0) (27) Data frame sent
I0816 00:32:12.681805   16344 log.go:244] (0x16f6eb2d00a0) (27) Writing data frame
I0816 00:32:12.725667   16344 log.go:244] (0x16f6eb21c210) Data frame received for 27
I0816 00:32:12.735660   16344 log.go:244] (0x16f6eb2d00a0) (27) Data frame handling
I0816 00:32:12.736175   16344 log.go:244] (0x16f6eb2d00a0) (27) Data frame sent
I0816 00:32:23.261103   16344 log.go:244] (0x16f6eb2d00a0) (27) Writing data frame
I0816 00:32:23.353537   16344 log.go:244] (0x16f6eb21c210) Data frame received for 27
I0816 00:32:23.505342   16344 log.go:244] (0x16f6eb2d00a0) (27) Data frame handling
I0816 00:32:23.559508   16344 log.go:244] (0x16f6eb2d00a0) (27) Data frame sent
I0816 00:32:32.756349   16344 log.go:244] (0x16f6eb2d00a0) (27) Writing data frame
I0816 00:32:32.807131   16344 log.go:244] (0x16f6eb21c210) Data frame received for 27
I0816 00:32:32.829509   16344 log.go:244] (0x16f6eb2d00a0) (27) Data frame handling
I0816 00:32:32.857293   16344 log.go:244] (0x16f6eb2d00a0) (27) Data frame sent
I0816 00:32:33.265594   16344 log.go:244] (0x16f6eb2d00a0) (27) Writing data frame
I0816 00:32:33.290109   16344 log.go:244] (0x16f6eb21c210) Data frame received for 27
I0816 00:32:33.290619   16344 log.go:244] (0x16f6eb2d00a0) (27) Data frame handling
I0816 00:32:33.290619   16344 log.go:244] (0x16f6eb2d00a0) (27) Data frame sent
I0816 00:32:43.879699   16344 log.go:244] (0x16f6eb2d00a0) (27) Writing data frame
I0816 00:32:43.900048   16344 log.go:244] (0x16f6eb21c210) Data frame received for 27
I0816 00:32:43.900558   16344 log.go:244] (0x16f6eb2d00a0) (27) Data frame handling
I0816 00:32:43.900558   16344 log.go:244] (0x16f6eb2d00a0) (27) Data frame sent
I0816 00:32:51.650988   16344 log.go:244] (0x16f6eb2d00a0) (27) Writing data frame
I0816 00:32:53.262689   16344 log.go:244] (0x16f6eb21c210) Data frame received for 27
I0816 00:32:54.171687   16344 log.go:244] (0x16f6eb2d00a0) (27) Data frame handling
I0816 00:32:54.464934   16344 log.go:244] (0x16f6eb2d00a0) (27) Data frame sent
I0816 00:32:55.072153   16344 log.go:244] (0x16f6eb21c210) (0x16f6eae9c000) Create stream
I0816 00:32:56.208533   16344 log.go:244] (0x16f6eb21c210) (0x16f6eae9c000) Stream added, broadcasting: 69
I0816 00:32:56.374969   16344 log.go:244] (0x16f6eb21c210) Reply frame received for 69
I0816 00:32:56.575243   16344 log.go:244] (0x16f6eae9c000) (69) Writing data frame
I0816 00:32:56.632472   16344 log.go:244] (0x16f6eb21c210) (0x16f6eae9c0a0) Create stream
I0816 00:32:56.869250   16344 log.go:244] (0x16f6eb21c210) (0x16f6eae9c0a0) Stream added, broadcasting: 71
I0816 00:32:57.068853   16344 log.go:244] (0x16f6eb21c210) Reply frame received for 71
I0816 00:32:57.402074   16344 log.go:244] (0x16f6eae9c0a0) (71) Writing data frame
I0816 00:32:57.579872   16344 log.go:244] (0x16f6eae9c0a0) (71) Writing data frame
I0816 00:32:57.813299   16344 log.go:244] (0x16f6eb21c210) Data frame received for 71
I0816 00:32:57.946342   16344 log.go:244] (0x16f6eae9c0a0) (71) Data frame handling
I0816 00:32:58.297481   16344 log.go:244] (0x16f6eb21c210) Data frame received for 69
I0816 00:32:58.300065   16344 log.go:244] (0x16f6eae9c000) (69) Data frame handling
I0816 00:32:58.523563   16344 log.go:244] (0x16f6eae9c0a0) (71) Data frame sent
I0816 00:32:58.544759   16344 log.go:244] (0x16f6eb21c210) (0x16f6eae9c000) Stream removed, broadcasting: 69
I0816 00:32:58.849968   16344 log.go:244] (0x16f6eb21c210) Data frame received for 71
I0816 00:32:59.012218   16344 log.go:244] (0x16f6eae9c0a0) (71) Data frame handling
I0816 00:32:59.175673   16344 log.go:244] (0x16f6eb21c210) (0x16f6eae9c0a0) Stream removed, broadcasting: 71
I0816 00:32:59.312599   16344 log.go:244] (0x16f6eb21c210) (0x16f6eae9c0a0) Stream removed, broadcasting: 71
I0816 00:33:10.664540   16344 log.go:244] (0x16f6eb2d00a0) (27) Writing data frame
I0816 00:33:11.167406   16344 log.go:244] (0x16f6eb21c210) Data frame received for 27
I0816 00:33:11.581577   16344 log.go:244] (0x16f6eb2d00a0) (27) Writing data frame
I0816 00:33:11.881550   16344 log.go:244] (0x16f6eb2d00a0) (27) Data frame handling
I0816 00:33:12.384749   16344 log.go:244] (0x16f6eb2d00a0) (27) Data frame sent
I0816 00:33:12.785563   16344 log.go:244] (0x16f6eb21c210) Data frame received for 25
I0816 00:33:13.103091   16344 log.go:244] (0x16f6eae18140) (25) Data frame handling
I0816 00:33:13.452461   16344 log.go:244] (0x16f6eb21c210) Data frame received for 27
I0816 00:33:13.502259   16344 log.go:244] (0x16f6eb21c210) (0x16f6eae18140) Stream removed, broadcasting: 25
I0816 00:33:13.845368   16344 log.go:244] (0x16f6eb2d00a0) (27) Data frame handling
I0816 00:33:14.222548   16344 log.go:244] (0x16f6eb21c210) (0x16f6eb2d00a0) Stream removed, broadcasting: 27
I0816 00:33:14.775114   16344 log.go:244] (0x16f6eb21c210) (0x16f6eb2d00a0) Stream removed, broadcasting: 27
I0816 00:33:45.203153   16344 log.go:244] (0x16f6eb21c210) (0x16f6eae9c140) Create stream
I0816 00:33:45.461107   16344 log.go:244] (0x16f6eb21c210) (0x16f6eae9c140) Stream added, broadcasting: 73
I0816 00:33:45.711119   16344 log.go:244] (0x16f6eb21c210) Reply frame received for 73
I0816 00:33:46.025104   16344 log.go:244] (0x16f6eae9c140) (73) Writing data frame
I0816 00:33:46.225053   16344 log.go:244] (0x16f6eb21c210) (0x16f6eb2d0000) Create stream
I0816 00:33:46.440392   16344 log.go:244] (0x16f6eb21c210) (0x16f6eb2d0000) Stream added, broadcasting: 75
I0816 00:33:46.645017   16344 log.go:244] (0x16f6eb21c210) Reply frame received for 75
I0816 00:33:47.078073   16344 log.go:244] (0x16f6eb2d0000) (75) Writing data frame
I0816 00:33:47.614175   16344 log.go:244] (0x16f6eb2d0000) (75) Writing data frame
I0816 00:33:48.339217   16344 log.go:244] (0x16f6eb21c210) Data frame received for 75
I0816 00:33:48.771759   16344 log.go:244] (0x16f6eb21c210) Data frame received for 73
I0816 00:33:49.187830   16344 log.go:244] (0x16f6eb2d0000) (75) Data frame handling
I0816 00:33:49.419235   16344 log.go:244] (0x16f6eb2d0000) (75) Data frame sent
I0816 00:33:49.672376   16344 log.go:244] (0x16f6eae9c140) (73) Data frame handling
I0816 00:33:49.958664   16344 log.go:244] (0x16f6eb21c210) Data frame received for 75
I0816 00:33:50.269865   16344 log.go:244] (0x16f6eb21c210) (0x16f6eae9c140) Stream removed, broadcasting: 73
I0816 00:33:50.828610   16344 log.go:244] (0x16f6eb2d0000) (75) Data frame handling
I0816 00:33:51.082007   16344 log.go:244] (0x16f6eb21c210) (0x16f6eb2d0000) Stream removed, broadcasting: 75
I0816 00:33:51.325599   16344 log.go:244] (0x16f6eb21c210) (0x16f6eb2d0000) Stream removed, broadcasting: 75
I0816 00:33:52.819552   16344 log.go:244] (0x16f6eb21c210) (0x16f6eae18000) Create stream
I0816 00:33:53.143048   16344 log.go:244] (0x16f6eb21c210) (0x16f6eae18000) Stream added, broadcasting: 77
I0816 00:33:53.357379   16344 log.go:244] (0x16f6eb21c210) Reply frame received for 77
I0816 00:33:53.751612   16344 log.go:244] (0x16f6eae18000) (77) Writing data frame
I0816 00:33:53.754126   16344 log.go:244] (0x16f6eb21c210) (0x16f6eae180a0) Create stream
I0816 00:33:53.982502   16344 log.go:244] (0x16f6eb21c210) (0x16f6eae180a0) Stream added, broadcasting: 79
I0816 00:33:54.196750   16344 log.go:244] (0x16f6eb21c210) Reply frame received for 79
I0816 00:33:54.513411   16344 log.go:244] (0x16f6eae180a0) (79) Writing data frame
I0816 00:33:54.717763   16344 log.go:244] (0x16f6eb21c210) Data frame received for 79
I0816 00:33:55.196489   16344 log.go:244] (0x16f6eae180a0) (79) Data frame handling
I0816 00:33:55.427212   16344 log.go:244] (0x16f6eb21c210) (0x16f6eb2901e0) Create stream
I0816 00:33:55.631252   16344 log.go:244] (0x16f6eae180a0) (79) Data frame sent
I0816 00:33:55.887381   16344 log.go:244] (0x16f6eb21c210) (0x16f6eb2901e0) Stream added, broadcasting: 81
I0816 00:33:56.122297   16344 log.go:244] (0x16f6eb21c210) Reply frame received for 81
I0816 00:33:56.523383   16344 log.go:244] (0x16f6eb2901e0) (81) Writing data frame
I0816 00:33:56.752575   16344 log.go:244] (0x16f6eb21c210) (0x16f6eae181e0) Create stream
I0816 00:33:57.063668   16344 log.go:244] (0x16f6eb21c210) (0x16f6eae181e0) Stream added, broadcasting: 83
I0816 00:33:57.375802   16344 log.go:244] (0x16f6eb21c210) Reply frame received for 83
I0816 00:33:57.586797   16344 log.go:244] (0x16f6eae181e0) (83) Writing data frame
I0816 00:33:57.806270   16344 log.go:244] (0x16f6eae181e0) (83) Writing data frame
I0816 00:33:58.054592   16344 log.go:244] (0x16f6eb21c210) Data frame received for 83
I0816 00:33:58.307347   16344 log.go:244] (0x16f6eb21c210) Data frame received for 81
I0816 00:33:58.685006   16344 log.go:244] (0x16f6eae181e0) (83) Data frame handling
I0816 00:33:58.881943   16344 log.go:244] (0x16f6eae181e0) (83) Data frame sent
I0816 00:33:59.282553   16344 log.go:244] (0x16f6eb2901e0) (81) Data frame handling
I0816 00:33:59.494946   16344 log.go:244] (0x16f6eb21c210) Data frame received for 83
I0816 00:33:59.992281   16344 log.go:244] (0x16f6eb21c210) (0x16f6eb2901e0) Stream removed, broadcasting: 81
I0816 00:34:00.294573   16344 log.go:244] (0x16f6eae181e0) (83) Data frame handling
I0816 00:34:00.543586   16344 log.go:244] (0x16f6eb21c210) (0x16f6eae181e0) Stream removed, broadcasting: 83
I0816 00:34:00.756343   16344 log.go:244] (0x16f6eb21c210) (0x16f6eae181e0) Stream removed, broadcasting: 83
I0816 00:34:04.951891   16344 log.go:244] (0x16f6eae180a0) (79) Writing data frame
I0816 00:34:05.232825   16344 log.go:244] (0x16f6eb21c210) Data frame received for 79
I0816 00:34:05.563787   16344 log.go:244] (0x16f6eae180a0) (79) Data frame handling
I0816 00:34:05.730519   16344 log.go:244] (0x16f6eae180a0) (79) Data frame sent
I0816 00:34:15.152896   16344 log.go:244] (0x16f6eae180a0) (79) Writing data frame
I0816 00:34:15.396016   16344 log.go:244] (0x16f6eb21c210) Data frame received for 79
I0816 00:34:15.849042   16344 log.go:244] (0x16f6eae180a0) (79) Data frame handling
I0816 00:34:16.483224   16344 log.go:244] (0x16f6eae180a0) (79) Data frame sent
I0816 00:34:25.249507   16344 log.go:244] (0x16f6eae180a0) (79) Writing data frame
I0816 00:34:25.274600   16344 log.go:244] (0x16f6eb21c210) Data frame received for 79
I0816 00:34:25.526999   16344 log.go:244] (0x16f6eae180a0) (79) Data frame handling
I0816 00:34:25.526999   16344 log.go:244] (0x16f6eae180a0) (79) Data frame sent
I0816 00:34:35.323123   16344 log.go:244] (0x16f6eae180a0) (79) Writing data frame
I0816 00:34:35.326307   16344 log.go:244] (0x16f6eb21c210) Data frame received for 79
I0816 00:34:35.327884   16344 log.go:244] (0x16f6eae180a0) (79) Data frame handling
I0816 00:34:35.328441   16344 log.go:244] (0x16f6eae180a0) (79) Data frame sent
I0816 00:34:45.935945   16344 log.go:244] (0x16f6eae180a0) (79) Writing data frame
I0816 00:34:45.943917   16344 log.go:244] (0x16f6eb21c210) Data frame received for 79
I0816 00:34:45.950832   16344 log.go:244] (0x16f6eae180a0) (79) Data frame handling
I0816 00:34:45.978970   16344 log.go:244] (0x16f6eae180a0) (79) Data frame sent
I0816 00:34:56.525086   16344 log.go:244] (0x16f6eae180a0) (79) Writing data frame
I0816 00:34:56.824993   16344 log.go:244] (0x16f6eb21c210) Data frame received for 79
I0816 00:34:57.197025   16344 log.go:244] (0x16f6eae180a0) (79) Data frame handling
I0816 00:34:57.406792   16344 log.go:244] (0x16f6eae180a0) (79) Data frame sent
I0816 00:35:07.012933   16344 log.go:244] (0x16f6eae180a0) (79) Writing data frame
I0816 00:35:07.091049   16344 log.go:244] (0x16f6eb21c210) Data frame received for 79
I0816 00:35:07.367121   16344 log.go:244] (0x16f6eae180a0) (79) Data frame handling
I0816 00:35:07.664100   16344 log.go:244] (0x16f6eae180a0) (79) Data frame sent
I0816 00:35:17.547120   16344 log.go:244] (0x16f6eae180a0) (79) Writing data frame
I0816 00:35:17.778032   16344 log.go:244] (0x16f6eb21c210) Data frame received for 79
I0816 00:35:18.181942   16344 log.go:244] (0x16f6eae180a0) (79) Data frame handling
I0816 00:35:18.382751   16344 log.go:244] (0x16f6eae180a0) (79) Data frame sent
I0816 00:35:28.034741   16344 log.go:244] (0x16f6eae180a0) (79) Writing data frame
I0816 00:35:28.090557   16344 log.go:244] (0x16f6eb21c210) Data frame received for 79
I0816 00:35:28.120366   16344 log.go:244] (0x16f6eae180a0) (79) Data frame handling
I0816 00:35:28.120908   16344 log.go:244] (0x16f6eae180a0) (79) Data frame sent
I0816 00:35:38.612659   16344 log.go:244] (0x16f6eae180a0) (79) Writing data frame
I0816 00:35:38.848881   16344 log.go:244] (0x16f6eb21c210) Data frame received for 79
I0816 00:35:39.063973   16344 log.go:244] (0x16f6eae180a0) (79) Data frame handling
I0816 00:35:39.079118   16344 log.go:244] (0x16f6eae180a0) (79) Data frame sent
I0816 00:35:49.164937   16344 log.go:244] (0x16f6eae180a0) (79) Writing data frame
I0816 00:35:49.222619   16344 log.go:244] (0x16f6eb21c210) Data frame received for 79
I0816 00:35:49.307814   16344 log.go:244] (0x16f6eae180a0) (79) Data frame handling
I0816 00:35:49.489366   16344 log.go:244] (0x16f6eae180a0) (79) Data frame sent
I0816 00:35:59.724033   16344 log.go:244] (0x16f6eae180a0) (79) Writing data frame
I0816 00:35:59.749483   16344 log.go:244] (0x16f6eb21c210) Data frame received for 79
I0816 00:35:59.807934   16344 log.go:244] (0x16f6eae180a0) (79) Data frame handling
I0816 00:35:59.808483   16344 log.go:244] (0x16f6eae180a0) (79) Data frame sent
I0816 00:36:10.318252   16344 log.go:244] (0x16f6eae180a0) (79) Writing data frame
I0816 00:36:10.336502   16344 log.go:244] (0x16f6eb21c210) Data frame received for 79
I0816 00:36:10.507863   16344 log.go:244] (0x16f6eae180a0) (79) Data frame handling
I0816 00:36:10.629608   16344 log.go:244] (0x16f6eae180a0) (79) Data frame sent
I0816 00:36:20.885211   16344 log.go:244] (0x16f6eae180a0) (79) Writing data frame
I0816 00:36:20.985454   16344 log.go:244] (0x16f6eb21c210) Data frame received for 79
I0816 00:36:21.282224   16344 log.go:244] (0x16f6eae180a0) (79) Data frame handling
I0816 00:36:21.431980   16344 log.go:244] (0x16f6eae180a0) (79) Data frame sent
I0816 00:36:31.419621   16344 log.go:244] (0x16f6eae180a0) (79) Writing data frame
I0816 00:36:31.428666   16344 log.go:244] (0x16f6eb21c210) Data frame received for 79
I0816 00:36:31.431861   16344 log.go:244] (0x16f6eae180a0) (79) Data frame handling
I0816 00:36:31.432408   16344 log.go:244] (0x16f6eae180a0) (79) Data frame sent
I0816 00:36:42.002053   16344 log.go:244] (0x16f6eae180a0) (79) Writing data frame
I0816 00:36:42.025699   16344 log.go:244] (0x16f6eb21c210) Data frame received for 79
I0816 00:36:42.174719   16344 log.go:244] (0x16f6eae180a0) (79) Data frame handling
I0816 00:36:42.175235   16344 log.go:244] (0x16f6eae180a0) (79) Data frame sent
I0816 00:36:52.563667   16344 log.go:244] (0x16f6eae180a0) (79) Writing data frame
I0816 00:36:52.565740   16344 log.go:244] (0x16f6eb21c210) Data frame received for 79
I0816 00:36:52.567177   16344 log.go:244] (0x16f6eae180a0) (79) Data frame handling
I0816 00:36:52.567177   16344 log.go:244] (0x16f6eae180a0) (79) Data frame sent
I0816 00:37:03.159310   16344 log.go:244] (0x16f6eae180a0) (79) Writing data frame
I0816 00:37:03.194419   16344 log.go:244] (0x16f6eb21c210) Data frame received for 79
I0816 00:37:03.209561   16344 log.go:244] (0x16f6eae180a0) (79) Data frame handling
I0816 00:37:03.210093   16344 log.go:244] (0x16f6eae180a0) (79) Data frame sent
I0816 00:37:13.772167   16344 log.go:244] (0x16f6eae180a0) (79) Writing data frame
I0816 00:37:13.776829   16344 log.go:244] (0x16f6eb21c210) Data frame received for 79
I0816 00:37:13.777367   16344 log.go:244] (0x16f6eae180a0) (79) Data frame handling
I0816 00:37:13.777367   16344 log.go:244] (0x16f6eae180a0) (79) Data frame sent
I0816 00:37:24.345520   16344 log.go:244] (0x16f6eae180a0) (79) Writing data frame
I0816 00:37:24.359021   16344 log.go:244] (0x16f6eb21c210) Data frame received for 79
I0816 00:37:24.375884   16344 log.go:244] (0x16f6eae180a0) (79) Data frame handling
I0816 00:37:24.375884   16344 log.go:244] (0x16f6eae180a0) (79) Data frame sent
I0816 00:37:34.930162   16344 log.go:244] (0x16f6eae180a0) (79) Writing data frame
I0816 00:37:34.941174   16344 log.go:244] (0x16f6eb21c210) Data frame received for 79
I0816 00:37:34.989630   16344 log.go:244] (0x16f6eae180a0) (79) Data frame handling
I0816 00:37:34.989630   16344 log.go:244] (0x16f6eae180a0) (79) Data frame sent
I0816 00:37:44.939632   16344 log.go:244] (0x16f6eae180a0) (79) Writing data frame
I0816 00:37:44.942221   16344 log.go:244] (0x16f6eb21c210) Data frame received for 79
I0816 00:37:44.942732   16344 log.go:244] (0x16f6eae180a0) (79) Data frame handling
I0816 00:37:44.942732   16344 log.go:244] (0x16f6eae180a0) (79) Data frame sent
I0816 00:37:55.538907   16344 log.go:244] (0x16f6eae180a0) (79) Writing data frame
I0816 00:37:55.668849   16344 log.go:244] (0x16f6eb21c210) Data frame received for 79
I0816 00:37:55.678766   16344 log.go:244] (0x16f6eae180a0) (79) Data frame handling
I0816 00:37:55.781492   16344 log.go:244] (0x16f6eae180a0) (79) Data frame sent
I0816 00:38:06.100980   16344 log.go:244] (0x16f6eae180a0) (79) Writing data frame
I0816 00:38:06.116969   16344 log.go:244] (0x16f6eb21c210) Data frame received for 79
I0816 00:38:06.127796   16344 log.go:244] (0x16f6eae180a0) (79) Data frame handling
I0816 00:38:06.127796   16344 log.go:244] (0x16f6eae180a0) (79) Data frame sent
I0816 00:38:06.753507   16344 log.go:244] (0x16f6eae180a0) (79) Writing data frame
I0816 00:38:06.793237   16344 log.go:244] (0x16f6eb21c210) Data frame received for 79
I0816 00:38:06.849451   16344 log.go:244] (0x16f6eae180a0) (79) Data frame handling
I0816 00:38:06.901638   16344 log.go:244] (0x16f6eae180a0) (79) Data frame sent
I0816 00:38:16.103691   16344 log.go:244] (0x16f6eae180a0) (79) Writing data frame
I0816 00:38:16.106460   16344 log.go:244] (0x16f6eb21c210) Data frame received for 79
I0816 00:38:16.106966   16344 log.go:244] (0x16f6eae180a0) (79) Data frame handling
I0816 00:38:16.106966   16344 log.go:244] (0x16f6eae180a0) (79) Data frame sent
I0816 00:38:26.705187   16344 log.go:244] (0x16f6eae180a0) (79) Writing data frame
I0816 00:38:26.736309   16344 log.go:244] (0x16f6eb21c210) Data frame received for 79
I0816 00:38:26.767021   16344 log.go:244] (0x16f6eae180a0) (79) Data frame handling
I0816 00:38:26.767819   16344 log.go:244] (0x16f6eae180a0) (79) Data frame sent
I0816 00:38:37.295227   16344 log.go:244] (0x16f6eae180a0) (79) Writing data frame
I0816 00:38:37.348301   16344 log.go:244] (0x16f6eb21c210) Data frame received for 79
I0816 00:38:37.389314   16344 log.go:244] (0x16f6eae180a0) (79) Data frame handling
I0816 00:38:37.430622   16344 log.go:244] (0x16f6eae180a0) (79) Data frame sent
I0816 00:38:47.868788   16344 log.go:244] (0x16f6eae180a0) (79) Writing data frame
I0816 00:38:48.154533   16344 log.go:244] (0x16f6eb21c210) Data frame received for 79
I0816 00:38:48.327455   16344 log.go:244] (0x16f6eae180a0) (79) Data frame handling
I0816 00:38:48.435955   16344 log.go:244] (0x16f6eae180a0) (79) Data frame sent
I0816 00:38:58.383378   16344 log.go:244] (0x16f6eae180a0) (79) Writing data frame
I0816 00:38:58.386013   16344 log.go:244] (0x16f6eb21c210) Data frame received for 79
I0816 00:38:58.387843   16344 log.go:244] (0x16f6eae180a0) (79) Data frame handling
I0816 00:38:58.387843   16344 log.go:244] (0x16f6eae180a0) (79) Data frame sent
I0816 00:39:08.995533   16344 log.go:244] (0x16f6eae180a0) (79) Writing data frame
I0816 00:39:08.998689   16344 log.go:244] (0x16f6eb21c210) Data frame received for 79
I0816 00:39:09.000211   16344 log.go:244] (0x16f6eae180a0) (79) Data frame handling
I0816 00:39:09.000211   16344 log.go:244] (0x16f6eae180a0) (79) Data frame sent
I0816 00:39:19.583712   16344 log.go:244] (0x16f6eae180a0) (79) Writing data frame
I0816 00:39:19.640779   16344 log.go:244] (0x16f6eb21c210) Data frame received for 79
I0816 00:39:19.718906   16344 log.go:244] (0x16f6eae180a0) (79) Data frame handling
I0816 00:39:19.719448   16344 log.go:244] (0x16f6eae180a0) (79) Data frame sent
I0816 00:39:30.144626   16344 log.go:244] (0x16f6eae180a0) (79) Writing data frame
I0816 00:39:30.149121   16344 log.go:244] (0x16f6eb21c210) Data frame received for 79
I0816 00:39:30.149640   16344 log.go:244] (0x16f6eae180a0) (79) Data frame handling
I0816 00:39:30.149640   16344 log.go:244] (0x16f6eae180a0) (79) Data frame sent
I0816 00:39:40.740979   16344 log.go:244] (0x16f6eae180a0) (79) Writing data frame
I0816 00:39:40.743889   16344 log.go:244] (0x16f6eb21c210) Data frame received for 79
I0816 00:39:40.744399   16344 log.go:244] (0x16f6eae180a0) (79) Data frame handling
I0816 00:39:40.744399   16344 log.go:244] (0x16f6eae180a0) (79) Data frame sent
I0816 00:39:51.323056   16344 log.go:244] (0x16f6eae180a0) (79) Writing data frame
I0816 00:39:51.325952   16344 log.go:244] (0x16f6eb21c210) Data frame received for 79
I0816 00:39:51.326459   16344 log.go:244] (0x16f6eae180a0) (79) Data frame handling
I0816 00:39:51.326996   16344 log.go:244] (0x16f6eae180a0) (79) Data frame sent
I0816 00:40:01.916832   16344 log.go:244] (0x16f6eae180a0) (79) Writing data frame
I0816 00:40:01.944345   16344 log.go:244] (0x16f6eb21c210) Data frame received for 79
I0816 00:40:01.960811   16344 log.go:244] (0x16f6eae180a0) (79) Data frame handling
I0816 00:40:02.001255   16344 log.go:244] (0x16f6eae180a0) (79) Data frame sent
I0816 00:40:12.510131   16344 log.go:244] (0x16f6eae180a0) (79) Writing data frame
I0816 00:40:12.512824   16344 log.go:244] (0x16f6eb21c210) Data frame received for 79
I0816 00:40:12.513371   16344 log.go:244] (0x16f6eae180a0) (79) Data frame handling
I0816 00:40:12.513915   16344 log.go:244] (0x16f6eae180a0) (79) Data frame sent
I0816 00:40:23.093362   16344 log.go:244] (0x16f6eae180a0) (79) Writing data frame
I0816 00:40:23.096199   16344 log.go:244] (0x16f6eb21c210) Data frame received for 79
I0816 00:40:23.096704   16344 log.go:244] (0x16f6eae180a0) (79) Data frame handling
I0816 00:40:23.096704   16344 log.go:244] (0x16f6eae180a0) (79) Data frame sent
I0816 00:40:33.683351   16344 log.go:244] (0x16f6eae180a0) (79) Writing data frame
I0816 00:40:33.686384   16344 log.go:244] (0x16f6eb21c210) Data frame received for 79
I0816 00:40:33.686892   16344 log.go:244] (0x16f6eae180a0) (79) Data frame handling
I0816 00:40:33.686892   16344 log.go:244] (0x16f6eae180a0) (79) Data frame sent
I0816 00:40:44.282596   16344 log.go:244] (0x16f6eae180a0) (79) Writing data frame
I0816 00:40:44.306738   16344 log.go:244] (0x16f6eb21c210) Data frame received for 79
I0816 00:40:44.306738   16344 log.go:244] (0x16f6eae180a0) (79) Data frame handling
I0816 00:40:44.307243   16344 log.go:244] (0x16f6eae180a0) (79) Data frame sent
I0816 00:40:54.872135   16344 log.go:244] (0x16f6eae180a0) (79) Writing data frame
I0816 00:40:54.889758   16344 log.go:244] (0x16f6eb21c210) Data frame received for 79
I0816 00:40:54.997612   16344 log.go:244] (0x16f6eae180a0) (79) Data frame handling
I0816 00:40:55.018229   16344 log.go:244] (0x16f6eae180a0) (79) Data frame sent
I0816 00:41:05.431676   16344 log.go:244] (0x16f6eae180a0) (79) Writing data frame
I0816 00:41:05.465195   16344 log.go:244] (0x16f6eb21c210) Data frame received for 79
I0816 00:41:05.465195   16344 log.go:244] (0x16f6eae180a0) (79) Data frame handling
I0816 00:41:05.465710   16344 log.go:244] (0x16f6eae180a0) (79) Data frame sent
I0816 00:41:16.021528   16344 log.go:244] (0x16f6eae180a0) (79) Writing data frame
I0816 00:41:16.024115   16344 log.go:244] (0x16f6eb21c210) Data frame received for 79
I0816 00:41:16.077897   16344 log.go:244] (0x16f6eae180a0) (79) Data frame handling
I0816 00:41:16.077897   16344 log.go:244] (0x16f6eae180a0) (79) Data frame sent
I0816 00:41:17.368944   16344 log.go:244] (0x16f6eae180a0) (79) Writing data frame
I0816 00:41:17.388881   16344 log.go:244] (0x16f6eb21c210) Data frame received for 79
I0816 00:41:17.389455   16344 log.go:244] (0x16f6eae180a0) (79) Data frame handling
I0816 00:41:17.395445   16344 log.go:244] (0x16f6eae180a0) (79) Data frame sent
I0816 00:41:26.027067   16344 log.go:244] (0x16f6eae180a0) (79) Writing data frame
I0816 00:41:26.057014   16344 log.go:244] (0x16f6eb21c210) Data frame received for 79
I0816 00:41:26.057519   16344 log.go:244] (0x16f6eae180a0) (79) Data frame handling
I0816 00:41:26.057519   16344 log.go:244] (0x16f6eae180a0) (79) Data frame sent
I0816 00:41:36.050690   16344 log.go:244] (0x16f6eae180a0) (79) Writing data frame
I0816 00:41:36.053890   16344 log.go:244] (0x16f6eb21c210) Data frame received for 79
I0816 00:41:36.053890   16344 log.go:244] (0x16f6eae180a0) (79) Data frame handling
I0816 00:41:36.057570   16344 log.go:244] (0x16f6eae180a0) (79) Data frame sent
I0816 00:41:37.522729   16344 log.go:244] (0x16f6eae180a0) (79) Writing data frame
I0816 00:41:37.670172   16344 log.go:244] (0x16f6eb21c210) Data frame received for 79
I0816 00:41:37.752940   16344 log.go:244] (0x16f6eae180a0) (79) Data frame handling
I0816 00:41:37.793382   16344 log.go:244] (0x16f6eae180a0) (79) Data frame sent
I0816 00:41:46.609554   16344 log.go:244] (0x16f6eae180a0) (79) Writing data frame
I0816 00:41:46.662330   16344 log.go:244] (0x16f6eb21c210) Data frame received for 79
I0816 00:41:46.662840   16344 log.go:244] (0x16f6eae180a0) (79) Data frame handling
I0816 00:41:46.662840   16344 log.go:244] (0x16f6eae180a0) (79) Data frame sent
I0816 00:41:57.201096   16344 log.go:244] (0x16f6eae180a0) (79) Writing data frame
I0816 00:41:57.203677   16344 log.go:244] (0x16f6eb21c210) Data frame received for 79
I0816 00:41:57.203677   16344 log.go:244] (0x16f6eae180a0) (79) Data frame handling
I0816 00:41:57.203677   16344 log.go:244] (0x16f6eae180a0) (79) Data frame sent
I0816 00:42:07.793004   16344 log.go:244] (0x16f6eae180a0) (79) Writing data frame
I0816 00:42:07.999778   16344 log.go:244] (0x16f6eb21c210) Data frame received for 79
I0816 00:42:08.339029   16344 log.go:244] (0x16f6eae180a0) (79) Data frame handling
I0816 00:42:08.426578   16344 log.go:244] (0x16f6eae180a0) (79) Data frame sent
I0816 00:42:17.794148   16344 log.go:244] (0x16f6eae180a0) (79) Writing data frame
I0816 00:42:17.845971   16344 log.go:244] (0x16f6eb21c210) Data frame received for 79
I0816 00:42:17.846482   16344 log.go:244] (0x16f6eae180a0) (79) Data frame handling
I0816 00:42:17.847019   16344 log.go:244] (0x16f6eae180a0) (79) Data frame sent
I0816 00:42:28.397983   16344 log.go:244] (0x16f6eae180a0) (79) Writing data frame
I0816 00:42:28.401285   16344 log.go:244] (0x16f6eb21c210) Data frame received for 79
I0816 00:42:28.401793   16344 log.go:244] (0x16f6eae180a0) (79) Data frame handling
I0816 00:42:28.401793   16344 log.go:244] (0x16f6eae180a0) (79) Data frame sent
I0816 00:42:39.000824   16344 log.go:244] (0x16f6eae180a0) (79) Writing data frame
I0816 00:42:39.003476   16344 log.go:244] (0x16f6eb21c210) Data frame received for 79
I0816 00:42:39.003989   16344 log.go:244] (0x16f6eae180a0) (79) Data frame handling
I0816 00:42:39.004527   16344 log.go:244] (0x16f6eae180a0) (79) Data frame sent
I0816 00:42:49.605748   16344 log.go:244] (0x16f6eae180a0) (79) Writing data frame
I0816 00:42:49.609246   16344 log.go:244] (0x16f6eb21c210) Data frame received for 79
I0816 00:42:49.609756   16344 log.go:244] (0x16f6eae180a0) (79) Data frame handling
I0816 00:42:49.609756   16344 log.go:244] (0x16f6eae180a0) (79) Data frame sent
I0816 00:43:00.205312   16344 log.go:244] (0x16f6eae180a0) (79) Writing data frame
I0816 00:43:00.213005   16344 log.go:244] (0x16f6eb21c210) Data frame received for 79
I0816 00:43:00.223235   16344 log.go:244] (0x16f6eae180a0) (79) Data frame handling
I0816 00:43:00.225741   16344 log.go:244] (0x16f6eae180a0) (79) Data frame sent
I0816 00:43:10.236863   16344 log.go:244] (0x16f6eae180a0) (79) Writing data frame
I0816 00:43:10.358965   16344 log.go:244] (0x16f6eb21c210) Data frame received for 79
I0816 00:43:10.518778   16344 log.go:244] (0x16f6eae180a0) (79) Data frame handling
I0816 00:43:10.623030   16344 log.go:244] (0x16f6eae180a0) (79) Data frame sent
I0816 00:43:20.239117   16344 log.go:244] (0x16f6eae180a0) (79) Writing data frame
I0816 00:43:20.253512   16344 log.go:244] (0x16f6eb21c210) Data frame received for 79
I0816 00:43:20.272368   16344 log.go:244] (0x16f6eae180a0) (79) Data frame handling
I0816 00:43:20.283194   16344 log.go:244] (0x16f6eae180a0) (79) Data frame sent
I0816 00:43:30.850046   16344 log.go:244] (0x16f6eae180a0) (79) Writing data frame
I0816 00:43:30.874684   16344 log.go:244] (0x16f6eb21c210) Data frame received for 79
I0816 00:43:30.963758   16344 log.go:244] (0x16f6eae180a0) (79) Data frame handling
I0816 00:43:30.978320   16344 log.go:244] (0x16f6eae180a0) (79) Data frame sent
I0816 00:43:41.407051   16344 log.go:244] (0x16f6eae180a0) (79) Writing data frame
I0816 00:43:41.411669   16344 log.go:244] (0x16f6eb21c210) Data frame received for 79
I0816 00:43:41.412176   16344 log.go:244] (0x16f6eae180a0) (79) Data frame handling
I0816 00:43:41.412714   16344 log.go:244] (0x16f6eae180a0) (79) Data frame sent
I0816 00:43:52.122266   16344 log.go:244] (0x16f6eae180a0) (79) Writing data frame
I0816 00:43:52.280063   16344 log.go:244] (0x16f6eb21c210) Data frame received for 79
I0816 00:43:52.651597   16344 log.go:244] (0x16f6eae180a0) (79) Data frame handling
I0816 00:43:52.795399   16344 log.go:244] (0x16f6eae180a0) (79) Data frame sent
I0816 00:44:02.489894   16344 log.go:244] (0x16f6eae180a0) (79) Writing data frame
I0816 00:44:02.545517   16344 log.go:244] (0x16f6eb21c210) Data frame received for 79
I0816 00:44:02.572728   16344 log.go:244] (0x16f6eae180a0) (79) Data frame handling
I0816 00:44:02.597436   16344 log.go:244] (0x16f6eae180a0) (79) Data frame sent
I0816 00:44:13.532118   16344 log.go:244] (0x16f6eae180a0) (79) Writing data frame
I0816 00:44:13.634058   16344 log.go:244] (0x16f6eb21c210) Data frame received for 79
I0816 00:44:13.720820   16344 log.go:244] (0x16f6eae180a0) (79) Data frame handling
I0816 00:44:13.721364   16344 log.go:244] (0x16f6eae180a0) (79) Data frame sent
I0816 00:44:23.525852   16344 log.go:244] (0x16f6eae180a0) (79) Writing data frame
I0816 00:44:23.656069   16344 log.go:244] (0x16f6eb21c210) Data frame received for 79
I0816 00:44:23.668890   16344 log.go:244] (0x16f6eae180a0) (79) Data frame handling
I0816 00:44:23.802171   16344 log.go:244] (0x16f6eae180a0) (79) Data frame sent
I0816 00:44:34.154412   16344 log.go:244] (0x16f6eae180a0) (79) Writing data frame
I0816 00:44:34.216190   16344 log.go:244] (0x16f6eb21c210) Data frame received for 79
I0816 00:44:34.328057   16344 log.go:244] (0x16f6eae180a0) (79) Data frame handling
I0816 00:44:34.369700   16344 log.go:244] (0x16f6eae180a0) (79) Data frame sent
I0816 00:44:44.669211   16344 log.go:244] (0x16f6eae180a0) (79) Writing data frame
I0816 00:44:44.983801   16344 log.go:244] (0x16f6eb21c210) Data frame received for 79
I0816 00:44:45.104513   16344 log.go:244] (0x16f6eae180a0) (79) Data frame handling
I0816 00:44:45.284774   16344 log.go:244] (0x16f6eae180a0) (79) Data frame sent
I0816 00:45:07.944068   16344 log.go:244] (0x16f6eae180a0) (79) Writing data frame
I0816 00:45:07.948259   16344 log.go:244] (0x16f6eb21c210) Data frame received for 79
I0816 00:45:07.990016   16344 log.go:244] (0x16f6eae180a0) (79) Data frame handling
I0816 00:45:08.001166   16344 log.go:244] (0x16f6eae180a0) (79) Data frame sent
I0816 00:45:11.659808   16344 log.go:244] (0x16f6eae180a0) (79) Writing data frame
I0816 00:45:11.689544   16344 log.go:244] (0x16f6eb21c210) Data frame received for 79
I0816 00:45:11.695531   16344 log.go:244] (0x16f6eae180a0) (79) Data frame handling
I0816 00:45:11.696077   16344 log.go:244] (0x16f6eae180a0) (79) Data frame sent
I0816 00:45:18.034696   16344 log.go:244] (0x16f6eae180a0) (79) Writing data frame
I0816 00:45:18.077189   16344 log.go:244] (0x16f6eb21c210) Data frame received for 79
I0816 00:45:18.249705   16344 log.go:244] (0x16f6eae180a0) (79) Data frame handling
I0816 00:45:18.273759   16344 log.go:244] (0x16f6eae180a0) (79) Data frame sent
I0816 00:45:28.599654   16344 log.go:244] (0x16f6eae180a0) (79) Writing data frame
I0816 00:45:28.652274   16344 log.go:244] (0x16f6eb21c210) Data frame received for 79
I0816 00:45:28.662963   16344 log.go:244] (0x16f6eae180a0) (79) Data frame handling
I0816 00:45:28.663494   16344 log.go:244] (0x16f6eae180a0) (79) Data frame sent
I0816 00:45:39.196767   16344 log.go:244] (0x16f6eae180a0) (79) Writing data frame
I0816 00:45:39.379127   16344 log.go:244] (0x16f6eb21c210) Data frame received for 79
I0816 00:45:39.450520   16344 log.go:244] (0x16f6eae180a0) (79) Data frame handling
I0816 00:45:39.454184   16344 log.go:244] (0x16f6eae180a0) (79) Data frame sent
I0816 00:45:49.780676   16344 log.go:244] (0x16f6eae180a0) (79) Writing data frame
I0816 00:45:49.822738   16344 log.go:244] (0x16f6eb21c210) Data frame received for 79
I0816 00:45:49.941804   16344 log.go:244] (0x16f6eae180a0) (79) Data frame handling
I0816 00:45:50.077401   16344 log.go:244] (0x16f6eae180a0) (79) Data frame sent
I0816 00:46:00.348774   16344 log.go:244] (0x16f6eae180a0) (79) Writing data frame
I0816 00:46:00.392798   16344 log.go:244] (0x16f6eb21c210) Data frame received for 79
I0816 00:46:00.669680   16344 log.go:244] (0x16f6eae180a0) (79) Data frame handling
I0816 00:46:00.821326   16344 log.go:244] (0x16f6eae180a0) (79) Data frame sent
I0816 00:46:10.886450   16344 log.go:244] (0x16f6eae180a0) (79) Writing data frame
I0816 00:46:10.907181   16344 log.go:244] (0x16f6eb21c210) Data frame received for 79
I0816 00:46:11.007613   16344 log.go:244] (0x16f6eae180a0) (79) Data frame handling
I0816 00:46:11.018592   16344 log.go:244] (0x16f6eae180a0) (79) Data frame sent
I0816 00:46:21.450029   16344 log.go:244] (0x16f6eae180a0) (79) Writing data frame
I0816 00:46:21.525042   16344 log.go:244] (0x16f6eb21c210) Data frame received for 79
I0816 00:46:21.541203   16344 log.go:244] (0x16f6eae180a0) (79) Data frame handling
I0816 00:46:21.560901   16344 log.go:244] (0x16f6eae180a0) (79) Data frame sent
I0816 00:46:32.037821   16344 log.go:244] (0x16f6eae180a0) (79) Writing data frame
I0816 00:46:32.046282   16344 log.go:244] (0x16f6eb21c210) Data frame received for 79
I0816 00:46:32.094962   16344 log.go:244] (0x16f6eae180a0) (79) Data frame handling
I0816 00:46:32.118618   16344 log.go:244] (0x16f6eae180a0) (79) Data frame sent
I0816 00:46:42.637458   16344 log.go:244] (0x16f6eae180a0) (79) Writing data frame
I0816 00:46:43.094342   16344 log.go:244] (0x16f6eb21c210) Data frame received for 79
I0816 00:46:43.243338   16344 log.go:244] (0x16f6eae180a0) (79) Data frame handling
I0816 00:46:43.306593   16344 log.go:244] (0x16f6eae180a0) (79) Data frame sent
I0816 00:46:53.151124   16344 log.go:244] (0x16f6eae180a0) (79) Writing data frame
I0816 00:46:53.167432   16344 log.go:244] (0x16f6eb21c210) Data frame received for 79
I0816 00:46:53.167432   16344 log.go:244] (0x16f6eae180a0) (79) Data frame handling
I0816 00:46:53.167939   16344 log.go:244] (0x16f6eae180a0) (79) Data frame sent
I0816 00:47:03.764629   16344 log.go:244] (0x16f6eae180a0) (79) Writing data frame
I0816 00:47:04.093569   16344 log.go:244] (0x16f6eb21c210) Data frame received for 79
I0816 00:47:04.193484   16344 log.go:244] (0x16f6eae180a0) (79) Data frame handling
I0816 00:47:04.193991   16344 log.go:244] (0x16f6eae180a0) (79) Data frame sent
I0816 00:47:14.291011   16344 log.go:244] (0x16f6eae180a0) (79) Writing data frame
I0816 00:47:14.362818   16344 log.go:244] (0x16f6eb21c210) Data frame received for 79
I0816 00:47:14.436519   16344 log.go:244] (0x16f6eae180a0) (79) Data frame handling
I0816 00:47:14.471179   16344 log.go:244] (0x16f6eae180a0) (79) Data frame sent
I0816 00:47:24.861698   16344 log.go:244] (0x16f6eae180a0) (79) Writing data frame
I0816 00:47:25.036660   16344 log.go:244] (0x16f6eb21c210) Data frame received for 79
I0816 00:47:25.093593   16344 log.go:244] (0x16f6eae180a0) (79) Data frame handling
I0816 00:47:25.093593   16344 log.go:244] (0x16f6eae180a0) (79) Data frame sent
I0816 00:47:35.432071   16344 log.go:244] (0x16f6eae180a0) (79) Writing data frame
I0816 00:47:35.560145   16344 log.go:244] (0x16f6eb21c210) Data frame received for 79
I0816 00:47:35.585411   16344 log.go:244] (0x16f6eae180a0) (79) Data frame handling
I0816 00:47:35.585541   16344 log.go:244] (0x16f6eae180a0) (79) Data frame sent
I0816 00:47:46.023474   16344 log.go:244] (0x16f6eae180a0) (79) Writing data frame
I0816 00:47:46.146126   16344 log.go:244] (0x16f6eb21c210) Data frame received for 79
I0816 00:47:46.391893   16344 log.go:244] (0x16f6eae180a0) (79) Data frame handling
I0816 00:47:46.475833   16344 log.go:244] (0x16f6eae180a0) (79) Data frame sent
I0816 00:47:56.586347   16344 log.go:244] (0x16f6eae180a0) (79) Writing data frame
I0816 00:47:56.611292   16344 log.go:244] (0x16f6eb21c210) Data frame received for 79
I0816 00:47:56.680363   16344 log.go:244] (0x16f6eae180a0) (79) Data frame handling
I0816 00:47:56.755120   16344 log.go:244] (0x16f6eae180a0) (79) Data frame sent
I0816 00:48:07.142596   16344 log.go:244] (0x16f6eae180a0) (79) Writing data frame
I0816 00:48:07.202547   16344 log.go:244] (0x16f6eb21c210) Data frame received for 79
I0816 00:48:07.260578   16344 log.go:244] (0x16f6eae180a0) (79) Data frame handling
I0816 00:48:07.261142   16344 log.go:244] (0x16f6eae180a0) (79) Data frame sent
I0816 00:48:17.741752   16344 log.go:244] (0x16f6eae180a0) (79) Writing data frame
I0816 00:48:17.921766   16344 log.go:244] (0x16f6eb21c210) Data frame received for 79
I0816 00:48:18.212019   16344 log.go:244] (0x16f6eae180a0) (79) Data frame handling
I0816 00:48:18.340327   16344 log.go:244] (0x16f6eae180a0) (79) Data frame sent
I0816 00:48:28.418424   16344 log.go:244] (0x16f6eae180a0) (79) Writing data frame
I0816 00:48:28.671519   16344 log.go:244] (0x16f6eb21c210) Data frame received for 79
I0816 00:48:28.779251   16344 log.go:244] (0x16f6eae180a0) (79) Data frame handling
I0816 00:48:28.992004   16344 log.go:244] (0x16f6eae180a0) (79) Data frame sent
I0816 00:48:38.939739   16344 log.go:244] (0x16f6eae180a0) (79) Writing data frame
I0816 00:48:38.981620   16344 log.go:244] (0x16f6eb21c210) Data frame received for 79
I0816 00:48:39.042400   16344 log.go:244] (0x16f6eae180a0) (79) Data frame handling
I0816 00:48:39.057430   16344 log.go:244] (0x16f6eae180a0) (79) Data frame sent
I0816 00:48:49.528444   16344 log.go:244] (0x16f6eae180a0) (79) Writing data frame
I0816 00:48:49.696516   16344 log.go:244] (0x16f6eb21c210) Data frame received for 79
I0816 00:48:49.757389   16344 log.go:244] (0x16f6eae180a0) (79) Data frame handling
I0816 00:48:49.757389   16344 log.go:244] (0x16f6eae180a0) (79) Data frame sent
I0816 00:49:00.101788   16344 log.go:244] (0x16f6eae180a0) (79) Writing data frame
I0816 00:49:00.130276   16344 log.go:244] (0x16f6eb21c210) Data frame received for 79
I0816 00:49:00.169240   16344 log.go:244] (0x16f6eae180a0) (79) Data frame handling
I0816 00:49:00.195268   16344 log.go:244] (0x16f6eae180a0) (79) Data frame sent
I0816 00:49:10.696366   16344 log.go:244] (0x16f6eae180a0) (79) Writing data frame
I0816 00:49:10.741798   16344 log.go:244] (0x16f6eb21c210) Data frame received for 79
I0816 00:49:10.770772   16344 log.go:244] (0x16f6eae180a0) (79) Data frame handling
I0816 00:49:10.797768   16344 log.go:244] (0x16f6eae180a0) (79) Data frame sent
I0816 00:49:21.303463   16344 log.go:244] (0x16f6eae180a0) (79) Writing data frame
I0816 00:49:21.368965   16344 log.go:244] (0x16f6eb21c210) Data frame received for 79
I0816 00:49:21.437316   16344 log.go:244] (0x16f6eae180a0) (79) Data frame handling
I0816 00:49:21.627987   16344 log.go:244] (0x16f6eae180a0) (79) Data frame sent
I0816 00:49:31.877507   16344 log.go:244] (0x16f6eae180a0) (79) Writing data frame
I0816 00:49:31.920481   16344 log.go:244] (0x16f6eb21c210) Data frame received for 79
I0816 00:49:31.920988   16344 log.go:244] (0x16f6eae180a0) (79) Data frame handling
I0816 00:49:31.920988   16344 log.go:244] (0x16f6eae180a0) (79) Data frame sent
I0816 00:49:42.485540   16344 log.go:244] (0x16f6eae180a0) (79) Writing data frame
I0816 00:49:42.555431   16344 log.go:244] (0x16f6eb21c210) Data frame received for 79
I0816 00:49:42.581068   16344 log.go:244] (0x16f6eae180a0) (79) Data frame handling
I0816 00:49:42.642021   16344 log.go:244] (0x16f6eae180a0) (79) Data frame sent
I0816 00:49:53.058861   16344 log.go:244] (0x16f6eae180a0) (79) Writing data frame
I0816 00:49:53.162278   16344 log.go:244] (0x16f6eb21c210) Data frame received for 79
I0816 00:49:53.204166   16344 log.go:244] (0x16f6eae180a0) (79) Data frame handling
I0816 00:49:53.318649   16344 log.go:244] (0x16f6eae180a0) (79) Data frame sent
I0816 00:50:03.644084   16344 log.go:244] (0x16f6eae180a0) (79) Writing data frame
I0816 00:50:03.778701   16344 log.go:244] (0x16f6eb21c210) Data frame received for 79
I0816 00:50:03.873293   16344 log.go:244] (0x16f6eae180a0) (79) Data frame handling
I0816 00:50:03.901422   16344 log.go:244] (0x16f6eae180a0) (79) Data frame sent
I0816 00:50:13.761955   16344 log.go:244] (0x16f6eae180a0) (79) Writing data frame
I0816 00:50:14.030733   16344 log.go:244] (0x16f6eb21c210) Data frame received for 79
I0816 00:50:14.357999   16344 log.go:244] (0x16f6eae180a0) (79) Data frame handling
I0816 00:50:14.368357   16344 log.go:244] (0x16f6eae180a0) (79) Data frame sent
I0816 00:50:18.429016   16344 log.go:244] (0x16f6eae180a0) (79) Writing data frame
I0816 00:50:18.766503   16344 log.go:244] (0x16f6eb21c210) Data frame received for 79
I0816 00:50:19.039193   16344 log.go:244] (0x16f6eae180a0) (79) Data frame handling
I0816 00:50:19.049556   16344 log.go:244] (0x16f6eae180a0) (79) Data frame sent
I0816 00:50:19.900258   16344 log.go:244] (0x16f6eae180a0) (79) Writing data frame
I0816 00:50:20.096309   16344 log.go:244] (0x16f6eb21c210) Data frame received for 79
I0816 00:50:20.478432   16344 log.go:244] (0x16f6eae180a0) (79) Data frame handling
I0816 00:50:20.594334   16344 log.go:244] (0x16f6eae180a0) (79) Data frame sent
I0816 00:50:21.184870   16344 log.go:244] (0x16f6eae180a0) (79) Writing data frame
I0816 00:50:21.377921   16344 log.go:244] (0x16f6eb21c210) Data frame received for 79
I0816 00:50:21.657301   16344 log.go:244] (0x16f6eae180a0) (79) Data frame handling
I0816 00:50:21.894495   16344 log.go:244] (0x16f6eae180a0) (79) Data frame sent
I0816 00:50:22.387303   16344 log.go:244] (0x16f6eae180a0) (79) Writing data frame
I0816 00:50:22.592145   16344 log.go:244] (0x16f6eb21c210) Data frame received for 79
I0816 00:50:22.710553   16344 log.go:244] (0x16f6eae180a0) (79) Data frame handling
I0816 00:50:23.047586   16344 log.go:244] (0x16f6eae180a0) (79) Data frame sent
I0816 00:50:23.440124   16344 log.go:244] (0x16f6eb21c210) Data frame received for 79
I0816 00:50:23.743195   16344 log.go:244] (0x16f6eb21c210) (0x16f6eae18140) Create stream
I0816 00:50:23.924531   16344 log.go:244] (0x16f6eae180a0) (79) Data frame handling
I0816 00:50:24.278446   16344 log.go:244] (0x16f6eb21c210) (0x16f6eae18140) Stream added, broadcasting: 85
I0816 00:50:24.534959   16344 log.go:244] (0x16f6eae180a0) (79) Data frame sent
I0816 00:50:24.702915   16344 log.go:244] (0x16f6eb21c210) Data frame received for 79
I0816 00:50:25.108782   16344 log.go:244] (0x16f6eb21c210) (0x16f6eae181e0) Create stream
I0816 00:50:25.288628   16344 log.go:244] (0x16f6eb21c210) Reply frame received for 85
I0816 00:50:25.572890   16344 log.go:244] (0x16f6eae180a0) (79) Data frame handling
I0816 00:50:25.716453   16344 log.go:244] (0x16f6eb21c210) (0x16f6eae181e0) Stream added, broadcasting: 87
I0816 00:50:25.813449   16344 log.go:244] (0x16f6eae180a0) (79) Data frame sent
I0816 00:50:25.927448   16344 log.go:244] (0x16f6eb21c210) Data frame received for 79
I0816 00:50:26.034459   16344 log.go:244] (0x16f6eae18140) (85) Writing data frame
I0816 00:50:26.137092   16344 log.go:244] (0x16f6eb21c210) Reply frame received for 87
I0816 00:50:26.280373   16344 log.go:244] (0x16f6eae180a0) (79) Data frame handling
I0816 00:50:26.288690   16344 log.go:244] (0x16f6eb21c210) (0x16f6eae9c000) Create stream
I0816 00:50:26.393734   16344 log.go:244] (0x16f6eae181e0) (87) Writing data frame
I0816 00:50:26.534948   16344 log.go:244] (0x16f6eae180a0) (79) Data frame sent
I0816 00:50:26.635853   16344 log.go:244] (0x16f6eb21c210) (0x16f6eae9c000) Stream added, broadcasting: 89
I0816 00:50:26.713254   16344 log.go:244] (0x16f6eb21c210) (0x16f6eae9c0a0) Create stream
I0816 00:50:26.778730   16344 log.go:244] (0x16f6eb21c210) Reply frame received for 89
I0816 00:50:26.791908   16344 log.go:244] (0x16f6eb21c210) (0x16f6eae9c0a0) Stream added, broadcasting: 91
I0816 00:50:26.846639   16344 log.go:244] (0x16f6eae9c000) (89) Writing data frame
I0816 00:50:26.849332   16344 log.go:244] (0x16f6eb21c210) Reply frame received for 91
I0816 00:50:26.875164   16344 log.go:244] (0x16f6eae9c0a0) (91) Writing data frame
I0816 00:50:26.961141   16344 log.go:244] (0x16f6eb21c210) Data frame received for 89
I0816 00:50:26.974768   16344 log.go:244] (0x16f6eae9c0a0) (91) Writing data frame
I0816 00:50:27.041740   16344 log.go:244] (0x16f6eb21c210) Data frame received for 91
I0816 00:50:27.064065   16344 log.go:244] (0x16f6eae9c0a0) (91) Data frame handling
I0816 00:50:27.146029   16344 log.go:244] (0x16f6eae9c000) (89) Data frame handling
I0816 00:50:27.168443   16344 log.go:244] (0x16f6eb21c210) Data frame received for 87
I0816 00:50:27.282990   16344 log.go:244] (0x16f6eae9c0a0) (91) Data frame sent
I0816 00:50:27.284050   16344 log.go:244] (0x16f6eae9c000) (89) Data frame sent
I0816 00:50:27.405094   16344 log.go:244] (0x16f6eae181e0) (87) Data frame handling
I0816 00:50:27.421259   16344 log.go:244] (0x16f6eb21c210) Data frame received for 91
I0816 00:50:27.552958   16344 log.go:244] (0x16f6eb21c210) Data frame received for 89
I0816 00:50:27.587157   16344 log.go:244] (0x16f6eb21c210) (0x16f6eae181e0) Stream removed, broadcasting: 87
I0816 00:50:27.587662   16344 log.go:244] (0x16f6eae9c000) (89) Data frame handling
I0816 00:50:27.587662   16344 log.go:244] (0x16f6eae9c000) (89) Data frame sent
I0816 00:50:27.588236   16344 log.go:244] (0x16f6eb21c210) Data frame received for 89
I0816 00:50:27.588743   16344 log.go:244] (0x16f6eae9c000) (89) Data frame handling
I0816 00:50:27.588743   16344 log.go:244] (0x16f6eae9c0a0) (91) Data frame handling
I0816 00:50:27.589268   16344 log.go:244] (0x16f6eae9c000) (89) Data frame sent
I0816 00:50:27.589796   16344 log.go:244] (0x16f6eb21c210) Data frame received for 89
I0816 00:50:27.612956   16344 log.go:244] (0x16f6eb21c210) (0x16f6eae9c0a0) Stream removed, broadcasting: 91
I0816 00:50:27.613943   16344 log.go:244] (0x16f6eae9c000) (89) Data frame handling
I0816 00:50:27.614452   16344 log.go:244] (0x16f6eae9c000) (89) Data frame sent
I0816 00:50:27.614452   16344 log.go:244] (0x16f6eb21c210) Data frame received for 89
I0816 00:50:27.614988   16344 log.go:244] (0x16f6eb21c210) (0x16f6eae9c0a0) Stream removed, broadcasting: 91
I0816 00:50:27.614988   16344 log.go:244] (0x16f6eae9c000) (89) Data frame handling
I0816 00:50:27.625024   16344 log.go:244] (0x16f6eae9c000) (89) Data frame sent
I0816 00:50:27.625024   16344 log.go:244] (0x16f6eb21c210) Data frame received for 89
I0816 00:50:27.625565   16344 log.go:244] (0x16f6eae9c000) (89) Data frame handling
I0816 00:50:27.625565   16344 log.go:244] (0x16f6eae9c000) (89) Data frame sent
I0816 00:50:27.626101   16344 log.go:244] (0x16f6eb21c210) Data frame received for 89
I0816 00:50:27.626101   16344 log.go:244] (0x16f6eae9c000) (89) Data frame handling
I0816 00:50:27.626627   16344 log.go:244] (0x16f6eae9c000) (89) Data frame sent
I0816 00:50:27.627171   16344 log.go:244] (0x16f6eb21c210) Data frame received for 89
I0816 00:50:27.627171   16344 log.go:244] (0x16f6eae9c000) (89) Data frame handling
I0816 00:50:27.627709   16344 log.go:244] (0x16f6eae9c000) (89) Data frame sent
I0816 00:50:27.627709   16344 log.go:244] (0x16f6eb21c210) Data frame received for 89
I0816 00:50:27.628240   16344 log.go:244] (0x16f6eae9c000) (89) Data frame handling
I0816 00:50:27.628240   16344 log.go:244] (0x16f6eae9c000) (89) Data frame sent
I0816 00:50:27.628763   16344 log.go:244] (0x16f6eb21c210) Data frame received for 89
I0816 00:50:27.628763   16344 log.go:244] (0x16f6eae9c000) (89) Data frame handling
I0816 00:50:27.629292   16344 log.go:244] (0x16f6eae9c000) (89) Data frame sent
I0816 00:50:27.629292   16344 log.go:244] (0x16f6eb21c210) Data frame received for 89
I0816 00:50:27.629823   16344 log.go:244] (0x16f6eae9c000) (89) Data frame handling
I0816 00:50:27.629823   16344 log.go:244] (0x16f6eae9c000) (89) Data frame sent
I0816 00:50:27.630365   16344 log.go:244] (0x16f6eb21c210) Data frame received for 89
I0816 00:50:27.634570   16344 log.go:244] (0x16f6eae9c000) (89) Data frame handling
I0816 00:50:27.634570   16344 log.go:244] (0x16f6eae9c000) (89) Data frame sent
I0816 00:50:27.635107   16344 log.go:244] (0x16f6eb21c210) Data frame received for 89
I0816 00:50:27.635647   16344 log.go:244] (0x16f6eae9c000) (89) Data frame handling
I0816 00:50:27.652698   16344 log.go:244] (0x16f6eae9c000) (89) Data frame sent
I0816 00:50:27.653643   16344 log.go:244] (0x16f6eb21c210) Data frame received for 89
I0816 00:50:27.738954   16344 log.go:244] (0x16f6eae9c000) (89) Data frame handling
I0816 00:50:27.754703   16344 log.go:244] (0x16f6eae9c000) (89) Data frame sent
I0816 00:50:27.801983   16344 log.go:244] (0x16f6eb21c210) Data frame received for 89
I0816 00:50:27.830953   16344 log.go:244] (0x16f6eae9c000) (89) Data frame handling
I0816 00:50:27.848255   16344 log.go:244] (0x16f6eae9c000) (89) Data frame sent
I0816 00:50:27.848983   16344 log.go:244] (0x16f6eb21c210) Data frame received for 89
I0816 00:50:27.862783   16344 log.go:244] (0x16f6eae9c000) (89) Data frame handling
I0816 00:50:27.863269   16344 log.go:244] (0x16f6eae9c000) (89) Data frame sent
I0816 00:50:27.863776   16344 log.go:244] (0x16f6eb21c210) Data frame received for 89
I0816 00:50:27.864307   16344 log.go:244] (0x16f6eae9c000) (89) Data frame handling
I0816 00:50:27.864307   16344 log.go:244] (0x16f6eae9c000) (89) Data frame sent
I0816 00:50:27.864835   16344 log.go:244] (0x16f6eb21c210) Data frame received for 89
I0816 00:50:27.864835   16344 log.go:244] (0x16f6eae9c000) (89) Data frame handling
I0816 00:50:27.865421   16344 log.go:244] (0x16f6eae9c000) (89) Data frame sent
I0816 00:50:27.865421   16344 log.go:244] (0x16f6eb21c210) Data frame received for 89
I0816 00:50:27.866160   16344 log.go:244] (0x16f6eae9c000) (89) Data frame handling
I0816 00:50:27.866685   16344 log.go:244] (0x16f6eae9c000) (89) Data frame sent
I0816 00:50:27.866685   16344 log.go:244] (0x16f6eb21c210) Data frame received for 89
I0816 00:50:27.867274   16344 log.go:244] (0x16f6eae9c000) (89) Data frame handling
I0816 00:50:27.867274   16344 log.go:244] (0x16f6eae9c000) (89) Data frame sent
I0816 00:50:27.868324   16344 log.go:244] (0x16f6eb21c210) Data frame received for 89
I0816 00:50:27.934885   16344 log.go:244] (0x16f6eae9c000) (89) Data frame handling
I0816 00:50:27.943944   16344 log.go:244] (0x16f6eae9c000) (89) Data frame sent
I0816 00:50:28.017500   16344 log.go:244] (0x16f6eb21c210) Data frame received for 89
I0816 00:50:28.031058   16344 log.go:244] (0x16f6eae9c000) (89) Data frame handling
I0816 00:50:28.031058   16344 log.go:244] (0x16f6eae9c000) (89) Data frame sent
I0816 00:50:33.140766   16344 log.go:244] (0x16f6eae9c000) (89) Writing data frame
I0816 00:50:33.251628   16344 log.go:244] (0x16f6eb21c210) Data frame received for 89
I0816 00:50:33.320530   16344 log.go:244] (0x16f6eae9c000) (89) Data frame handling
I0816 00:50:33.353047   16344 log.go:244] (0x16f6eae9c000) (89) Data frame sent
I0816 00:50:43.365014   16344 log.go:244] (0x16f6eae9c000) (89) Writing data frame
I0816 00:50:43.657458   16344 log.go:244] (0x16f6eb21c210) Data frame received for 89
I0816 00:50:43.835302   16344 log.go:244] (0x16f6eae9c000) (89) Data frame handling
I0816 00:50:44.104310   16344 log.go:244] (0x16f6eae9c000) (89) Data frame sent
I0816 00:50:53.864513   16344 log.go:244] (0x16f6eae9c000) (89) Writing data frame
I0816 00:50:53.895077   16344 log.go:244] (0x16f6eb21c210) Data frame received for 89
I0816 00:50:53.932593   16344 log.go:244] (0x16f6eae9c000) (89) Data frame handling
I0816 00:50:54.047236   16344 log.go:244] (0x16f6eae9c000) (89) Data frame sent
I0816 00:51:04.441789   16344 log.go:244] (0x16f6eae9c000) (89) Writing data frame
I0816 00:51:04.448434   16344 log.go:244] (0x16f6eb21c210) Data frame received for 89
I0816 00:51:04.448434   16344 log.go:244] (0x16f6eae9c000) (89) Data frame handling
I0816 00:51:04.448940   16344 log.go:244] (0x16f6eae9c000) (89) Data frame sent
I0816 00:51:14.491522   16344 log.go:244] (0x16f6eae9c000) (89) Writing data frame
I0816 00:51:14.535904   16344 log.go:244] (0x16f6eb21c210) Data frame received for 89
I0816 00:51:14.550106   16344 log.go:244] (0x16f6eae9c000) (89) Data frame handling
I0816 00:51:14.551309   16344 log.go:244] (0x16f6eae9c000) (89) Data frame sent
I0816 00:51:15.963804   16344 log.go:244] (0x16f6eae9c000) (89) Writing data frame
I0816 00:51:16.026961   16344 log.go:244] (0x16f6eb21c210) Data frame received for 89
I0816 00:51:16.038028   16344 log.go:244] (0x16f6eae9c000) (89) Data frame handling
I0816 00:51:16.168938   16344 log.go:244] (0x16f6eae9c000) (89) Data frame sent
I0816 00:51:24.536769   16344 log.go:244] (0x16f6eae9c000) (89) Writing data frame
I0816 00:51:24.545229   16344 log.go:244] (0x16f6eb21c210) Data frame received for 89
I0816 00:51:24.588254   16344 log.go:244] (0x16f6eae9c000) (89) Data frame handling
I0816 00:51:24.687418   16344 log.go:244] (0x16f6eae9c000) (89) Data frame sent
I0816 00:51:28.144836   16344 log.go:244] (0x16f6eb21c210) Data frame received for 79
I0816 00:51:28.319220   16344 log.go:244] (0x16f6eb21c210) Data frame received for 77
I0816 00:51:28.424413   16344 log.go:244] (0x16f6eae180a0) (79) Data frame handling
I0816 00:51:28.512696   16344 log.go:244] (0x16f6eae18000) (77) Data frame handling
I0816 00:51:28.608979   16344 log.go:244] (0x16f6eb21c210) (0x16f6eae180a0) Stream removed, broadcasting: 79
I0816 00:51:28.712566   16344 log.go:244] (0x16f6eb21c210) (0x16f6eae18000) Stream removed, broadcasting: 77
I0816 00:51:28.722969   16344 log.go:244] (0x16f6eb21c210) (0x16f6eae180a0) Stream removed, broadcasting: 79
I0816 00:51:35.085219   16344 log.go:244] (0x16f6eae9c000) (89) Writing data frame
I0816 00:51:35.145439   16344 log.go:244] (0x16f6eb21c210) Data frame received for 89
I0816 00:51:35.281378   16344 log.go:244] (0x16f6eae9c000) (89) Data frame handling
I0816 00:51:35.283523   16344 log.go:244] (0x16f6eae9c000) (89) Data frame sent
I0816 00:51:45.647429   16344 log.go:244] (0x16f6eae9c000) (89) Writing data frame
I0816 00:51:45.653845   16344 log.go:244] (0x16f6eb21c210) Data frame received for 89
I0816 00:51:45.658160   16344 log.go:244] (0x16f6eae9c000) (89) Data frame handling
I0816 00:51:45.658678   16344 log.go:244] (0x16f6eae9c000) (89) Data frame sent
I0816 00:51:56.236002   16344 log.go:244] (0x16f6eae9c000) (89) Writing data frame
I0816 00:51:56.264028   16344 log.go:244] (0x16f6eb21c210) Data frame received for 89
I0816 00:51:56.361861   16344 log.go:244] (0x16f6eae9c000) (89) Data frame handling
I0816 00:51:56.461141   16344 log.go:244] (0x16f6eae9c000) (89) Data frame sent
I0816 00:52:06.790582   16344 log.go:244] (0x16f6eae9c000) (89) Writing data frame
I0816 00:52:06.822573   16344 log.go:244] (0x16f6eb21c210) Data frame received for 89
I0816 00:52:06.920754   16344 log.go:244] (0x16f6eae9c000) (89) Data frame handling
I0816 00:52:06.938321   16344 log.go:244] (0x16f6eae9c000) (89) Data frame sent
I0816 00:52:17.366699   16344 log.go:244] (0x16f6eae9c000) (89) Writing data frame
I0816 00:52:17.497645   16344 log.go:244] (0x16f6eb21c210) Data frame received for 89
I0816 00:52:17.573808   16344 log.go:244] (0x16f6eae9c000) (89) Data frame handling
I0816 00:52:17.664937   16344 log.go:244] (0x16f6eae9c000) (89) Data frame sent
I0816 00:52:27.932467   16344 log.go:244] (0x16f6eae9c000) (89) Writing data frame
I0816 00:52:28.038818   16344 log.go:244] (0x16f6eb21c210) Data frame received for 89
I0816 00:52:28.107828   16344 log.go:244] (0x16f6eae9c000) (89) Data frame handling
I0816 00:52:28.192639   16344 log.go:244] (0x16f6eae9c000) (89) Data frame sent
I0816 00:52:38.494576   16344 log.go:244] (0x16f6eae9c000) (89) Writing data frame
I0816 00:52:38.656685   16344 log.go:244] (0x16f6eb21c210) Data frame received for 89
I0816 00:52:38.920099   16344 log.go:244] (0x16f6eae9c000) (89) Data frame handling
I0816 00:52:39.169435   16344 log.go:244] (0x16f6eae9c000) (89) Data frame sent
I0816 00:52:49.006284   16344 log.go:244] (0x16f6eae9c000) (89) Writing data frame
I0816 00:52:49.049115   16344 log.go:244] (0x16f6eb21c210) Data frame received for 89
I0816 00:52:49.180260   16344 log.go:244] (0x16f6eae9c000) (89) Data frame handling
I0816 00:52:49.384576   16344 log.go:244] (0x16f6eae9c000) (89) Data frame sent
I0816 00:52:59.540498   16344 log.go:244] (0x16f6eae9c000) (89) Writing data frame
I0816 00:52:59.586181   16344 log.go:244] (0x16f6eb21c210) Data frame received for 89
I0816 00:52:59.658519   16344 log.go:244] (0x16f6eae9c000) (89) Data frame handling
I0816 00:52:59.698742   16344 log.go:244] (0x16f6eae9c000) (89) Data frame sent
I0816 00:53:09.556288   16344 log.go:244] (0x16f6eae9c000) (89) Writing data frame
I0816 00:53:09.678203   16344 log.go:244] (0x16f6eb21c210) Data frame received for 89
I0816 00:53:09.916252   16344 log.go:244] (0x16f6eae9c000) (89) Data frame handling
I0816 00:53:10.149860   16344 log.go:244] (0x16f6eae9c000) (89) Data frame sent
I0816 00:53:20.065987   16344 log.go:244] (0x16f6eae9c000) (89) Writing data frame
I0816 00:53:20.102171   16344 log.go:244] (0x16f6eb21c210) Data frame received for 89
I0816 00:53:20.273747   16344 log.go:244] (0x16f6eae9c000) (89) Data frame handling
I0816 00:53:20.653644   16344 log.go:244] (0x16f6eae9c000) (89) Data frame sent
I0816 00:53:30.573231   16344 log.go:244] (0x16f6eae9c000) (89) Writing data frame
I0816 00:53:30.651277   16344 log.go:244] (0x16f6eb21c210) Data frame received for 89
I0816 00:53:30.823959   16344 log.go:244] (0x16f6eae9c000) (89) Data frame handling
I0816 00:53:30.959554   16344 log.go:244] (0x16f6eae9c000) (89) Data frame sent
I0816 00:53:41.117195   16344 log.go:244] (0x16f6eae9c000) (89) Writing data frame
I0816 00:53:41.138360   16344 log.go:244] (0x16f6eb21c210) Data frame received for 89
I0816 00:53:41.176305   16344 log.go:244] (0x16f6eae9c000) (89) Data frame handling
I0816 00:53:41.226191   16344 log.go:244] (0x16f6eae9c000) (89) Data frame sent
I0816 00:53:51.705051   16344 log.go:244] (0x16f6eae9c000) (89) Writing data frame
I0816 00:53:51.893388   16344 log.go:244] (0x16f6eb21c210) Data frame received for 89
I0816 00:53:51.955720   16344 log.go:244] (0x16f6eae9c000) (89) Data frame handling
I0816 00:53:52.108966   16344 log.go:244] (0x16f6eae9c000) (89) Data frame sent
I0816 00:54:02.242201   16344 log.go:244] (0x16f6eae9c000) (89) Writing data frame
I0816 00:54:02.301348   16344 log.go:244] (0x16f6eb21c210) Data frame received for 89
I0816 00:54:02.392580   16344 log.go:244] (0x16f6eae9c000) (89) Data frame handling
I0816 00:54:02.407535   16344 log.go:244] (0x16f6eae9c000) (89) Data frame sent
I0816 00:54:23.084943   16344 log.go:244] (0x16f6eae9c000) (89) Writing data frame
I0816 00:54:23.286571   16344 log.go:244] (0x16f6eb21c210) Data frame received for 89
I0816 00:54:23.513196   16344 log.go:244] (0x16f6eae9c000) (89) Data frame handling
I0816 00:54:23.666432   16344 log.go:244] (0x16f6eae9c000) (89) Data frame sent
I0816 00:54:33.596496   16344 log.go:244] (0x16f6eae9c000) (89) Writing data frame
I0816 00:54:33.868645   16344 log.go:244] (0x16f6eb21c210) Data frame received for 89
I0816 00:54:34.034561   16344 log.go:244] (0x16f6eae9c000) (89) Data frame handling
I0816 00:54:34.287373   16344 log.go:244] (0x16f6eae9c000) (89) Data frame sent
I0816 00:54:44.119572   16344 log.go:244] (0x16f6eae9c000) (89) Writing data frame
I0816 00:54:44.346416   16344 log.go:244] (0x16f6eb21c210) Data frame received for 89
I0816 00:54:44.536296   16344 log.go:244] (0x16f6eae9c000) (89) Data frame handling
I0816 00:54:44.671478   16344 log.go:244] (0x16f6eae9c000) (89) Data frame sent
I0816 00:54:54.638360   16344 log.go:244] (0x16f6eae9c000) (89) Writing data frame
I0816 00:54:54.798967   16344 log.go:244] (0x16f6eb21c210) Data frame received for 89
I0816 00:54:54.955366   16344 log.go:244] (0x16f6eae9c000) (89) Data frame handling
I0816 00:54:55.253886   16344 log.go:244] (0x16f6eae9c000) (89) Data frame sent
I0816 00:55:05.137995   16344 log.go:244] (0x16f6eae9c000) (89) Writing data frame
I0816 00:55:05.477422   16344 log.go:244] (0x16f6eb21c210) Data frame received for 89
I0816 00:55:05.784669   16344 log.go:244] (0x16f6eae9c000) (89) Data frame handling
I0816 00:55:06.069077   16344 log.go:244] (0x16f6eae9c000) (89) Data frame sent
I0816 00:55:15.620320   16344 log.go:244] (0x16f6eae9c000) (89) Writing data frame
I0816 00:55:15.759192   16344 log.go:244] (0x16f6eb21c210) Data frame received for 89
I0816 00:55:15.869388   16344 log.go:244] (0x16f6eae9c000) (89) Data frame handling
I0816 00:55:15.892464   16344 log.go:244] (0x16f6eae9c000) (89) Data frame sent
I0816 00:55:26.193358   16344 log.go:244] (0x16f6eae9c000) (89) Writing data frame
I0816 00:55:26.709012   16344 log.go:244] (0x16f6eb21c210) Data frame received for 89
I0816 00:55:26.995646   16344 log.go:244] (0x16f6eae9c000) (89) Data frame handling
I0816 00:55:27.286547   16344 log.go:244] (0x16f6eae9c000) (89) Data frame sent
I0816 00:55:36.666843   16344 log.go:244] (0x16f6eae9c000) (89) Writing data frame
I0816 00:55:37.003976   16344 log.go:244] (0x16f6eb21c210) Data frame received for 89
I0816 00:55:37.391358   16344 log.go:244] (0x16f6eae9c000) (89) Data frame handling
I0816 00:55:37.750372   16344 log.go:244] (0x16f6eae9c000) (89) Data frame sent
I0816 00:55:41.847833   16344 log.go:244] (0x16f6eae9c000) (89) Writing data frame
I0816 00:55:42.106419   16344 log.go:244] (0x16f6eb21c210) Data frame received for 89
I0816 00:55:42.494506   16344 log.go:244] (0x16f6eae9c000) (89) Data frame handling
I0816 00:55:42.631131   16344 log.go:244] (0x16f6eae9c000) (89) Data frame sent
I0816 00:55:46.668550   16344 log.go:244] (0x16f6eae9c000) (89) Writing data frame
I0816 00:55:46.915881   16344 log.go:244] (0x16f6eb21c210) Data frame received for 89
I0816 00:55:47.100826   16344 log.go:244] (0x16f6eae9c000) (89) Data frame handling
I0816 00:55:47.182117   16344 log.go:244] (0x16f6eae9c000) (89) Data frame sent
I0816 00:55:57.230123   16344 log.go:244] (0x16f6eae9c000) (89) Writing data frame
I0816 00:55:57.751036   16344 log.go:244] (0x16f6eb21c210) Data frame received for 89
I0816 00:55:58.054758   16344 log.go:244] (0x16f6eae9c000) (89) Data frame handling
I0816 00:55:58.151633   16344 log.go:244] (0x16f6eae9c000) (89) Data frame sent
I0816 00:56:07.733817   16344 log.go:244] (0x16f6eae9c000) (89) Writing data frame
I0816 00:56:08.100988   16344 log.go:244] (0x16f6eb21c210) Data frame received for 89
I0816 00:56:08.795575   16344 log.go:244] (0x16f6eae9c000) (89) Data frame handling
I0816 00:56:09.101106   16344 log.go:244] (0x16f6eae9c000) (89) Data frame sent
I0816 00:56:18.159571   16344 log.go:244] (0x16f6eae9c000) (89) Writing data frame
I0816 00:56:18.508711   16344 log.go:244] (0x16f6eb21c210) Data frame received for 89
I0816 00:56:18.761763   16344 log.go:244] (0x16f6eae9c000) (89) Data frame handling
I0816 00:56:18.958144   16344 log.go:244] (0x16f6eae9c000) (89) Data frame sent
I0816 00:56:28.660088   16344 log.go:244] (0x16f6eae9c000) (89) Writing data frame
I0816 00:56:28.985111   16344 log.go:244] (0x16f6eb21c210) Data frame received for 89
I0816 00:56:29.207511   16344 log.go:244] (0x16f6eae9c000) (89) Data frame handling
I0816 00:56:29.759005   16344 log.go:244] (0x16f6eae9c000) (89) Data frame sent
I0816 00:56:39.133695   16344 log.go:244] (0x16f6eae9c000) (89) Writing data frame
I0816 00:56:39.359203   16344 log.go:244] (0x16f6eb21c210) Data frame received for 89
I0816 00:56:39.635172   16344 log.go:244] (0x16f6eae9c000) (89) Data frame handling
I0816 00:56:39.989562   16344 log.go:244] (0x16f6eae9c000) (89) Data frame sent
I0816 00:56:49.622541   16344 log.go:244] (0x16f6eae9c000) (89) Writing data frame
I0816 00:56:50.022723   16344 log.go:244] (0x16f6eb21c210) Data frame received for 89
I0816 00:56:50.333878   16344 log.go:244] (0x16f6eae9c000) (89) Data frame handling
I0816 00:56:50.589715   16344 log.go:244] (0x16f6eae9c000) (89) Data frame sent
I0816 00:57:00.084362   16344 log.go:244] (0x16f6eae9c000) (89) Writing data frame
I0816 00:57:00.481337   16344 log.go:244] (0x16f6eb21c210) Data frame received for 89
I0816 00:57:00.857688   16344 log.go:244] (0x16f6eae9c000) (89) Data frame handling
I0816 00:57:01.100186   16344 log.go:244] (0x16f6eae9c000) (89) Data frame sent
I0816 00:57:10.539277   16344 log.go:244] (0x16f6eae9c000) (89) Writing data frame
I0816 00:57:10.771461   16344 log.go:244] (0x16f6eb21c210) Data frame received for 89
I0816 00:57:10.940951   16344 log.go:244] (0x16f6eae9c000) (89) Data frame handling
I0816 00:57:11.110678   16344 log.go:244] (0x16f6eae9c000) (89) Data frame sent
I0816 00:57:21.062420   16344 log.go:244] (0x16f6eae9c000) (89) Writing data frame
I0816 00:57:21.339424   16344 log.go:244] (0x16f6eb21c210) Data frame received for 89
I0816 00:57:21.979007   16344 log.go:244] (0x16f6eae9c000) (89) Data frame handling
I0816 00:57:22.279114   16344 log.go:244] (0x16f6eae9c000) (89) Data frame sent
I0816 00:57:31.491295   16344 log.go:244] (0x16f6eae9c000) (89) Writing data frame
I0816 00:57:31.773805   16344 log.go:244] (0x16f6eb21c210) Data frame received for 89
I0816 00:57:32.232863   16344 log.go:244] (0x16f6eae9c000) (89) Data frame handling
I0816 00:57:32.494174   16344 log.go:244] (0x16f6eae9c000) (89) Data frame sent
I0816 00:57:41.946647   16344 log.go:244] (0x16f6eae9c000) (89) Writing data frame
I0816 00:57:42.548184   16344 log.go:244] (0x16f6eb21c210) Data frame received for 89
I0816 00:57:42.807329   16344 log.go:244] (0x16f6eae9c000) (89) Data frame handling
I0816 00:57:43.178145   16344 log.go:244] (0x16f6eae9c000) (89) Data frame sent
I0816 00:57:52.381379   16344 log.go:244] (0x16f6eae9c000) (89) Writing data frame
I0816 00:57:52.666173   16344 log.go:244] (0x16f6eb21c210) Data frame received for 89
I0816 00:57:52.926778   16344 log.go:244] (0x16f6eae9c000) (89) Data frame handling
I0816 00:57:53.084956   16344 log.go:244] (0x16f6eae9c000) (89) Data frame sent
I0816 00:58:02.901787   16344 log.go:244] (0x16f6eae9c000) (89) Writing data frame
I0816 00:58:03.099140   16344 log.go:244] (0x16f6eb21c210) Data frame received for 89
I0816 00:58:03.367328   16344 log.go:244] (0x16f6eae9c000) (89) Data frame handling
I0816 00:58:03.377864   16344 log.go:244] (0x16f6eae9c000) (89) Data frame sent
I0816 00:58:13.425914   16344 log.go:244] (0x16f6eae9c000) (89) Writing data frame
I0816 00:58:13.743476   16344 log.go:244] (0x16f6eb21c210) Data frame received for 89
I0816 00:58:13.937879   16344 log.go:244] (0x16f6eae9c000) (89) Data frame handling
I0816 00:58:14.645898   16344 log.go:244] (0x16f6eae9c000) (89) Data frame sent
I0816 00:58:23.864637   16344 log.go:244] (0x16f6eae9c000) (89) Writing data frame
I0816 00:58:24.298872   16344 log.go:244] (0x16f6eb21c210) Data frame received for 89
I0816 00:58:24.547877   16344 log.go:244] (0x16f6eae9c000) (89) Data frame handling
I0816 00:58:24.722130   16344 log.go:244] (0x16f6eae9c000) (89) Data frame sent
I0816 00:58:34.350548   16344 log.go:244] (0x16f6eae9c000) (89) Writing data frame
I0816 00:58:34.417227   16344 log.go:244] (0x16f6eb21c210) Data frame received for 89
I0816 00:58:34.566668   16344 log.go:244] (0x16f6eae9c000) (89) Data frame handling
I0816 00:58:34.598604   16344 log.go:244] (0x16f6eae9c000) (89) Data frame sent
I0816 00:58:44.910851   16344 log.go:244] (0x16f6eae9c000) (89) Writing data frame
I0816 00:58:45.035467   16344 log.go:244] (0x16f6eb21c210) Data frame received for 89
I0816 00:58:45.056841   16344 log.go:244] (0x16f6eae9c000) (89) Data frame handling
I0816 00:58:45.188999   16344 log.go:244] (0x16f6eae9c000) (89) Data frame sent
I0816 00:58:55.477682   16344 log.go:244] (0x16f6eae9c000) (89) Writing data frame
I0816 00:58:55.996041   16344 log.go:244] (0x16f6eb21c210) Data frame received for 89
I0816 00:58:56.174041   16344 log.go:244] (0x16f6eae9c000) (89) Data frame handling
I0816 00:58:56.485119   16344 log.go:244] (0x16f6eae9c000) (89) Data frame sent
I0816 00:59:05.938631   16344 log.go:244] (0x16f6eae9c000) (89) Writing data frame
I0816 00:59:06.328578   16344 log.go:244] (0x16f6eb21c210) Data frame received for 89
I0816 00:59:06.507079   16344 log.go:244] (0x16f6eae9c000) (89) Data frame handling
I0816 00:59:06.661517   16344 log.go:244] (0x16f6eae9c000) (89) Data frame sent
I0816 00:59:16.456598   16344 log.go:244] (0x16f6eae9c000) (89) Writing data frame
I0816 00:59:16.655289   16344 log.go:244] (0x16f6eb21c210) Data frame received for 89
I0816 00:59:16.865551   16344 log.go:244] (0x16f6eae9c000) (89) Data frame handling
I0816 00:59:17.171049   16344 log.go:244] (0x16f6eae9c000) (89) Data frame sent
I0816 00:59:26.966235   16344 log.go:244] (0x16f6eae9c000) (89) Writing data frame
I0816 00:59:27.003733   16344 log.go:244] (0x16f6eb21c210) Data frame received for 89
I0816 00:59:27.171982   16344 log.go:244] (0x16f6eae9c000) (89) Data frame handling
I0816 00:59:27.316875   16344 log.go:244] (0x16f6eae9c000) (89) Data frame sent
I0816 00:59:37.500780   16344 log.go:244] (0x16f6eae9c000) (89) Writing data frame
I0816 00:59:37.690874   16344 log.go:244] (0x16f6eb21c210) Data frame received for 89
I0816 00:59:37.840192   16344 log.go:244] (0x16f6eae9c000) (89) Data frame handling
I0816 00:59:37.923872   16344 log.go:244] (0x16f6eae9c000) (89) Data frame sent
I0816 00:59:48.047246   16344 log.go:244] (0x16f6eae9c000) (89) Writing data frame
I0816 00:59:48.074218   16344 log.go:244] (0x16f6eb21c210) Data frame received for 89
I0816 00:59:48.084949   16344 log.go:244] (0x16f6eae9c000) (89) Data frame handling
I0816 00:59:48.085504   16344 log.go:244] (0x16f6eae9c000) (89) Data frame sent
I0816 00:59:58.623099   16344 log.go:244] (0x16f6eae9c000) (89) Writing data frame
I0816 00:59:58.964842   16344 log.go:244] (0x16f6eb21c210) Data frame received for 89
I0816 00:59:59.131312   16344 log.go:244] (0x16f6eae9c000) (89) Data frame handling
I0816 00:59:59.133419   16344 log.go:244] (0x16f6eae9c000) (89) Data frame sent
I0816 01:00:09.170872   16344 log.go:244] (0x16f6eae9c000) (89) Writing data frame
I0816 01:00:09.441556   16344 log.go:244] (0x16f6eb21c210) Data frame received for 89
I0816 01:00:09.869920   16344 log.go:244] (0x16f6eae9c000) (89) Data frame handling
I0816 01:00:09.918450   16344 log.go:244] (0x16f6eae9c000) (89) Data frame sent
I0816 01:00:19.681393   16344 log.go:244] (0x16f6eae9c000) (89) Writing data frame
I0816 01:00:19.760327   16344 log.go:244] (0x16f6eb21c210) Data frame received for 89
I0816 01:00:19.981648   16344 log.go:244] (0x16f6eae9c000) (89) Data frame handling
I0816 01:00:20.153033   16344 log.go:244] (0x16f6eae9c000) (89) Data frame sent
I0816 01:00:24.416888   16344 log.go:244] (0x16f6eae9c000) (89) Writing data frame
I0816 01:00:24.546124   16344 log.go:244] (0x16f6eb21c210) Data frame received for 89
I0816 01:00:24.700260   16344 log.go:244] (0x16f6eae9c000) (89) Data frame handling
I0816 01:00:24.772553   16344 log.go:244] (0x16f6eae9c000) (89) Data frame sent
I0816 01:00:30.824088   16344 log.go:244] (0x16f6eae9c000) (89) Writing data frame
I0816 01:00:30.925383   16344 log.go:244] (0x16f6eb21c210) Data frame received for 89
I0816 01:00:31.025311   16344 log.go:244] (0x16f6eae9c000) (89) Data frame handling
I0816 01:00:31.103209   16344 log.go:244] (0x16f6eae9c000) (89) Data frame sent
I0816 01:00:40.876481   16344 log.go:244] (0x16f6eae9c000) (89) Writing data frame
I0816 01:00:41.286551   16344 log.go:244] (0x16f6eb21c210) Data frame received for 89
I0816 01:00:41.668830   16344 log.go:244] (0x16f6eae9c000) (89) Data frame handling
I0816 01:00:41.890197   16344 log.go:244] (0x16f6eae9c000) (89) Data frame sent
I0816 01:00:51.089925   16344 log.go:244] (0x16f6eae9c000) (89) Writing data frame
I0816 01:00:51.254027   16344 log.go:244] (0x16f6eb21c210) Data frame received for 89
I0816 01:00:51.489990   16344 log.go:244] (0x16f6eae9c000) (89) Data frame handling
I0816 01:00:51.602818   16344 log.go:244] (0x16f6eae9c000) (89) Data frame sent
I0816 01:01:01.680701   16344 log.go:244] (0x16f6eae9c000) (89) Writing data frame
I0816 01:01:01.971289   16344 log.go:244] (0x16f6eb21c210) Data frame received for 89
I0816 01:01:02.325780   16344 log.go:244] (0x16f6eae9c000) (89) Data frame handling
I0816 01:01:02.618459   16344 log.go:244] (0x16f6eae9c000) (89) Data frame sent
I0816 01:01:12.061972   16344 log.go:244] (0x16f6eae9c000) (89) Writing data frame
I0816 01:01:14.563189   16344 log.go:244] (0x16f6eae9c000) (89) Writing data frame
I0816 01:01:22.469857   16344 log.go:244] (0x16f6eb21c210) (0x16f6eae9c0a0) Create stream
I0816 01:01:22.754399   16344 log.go:244] (0x16f6eb21c210) (0x16f6eae9c0a0) Stream added, broadcasting: 93
I0816 01:01:23.517793   16344 log.go:244] (0x16f6eb21c210) Data frame received for 89
I0816 01:01:23.721223   16344 log.go:244] (0x16f6eb21c210) Data frame received for 85
I0816 01:01:23.910031   16344 log.go:244] (0x16f6eae18140) (85) Data frame handling
I0816 01:01:24.054919   16344 log.go:244] (0x16f6eb21c210) Reply frame received for 93
I0816 01:01:24.220636   16344 log.go:244] (0x16f6eae9c000) (89) Data frame handling
I0816 01:01:24.249876   16344 log.go:244] (0x16f6eb21c210) (0x16f6eae18140) Stream removed, broadcasting: 85
I0816 01:01:24.252848   16344 log.go:244] (0x16f6eae9c000) (89) Data frame sent
I0816 01:01:24.280950   16344 log.go:244] (0x16f6eb21c210) Data frame received for 89
I0816 01:01:24.281456   16344 log.go:244] (0x16f6eae9c0a0) (93) Writing data frame
I0816 01:01:24.281988   16344 log.go:244] (0x16f6eae9c000) (89) Data frame handling
I0816 01:01:24.282512   16344 log.go:244] (0x16f6eb21c210) (0x16f6eae9c000) Stream removed, broadcasting: 89
I0816 01:01:24.282512   16344 log.go:244] (0x16f6eb21c210) (0x16f6eae9c000) Stream removed, broadcasting: 89
I0816 01:01:24.283054   16344 log.go:244] (0x16f6eb21c210) (0x16f6eae18000) Create stream
I0816 01:01:24.283599   16344 log.go:244] (0x16f6eb21c210) (0x16f6eae18000) Stream added, broadcasting: 95
I0816 01:01:24.285831   16344 log.go:244] (0x16f6eb21c210) Reply frame received for 95
I0816 01:01:24.299935   16344 log.go:244] (0x16f6eae18000) (95) Writing data frame
I0816 01:01:24.328379   16344 log.go:244] (0x16f6eb21c210) Data frame received for 95
I0816 01:01:24.347430   16344 log.go:244] (0x16f6eae18000) (95) Data frame handling
I0816 01:01:24.347430   16344 log.go:244] (0x16f6eae18000) (95) Data frame sent
I0816 01:01:43.161102   16344 log.go:244] (0x16f6eae18000) (95) Writing data frame
I0816 01:01:43.254577   16344 log.go:244] (0x16f6eb21c210) Data frame received for 95
I0816 01:01:43.513567   16344 log.go:244] (0x16f6eae18000) (95) Data frame handling
I0816 01:01:43.596947   16344 log.go:244] (0x16f6eae18000) (95) Data frame sent
I0816 01:01:53.725619   16344 log.go:244] (0x16f6eae18000) (95) Writing data frame
I0816 01:01:54.251306   16344 log.go:244] (0x16f6eb21c210) Data frame received for 95
I0816 01:01:54.491957   16344 log.go:244] (0x16f6eae18000) (95) Data frame handling
I0816 01:01:54.805002   16344 log.go:244] (0x16f6eae18000) (95) Data frame sent
I0816 01:02:04.205776   16344 log.go:244] (0x16f6eae18000) (95) Writing data frame
I0816 01:02:04.344975   16344 log.go:244] (0x16f6eb21c210) Data frame received for 95
I0816 01:02:04.521154   16344 log.go:244] (0x16f6eae18000) (95) Data frame handling
I0816 01:02:04.552317   16344 log.go:244] (0x16f6eae18000) (95) Data frame sent
I0816 01:02:07.987600   16344 log.go:244] (0x16f6eae18000) (95) Writing data frame
I0816 01:02:08.115808   16344 log.go:244] (0x16f6eb21c210) Data frame received for 95
I0816 01:02:08.176742   16344 log.go:244] (0x16f6eae18000) (95) Data frame handling
I0816 01:02:08.200082   16344 log.go:244] (0x16f6eae18000) (95) Data frame sent
I0816 01:02:14.321250   16344 log.go:244] (0x16f6eae18000) (95) Writing data frame
I0816 01:02:14.421579   16344 log.go:244] (0x16f6eb21c210) Data frame received for 95
I0816 01:02:14.638501   16344 log.go:244] (0x16f6eae18000) (95) Data frame handling
I0816 01:02:14.691303   16344 log.go:244] (0x16f6eae18000) (95) Data frame sent
I0816 01:02:24.353825   16344 log.go:244] (0x16f6eae18000) (95) Writing data frame
I0816 01:02:24.451470   16344 log.go:244] (0x16f6eb21c210) Data frame received for 95
I0816 01:02:24.482461   16344 log.go:244] (0x16f6eae18000) (95) Data frame handling
I0816 01:02:24.698384   16344 log.go:244] (0x16f6eae18000) (95) Data frame sent
I0816 01:02:34.968491   16344 log.go:244] (0x16f6eae18000) (95) Writing data frame
I0816 01:02:35.044126   16344 log.go:244] (0x16f6eb21c210) Data frame received for 95
I0816 01:02:35.116321   16344 log.go:244] (0x16f6eae18000) (95) Data frame handling
I0816 01:02:35.116837   16344 log.go:244] (0x16f6eae18000) (95) Data frame sent
I0816 01:02:45.545423   16344 log.go:244] (0x16f6eae18000) (95) Writing data frame
I0816 01:02:45.565464   16344 log.go:244] (0x16f6eb21c210) Data frame received for 95
I0816 01:02:45.567570   16344 log.go:244] (0x16f6eae18000) (95) Data frame handling
I0816 01:02:45.569296   16344 log.go:244] (0x16f6eae18000) (95) Data frame sent
I0816 01:02:56.138576   16344 log.go:244] (0x16f6eae18000) (95) Writing data frame
I0816 01:02:56.145342   16344 log.go:244] (0x16f6eb21c210) Data frame received for 95
I0816 01:02:56.182687   16344 log.go:244] (0x16f6eae18000) (95) Data frame handling
I0816 01:02:56.183272   16344 log.go:244] (0x16f6eae18000) (95) Data frame sent
I0816 01:03:06.751245   16344 log.go:244] (0x16f6eae18000) (95) Writing data frame
I0816 01:03:06.758492   16344 log.go:244] (0x16f6eb21c210) Data frame received for 95
I0816 01:03:06.837352   16344 log.go:244] (0x16f6eae18000) (95) Data frame handling
I0816 01:03:06.915555   16344 log.go:244] (0x16f6eae18000) (95) Data frame sent
I0816 01:03:17.336297   16344 log.go:244] (0x16f6eae18000) (95) Writing data frame
I0816 01:03:17.343278   16344 log.go:244] (0x16f6eb21c210) Data frame received for 95
I0816 01:03:17.420266   16344 log.go:244] (0x16f6eae18000) (95) Data frame handling
I0816 01:03:17.420681   16344 log.go:244] (0x16f6eae18000) (95) Data frame sent
I0816 01:03:27.923466   16344 log.go:244] (0x16f6eae18000) (95) Writing data frame
I0816 01:03:27.943243   16344 log.go:244] (0x16f6eb21c210) Data frame received for 95
I0816 01:03:27.957845   16344 log.go:244] (0x16f6eae18000) (95) Data frame handling
I0816 01:03:27.957845   16344 log.go:244] (0x16f6eae18000) (95) Data frame sent
I0816 01:03:38.509572   16344 log.go:244] (0x16f6eae18000) (95) Writing data frame
I0816 01:03:38.512862   16344 log.go:244] (0x16f6eb21c210) Data frame received for 95
I0816 01:03:38.512862   16344 log.go:244] (0x16f6eae18000) (95) Data frame handling
I0816 01:03:38.513909   16344 log.go:244] (0x16f6eae18000) (95) Data frame sent
I0816 01:03:49.113061   16344 log.go:244] (0x16f6eae18000) (95) Writing data frame
I0816 01:03:49.300927   16344 log.go:244] (0x16f6eb21c210) Data frame received for 95
I0816 01:03:49.458104   16344 log.go:244] (0x16f6eae18000) (95) Data frame handling
I0816 01:03:49.669608   16344 log.go:244] (0x16f6eae18000) (95) Data frame sent
I0816 01:03:59.621656   16344 log.go:244] (0x16f6eae18000) (95) Writing data frame
I0816 01:03:59.624754   16344 log.go:244] (0x16f6eb21c210) Data frame received for 95
I0816 01:03:59.625259   16344 log.go:244] (0x16f6eae18000) (95) Data frame handling
I0816 01:03:59.625259   16344 log.go:244] (0x16f6eae18000) (95) Data frame sent
I0816 01:04:10.212758   16344 log.go:244] (0x16f6eae18000) (95) Writing data frame
I0816 01:04:10.267077   16344 log.go:244] (0x16f6eb21c210) Data frame received for 95
I0816 01:04:10.409808   16344 log.go:244] (0x16f6eae18000) (95) Data frame handling
I0816 01:04:10.421008   16344 log.go:244] (0x16f6eae18000) (95) Data frame sent
I0816 01:04:20.790174   16344 log.go:244] (0x16f6eae18000) (95) Writing data frame
I0816 01:04:20.840765   16344 log.go:244] (0x16f6eb21c210) Data frame received for 95
I0816 01:04:20.849319   16344 log.go:244] (0x16f6eae18000) (95) Data frame handling
I0816 01:04:21.031487   16344 log.go:244] (0x16f6eae18000) (95) Data frame sent
I0816 01:04:31.347825   16344 log.go:244] (0x16f6eae18000) (95) Writing data frame
I0816 01:04:31.383577   16344 log.go:244] (0x16f6eb21c210) Data frame received for 95
I0816 01:04:31.570300   16344 log.go:244] (0x16f6eae18000) (95) Data frame handling
I0816 01:04:31.699876   16344 log.go:244] (0x16f6eae18000) (95) Data frame sent
I0816 01:04:41.909445   16344 log.go:244] (0x16f6eae18000) (95) Writing data frame
I0816 01:04:41.944404   16344 log.go:244] (0x16f6eb21c210) Data frame received for 95
I0816 01:04:41.992081   16344 log.go:244] (0x16f6eae18000) (95) Data frame handling
I0816 01:04:42.008549   16344 log.go:244] (0x16f6eae18000) (95) Data frame sent
I0816 01:04:52.498151   16344 log.go:244] (0x16f6eae18000) (95) Writing data frame
I0816 01:04:52.512934   16344 log.go:244] (0x16f6eb21c210) Data frame received for 95
I0816 01:04:52.513443   16344 log.go:244] (0x16f6eae18000) (95) Data frame handling
I0816 01:04:52.513443   16344 log.go:244] (0x16f6eae18000) (95) Data frame sent
I0816 01:05:03.087169   16344 log.go:244] (0x16f6eae18000) (95) Writing data frame
I0816 01:05:03.153379   16344 log.go:244] (0x16f6eb21c210) Data frame received for 95
I0816 01:05:03.168186   16344 log.go:244] (0x16f6eae18000) (95) Data frame handling
I0816 01:05:03.168186   16344 log.go:244] (0x16f6eae18000) (95) Data frame sent
I0816 01:05:13.674947   16344 log.go:244] (0x16f6eae18000) (95) Writing data frame
I0816 01:05:13.680273   16344 log.go:244] (0x16f6eb21c210) Data frame received for 95
I0816 01:05:13.680889   16344 log.go:244] (0x16f6eae18000) (95) Data frame handling
I0816 01:05:13.680889   16344 log.go:244] (0x16f6eae18000) (95) Data frame sent
I0816 01:05:24.265169   16344 log.go:244] (0x16f6eae18000) (95) Writing data frame
I0816 01:05:24.291044   16344 log.go:244] (0x16f6eb21c210) Data frame received for 95
I0816 01:05:24.305114   16344 log.go:244] (0x16f6eae18000) (95) Data frame handling
I0816 01:05:24.305639   16344 log.go:244] (0x16f6eae18000) (95) Data frame sent
I0816 01:05:34.865991   16344 log.go:244] (0x16f6eae18000) (95) Writing data frame
I0816 01:05:34.931159   16344 log.go:244] (0x16f6eb21c210) Data frame received for 95
I0816 01:05:35.029061   16344 log.go:244] (0x16f6eae18000) (95) Data frame handling
I0816 01:05:35.048425   16344 log.go:244] (0x16f6eae18000) (95) Data frame sent
I0816 01:05:45.420596   16344 log.go:244] (0x16f6eae18000) (95) Writing data frame
I0816 01:05:45.780049   16344 log.go:244] (0x16f6eb21c210) Data frame received for 95
I0816 01:05:45.905303   16344 log.go:244] (0x16f6eae18000) (95) Data frame handling
I0816 01:05:46.069839   16344 log.go:244] (0x16f6eae18000) (95) Data frame sent
I0816 01:05:55.939624   16344 log.go:244] (0x16f6eae18000) (95) Writing data frame
I0816 01:05:56.005071   16344 log.go:244] (0x16f6eb21c210) Data frame received for 95
I0816 01:05:56.038129   16344 log.go:244] (0x16f6eae18000) (95) Data frame handling
I0816 01:05:56.039814   16344 log.go:244] (0x16f6eae18000) (95) Data frame sent
I0816 01:06:06.553286   16344 log.go:244] (0x16f6eae18000) (95) Writing data frame
I0816 01:06:06.715669   16344 log.go:244] (0x16f6eb21c210) Data frame received for 95
I0816 01:06:06.857785   16344 log.go:244] (0x16f6eae18000) (95) Data frame handling
I0816 01:06:06.858348   16344 log.go:244] (0x16f6eae18000) (95) Data frame sent
I0816 01:06:17.114157   16344 log.go:244] (0x16f6eae18000) (95) Writing data frame
I0816 01:06:17.463345   16344 log.go:244] (0x16f6eb21c210) Data frame received for 95
I0816 01:06:17.780259   16344 log.go:244] (0x16f6eae18000) (95) Data frame handling
I0816 01:06:17.895883   16344 log.go:244] (0x16f6eae18000) (95) Data frame sent
I0816 01:06:27.604630   16344 log.go:244] (0x16f6eae18000) (95) Writing data frame
I0816 01:06:27.650595   16344 log.go:244] (0x16f6eb21c210) Data frame received for 95
I0816 01:06:27.833363   16344 log.go:244] (0x16f6eae18000) (95) Data frame handling
I0816 01:06:27.867075   16344 log.go:244] (0x16f6eae18000) (95) Data frame sent
I0816 01:06:38.176518   16344 log.go:244] (0x16f6eae18000) (95) Writing data frame
I0816 01:06:38.182512   16344 log.go:244] (0x16f6eb21c210) Data frame received for 95
I0816 01:06:38.256455   16344 log.go:244] (0x16f6eae18000) (95) Data frame handling
I0816 01:06:38.256455   16344 log.go:244] (0x16f6eae18000) (95) Data frame sent
I0816 01:06:48.788955   16344 log.go:244] (0x16f6eae18000) (95) Writing data frame
I0816 01:06:49.173319   16344 log.go:244] (0x16f6eb21c210) Data frame received for 95
I0816 01:06:49.320501   16344 log.go:244] (0x16f6eae18000) (95) Data frame handling
I0816 01:06:49.321095   16344 log.go:244] (0x16f6eae18000) (95) Data frame sent
I0816 01:06:59.341113   16344 log.go:244] (0x16f6eae18000) (95) Writing data frame
I0816 01:06:59.344417   16344 log.go:244] (0x16f6eb21c210) Data frame received for 95
I0816 01:06:59.344935   16344 log.go:244] (0x16f6eae18000) (95) Data frame handling
I0816 01:06:59.345477   16344 log.go:244] (0x16f6eae18000) (95) Data frame sent
I0816 01:07:10.022551   16344 log.go:244] (0x16f6eae18000) (95) Writing data frame
I0816 01:07:10.055270   16344 log.go:244] (0x16f6eb21c210) Data frame received for 95
I0816 01:07:10.055786   16344 log.go:244] (0x16f6eae18000) (95) Data frame handling
I0816 01:07:10.056329   16344 log.go:244] (0x16f6eae18000) (95) Data frame sent
I0816 01:07:20.125944   16344 log.go:244] (0x16f6eae18000) (95) Writing data frame
I0816 01:07:20.183395   16344 log.go:244] (0x16f6eb21c210) Data frame received for 95
I0816 01:07:20.347411   16344 log.go:244] (0x16f6eae18000) (95) Data frame handling
I0816 01:07:20.348962   16344 log.go:244] (0x16f6eae18000) (95) Data frame sent
I0816 01:07:30.701857   16344 log.go:244] (0x16f6eae18000) (95) Writing data frame
I0816 01:07:30.770791   16344 log.go:244] (0x16f6eb21c210) Data frame received for 95
I0816 01:07:30.831823   16344 log.go:244] (0x16f6eae18000) (95) Data frame handling
I0816 01:07:30.832363   16344 log.go:244] (0x16f6eae18000) (95) Data frame sent
I0816 01:07:41.256111   16344 log.go:244] (0x16f6eae18000) (95) Writing data frame
I0816 01:07:41.330984   16344 log.go:244] (0x16f6eb21c210) Data frame received for 95
I0816 01:07:41.543182   16344 log.go:244] (0x16f6eae18000) (95) Data frame handling
I0816 01:07:41.671745   16344 log.go:244] (0x16f6eae18000) (95) Data frame sent
I0816 01:07:51.794332   16344 log.go:244] (0x16f6eae18000) (95) Writing data frame
I0816 01:07:51.832968   16344 log.go:244] (0x16f6eb21c210) Data frame received for 95
I0816 01:07:51.928009   16344 log.go:244] (0x16f6eae18000) (95) Data frame handling
I0816 01:07:51.961154   16344 log.go:244] (0x16f6eae18000) (95) Data frame sent
I0816 01:08:02.383779   16344 log.go:244] (0x16f6eae18000) (95) Writing data frame
I0816 01:08:02.432818   16344 log.go:244] (0x16f6eb21c210) Data frame received for 95
I0816 01:08:02.475056   16344 log.go:244] (0x16f6eae18000) (95) Data frame handling
I0816 01:08:02.475599   16344 log.go:244] (0x16f6eae18000) (95) Data frame sent
I0816 01:08:12.974630   16344 log.go:244] (0x16f6eae18000) (95) Writing data frame
I0816 01:08:13.074729   16344 log.go:244] (0x16f6eb21c210) Data frame received for 95
I0816 01:08:13.149116   16344 log.go:244] (0x16f6eae18000) (95) Data frame handling
I0816 01:08:13.149637   16344 log.go:244] (0x16f6eae18000) (95) Data frame sent
I0816 01:08:23.553865   16344 log.go:244] (0x16f6eae18000) (95) Writing data frame
I0816 01:08:23.567306   16344 log.go:244] (0x16f6eb21c210) Data frame received for 95
I0816 01:08:23.567817   16344 log.go:244] (0x16f6eae18000) (95) Data frame handling
I0816 01:08:23.567817   16344 log.go:244] (0x16f6eae18000) (95) Data frame sent
I0816 01:08:34.162058   16344 log.go:244] (0x16f6eae18000) (95) Writing data frame
I0816 01:08:34.166229   16344 log.go:244] (0x16f6eb21c210) Data frame received for 95
I0816 01:08:34.166737   16344 log.go:244] (0x16f6eae18000) (95) Data frame handling
I0816 01:08:34.166737   16344 log.go:244] (0x16f6eae18000) (95) Data frame sent
I0816 01:08:44.760023   16344 log.go:244] (0x16f6eae18000) (95) Writing data frame
I0816 01:08:44.773697   16344 log.go:244] (0x16f6eb21c210) Data frame received for 95
I0816 01:08:44.773697   16344 log.go:244] (0x16f6eae18000) (95) Data frame handling
I0816 01:08:44.774478   16344 log.go:244] (0x16f6eae18000) (95) Data frame sent
I0816 01:08:55.374646   16344 log.go:244] (0x16f6eae18000) (95) Writing data frame
I0816 01:08:55.377691   16344 log.go:244] (0x16f6eb21c210) Data frame received for 95
I0816 01:08:55.378253   16344 log.go:244] (0x16f6eae18000) (95) Data frame handling
I0816 01:08:55.378253   16344 log.go:244] (0x16f6eae18000) (95) Data frame sent
I0816 01:09:05.960128   16344 log.go:244] (0x16f6eae18000) (95) Writing data frame
I0816 01:09:05.963319   16344 log.go:244] (0x16f6eb21c210) Data frame received for 95
I0816 01:09:05.963844   16344 log.go:244] (0x16f6eae18000) (95) Data frame handling
I0816 01:09:05.963844   16344 log.go:244] (0x16f6eae18000) (95) Data frame sent
I0816 01:09:16.557034   16344 log.go:244] (0x16f6eae18000) (95) Writing data frame
I0816 01:09:16.561481   16344 log.go:244] (0x16f6eb21c210) Data frame received for 95
I0816 01:09:16.561990   16344 log.go:244] (0x16f6eae18000) (95) Data frame handling
I0816 01:09:16.562516   16344 log.go:244] (0x16f6eae18000) (95) Data frame sent
I0816 01:09:27.141758   16344 log.go:244] (0x16f6eae18000) (95) Writing data frame
I0816 01:09:27.145153   16344 log.go:244] (0x16f6eb21c210) Data frame received for 95
I0816 01:09:27.145665   16344 log.go:244] (0x16f6eae18000) (95) Data frame handling
I0816 01:09:27.146191   16344 log.go:244] (0x16f6eae18000) (95) Data frame sent
I0816 01:09:37.736641   16344 log.go:244] (0x16f6eae18000) (95) Writing data frame
I0816 01:09:37.739404   16344 log.go:244] (0x16f6eb21c210) Data frame received for 95
I0816 01:09:37.739910   16344 log.go:244] (0x16f6eae18000) (95) Data frame handling
I0816 01:09:37.739910   16344 log.go:244] (0x16f6eae18000) (95) Data frame sent
I0816 01:09:48.320009   16344 log.go:244] (0x16f6eae18000) (95) Writing data frame
I0816 01:09:48.324256   16344 log.go:244] (0x16f6eb21c210) Data frame received for 95
I0816 01:09:48.324765   16344 log.go:244] (0x16f6eae18000) (95) Data frame handling
I0816 01:09:48.325314   16344 log.go:244] (0x16f6eae18000) (95) Data frame sent
I0816 01:09:58.937292   16344 log.go:244] (0x16f6eae18000) (95) Writing data frame
I0816 01:09:58.942599   16344 log.go:244] (0x16f6eb21c210) Data frame received for 95
I0816 01:09:58.942860   16344 log.go:244] (0x16f6eae18000) (95) Data frame handling
I0816 01:09:58.943393   16344 log.go:244] (0x16f6eae18000) (95) Data frame sent
I0816 01:10:09.534720   16344 log.go:244] (0x16f6eae18000) (95) Writing data frame
I0816 01:10:09.641791   16344 log.go:244] (0x16f6eb21c210) Data frame received for 95
I0816 01:10:09.642317   16344 log.go:244] (0x16f6eae18000) (95) Data frame handling
I0816 01:10:09.642317   16344 log.go:244] (0x16f6eae18000) (95) Data frame sent
I0816 01:10:20.133402   16344 log.go:244] (0x16f6eae18000) (95) Writing data frame
I0816 01:10:20.147298   16344 log.go:244] (0x16f6eb21c210) Data frame received for 95
I0816 01:10:20.147805   16344 log.go:244] (0x16f6eae18000) (95) Data frame handling
I0816 01:10:20.147805   16344 log.go:244] (0x16f6eae18000) (95) Data frame sent
I0816 01:10:30.556057   16344 log.go:244] (0x16f6eae18000) (95) Writing data frame
I0816 01:10:30.558933   16344 log.go:244] (0x16f6eb21c210) Data frame received for 95
I0816 01:10:30.559441   16344 log.go:244] (0x16f6eae18000) (95) Data frame handling
I0816 01:10:30.559441   16344 log.go:244] (0x16f6eae18000) (95) Data frame sent
I0816 01:10:41.192102   16344 log.go:244] (0x16f6eae18000) (95) Writing data frame
I0816 01:10:41.195766   16344 log.go:244] (0x16f6eb21c210) Data frame received for 95
I0816 01:10:41.196821   16344 log.go:244] (0x16f6eae18000) (95) Data frame handling
I0816 01:10:41.197463   16344 log.go:244] (0x16f6eae18000) (95) Data frame sent
I0816 01:10:51.783058   16344 log.go:244] (0x16f6eae18000) (95) Writing data frame
I0816 01:10:51.786299   16344 log.go:244] (0x16f6eb21c210) Data frame received for 95
I0816 01:10:51.786831   16344 log.go:244] (0x16f6eae18000) (95) Data frame handling
I0816 01:10:51.787350   16344 log.go:244] (0x16f6eae18000) (95) Data frame sent
I0816 01:11:02.386545   16344 log.go:244] (0x16f6eae18000) (95) Writing data frame
I0816 01:11:02.406419   16344 log.go:244] (0x16f6eb21c210) Data frame received for 95
I0816 01:11:02.406926   16344 log.go:244] (0x16f6eae18000) (95) Data frame handling
I0816 01:11:02.406926   16344 log.go:244] (0x16f6eae18000) (95) Data frame sent
I0816 01:11:13.135429   16344 log.go:244] (0x16f6eae18000) (95) Writing data frame
I0816 01:11:13.144241   16344 log.go:244] (0x16f6eb21c210) Data frame received for 95
I0816 01:11:13.145805   16344 log.go:244] (0x16f6eae18000) (95) Data frame handling
I0816 01:11:13.145805   16344 log.go:244] (0x16f6eae18000) (95) Data frame sent
I0816 01:11:23.545801   16344 log.go:244] (0x16f6eae18000) (95) Writing data frame
I0816 01:11:23.549441   16344 log.go:244] (0x16f6eb21c210) Data frame received for 95
I0816 01:11:23.549964   16344 log.go:244] (0x16f6eae18000) (95) Data frame handling
I0816 01:11:23.550486   16344 log.go:244] (0x16f6eae18000) (95) Data frame sent
I0816 01:11:34.118182   16344 log.go:244] (0x16f6eae18000) (95) Writing data frame
I0816 01:11:34.121249   16344 log.go:244] (0x16f6eb21c210) Data frame received for 95
I0816 01:11:34.121249   16344 log.go:244] (0x16f6eae18000) (95) Data frame handling
I0816 01:11:34.122175   16344 log.go:244] (0x16f6eae18000) (95) Data frame sent
I0816 01:11:44.242334   16344 log.go:244] (0x16f6eae18000) (95) Writing data frame
I0816 01:11:44.245666   16344 log.go:244] (0x16f6eb21c210) Data frame received for 95
I0816 01:11:44.245666   16344 log.go:244] (0x16f6eae18000) (95) Data frame handling
I0816 01:11:44.246171   16344 log.go:244] (0x16f6eae18000) (95) Data frame sent
I0816 01:11:54.837399   16344 log.go:244] (0x16f6eae18000) (95) Writing data frame
I0816 01:11:54.839877   16344 log.go:244] (0x16f6eb21c210) Data frame received for 95
I0816 01:11:54.839877   16344 log.go:244] (0x16f6eae18000) (95) Data frame handling
I0816 01:11:54.840384   16344 log.go:244] (0x16f6eae18000) (95) Data frame sent
I0816 01:12:05.423358   16344 log.go:244] (0x16f6eae18000) (95) Writing data frame
I0816 01:12:05.464744   16344 log.go:244] (0x16f6eb21c210) Data frame received for 95
I0816 01:12:05.504010   16344 log.go:244] (0x16f6eae18000) (95) Data frame handling
I0816 01:12:05.504711   16344 log.go:244] (0x16f6eae18000) (95) Data frame sent
I0816 01:12:16.026547   16344 log.go:244] (0x16f6eae18000) (95) Writing data frame
I0816 01:12:16.036511   16344 log.go:244] (0x16f6eb21c210) Data frame received for 95
I0816 01:12:16.076819   16344 log.go:244] (0x16f6eae18000) (95) Data frame handling
I0816 01:12:16.076819   16344 log.go:244] (0x16f6eae18000) (95) Data frame sent
I0816 01:12:26.054037   16344 log.go:244] (0x16f6eae18000) (95) Writing data frame
I0816 01:12:26.057557   16344 log.go:244] (0x16f6eb21c210) Data frame received for 95
I0816 01:12:26.058092   16344 log.go:244] (0x16f6eae18000) (95) Data frame handling
I0816 01:12:26.058092   16344 log.go:244] (0x16f6eae18000) (95) Data frame sent
I0816 01:12:36.654808   16344 log.go:244] (0x16f6eae18000) (95) Writing data frame
I0816 01:12:36.696302   16344 log.go:244] (0x16f6eb21c210) Data frame received for 95
I0816 01:12:36.790509   16344 log.go:244] (0x16f6eae18000) (95) Data frame handling
I0816 01:12:36.791512   16344 log.go:244] (0x16f6eae18000) (95) Data frame sent
I0816 01:12:47.238274   16344 log.go:244] (0x16f6eae18000) (95) Writing data frame
I0816 01:12:47.241484   16344 log.go:244] (0x16f6eb21c210) Data frame received for 95
I0816 01:12:47.241484   16344 log.go:244] (0x16f6eae18000) (95) Data frame handling
I0816 01:12:47.242018   16344 log.go:244] (0x16f6eae18000) (95) Data frame sent
I0816 01:12:57.249414   16344 log.go:244] (0x16f6eae18000) (95) Writing data frame
I0816 01:12:57.253208   16344 log.go:244] (0x16f6eb21c210) Data frame received for 95
I0816 01:12:57.253753   16344 log.go:244] (0x16f6eae18000) (95) Data frame handling
I0816 01:12:57.253753   16344 log.go:244] (0x16f6eae18000) (95) Data frame sent
I0816 01:13:07.847824   16344 log.go:244] (0x16f6eae18000) (95) Writing data frame
I0816 01:13:07.861214   16344 log.go:244] (0x16f6eb21c210) Data frame received for 95
I0816 01:13:07.861749   16344 log.go:244] (0x16f6eae18000) (95) Data frame handling
I0816 01:13:07.861811   16344 log.go:244] (0x16f6eae18000) (95) Data frame sent
I0816 01:13:18.433416   16344 log.go:244] (0x16f6eae18000) (95) Writing data frame
I0816 01:13:18.436537   16344 log.go:244] (0x16f6eb21c210) Data frame received for 95
I0816 01:13:18.437045   16344 log.go:244] (0x16f6eae18000) (95) Data frame handling
I0816 01:13:18.437045   16344 log.go:244] (0x16f6eae18000) (95) Data frame sent
I0816 01:13:29.092968   16344 log.go:244] (0x16f6eae18000) (95) Writing data frame
I0816 01:13:29.096422   16344 log.go:244] (0x16f6eb21c210) Data frame received for 95
I0816 01:13:29.096930   16344 log.go:244] (0x16f6eae18000) (95) Data frame handling
I0816 01:13:29.097467   16344 log.go:244] (0x16f6eae18000) (95) Data frame sent
I0816 01:13:39.609122   16344 log.go:244] (0x16f6eae18000) (95) Writing data frame
I0816 01:13:39.611899   16344 log.go:244] (0x16f6eb21c210) Data frame received for 95
I0816 01:13:39.612408   16344 log.go:244] (0x16f6eae18000) (95) Data frame handling
I0816 01:13:39.612408   16344 log.go:244] (0x16f6eae18000) (95) Data frame sent
I0816 01:13:50.201262   16344 log.go:244] (0x16f6eae18000) (95) Writing data frame
I0816 01:13:50.229436   16344 log.go:244] (0x16f6eb21c210) Data frame received for 95
I0816 01:13:50.239053   16344 log.go:244] (0x16f6eae18000) (95) Data frame handling
I0816 01:13:50.239579   16344 log.go:244] (0x16f6eae18000) (95) Data frame sent
I0816 01:14:00.794878   16344 log.go:244] (0x16f6eae18000) (95) Writing data frame
I0816 01:14:00.912364   16344 log.go:244] (0x16f6eb21c210) Data frame received for 95
I0816 01:14:01.130997   16344 log.go:244] (0x16f6eae18000) (95) Data frame handling
I0816 01:14:01.223820   16344 log.go:244] (0x16f6eae18000) (95) Data frame sent
I0816 01:14:11.343921   16344 log.go:244] (0x16f6eae18000) (95) Writing data frame
I0816 01:14:11.824172   16344 log.go:244] (0x16f6eb21c210) Data frame received for 95
I0816 01:14:12.123651   16344 log.go:244] (0x16f6eae18000) (95) Data frame handling
I0816 01:14:12.406340   16344 log.go:244] (0x16f6eae18000) (95) Data frame sent
I0816 01:14:21.789541   16344 log.go:244] (0x16f6eae18000) (95) Writing data frame
I0816 01:14:22.367562   16344 log.go:244] (0x16f6eb21c210) Data frame received for 95
I0816 01:14:22.574893   16344 log.go:244] (0x16f6eae18000) (95) Data frame handling
I0816 01:14:22.966148   16344 log.go:244] (0x16f6eae18000) (95) Data frame sent
I0816 01:14:32.221902   16344 log.go:244] (0x16f6eae18000) (95) Writing data frame
I0816 01:14:32.490695   16344 log.go:244] (0x16f6eb21c210) Data frame received for 95
I0816 01:14:32.500830   16344 log.go:244] (0x16f6eae18000) (95) Data frame handling
I0816 01:14:32.738176   16344 log.go:244] (0x16f6eae18000) (95) Data frame sent
I0816 01:14:42.757797   16344 log.go:244] (0x16f6eae18000) (95) Writing data frame
I0816 01:14:42.979093   16344 log.go:244] (0x16f6eb21c210) Data frame received for 95
I0816 01:14:43.158180   16344 log.go:244] (0x16f6eae18000) (95) Data frame handling
I0816 01:14:43.373199   16344 log.go:244] (0x16f6eae18000) (95) Data frame sent
I0816 01:14:53.272101   16344 log.go:244] (0x16f6eae18000) (95) Writing data frame
I0816 01:14:53.541306   16344 log.go:244] (0x16f6eb21c210) Data frame received for 95
I0816 01:14:53.712198   16344 log.go:244] (0x16f6eae18000) (95) Data frame handling
I0816 01:14:53.843800   16344 log.go:244] (0x16f6eae18000) (95) Data frame sent
I0816 01:15:03.404717   16344 log.go:244] (0x16f6eae18000) (95) Writing data frame
I0816 01:15:03.620716   16344 log.go:244] (0x16f6eb21c210) Data frame received for 95
I0816 01:15:03.785192   16344 log.go:244] (0x16f6eae18000) (95) Data frame handling
I0816 01:15:03.897065   16344 log.go:244] (0x16f6eae18000) (95) Data frame sent
I0816 01:15:13.810315   16344 log.go:244] (0x16f6eae18000) (95) Writing data frame
I0816 01:15:14.021047   16344 log.go:244] (0x16f6eb21c210) Data frame received for 95
I0816 01:15:14.108378   16344 log.go:244] (0x16f6eae18000) (95) Data frame handling
I0816 01:15:14.118403   16344 log.go:244] (0x16f6eae18000) (95) Data frame sent
I0816 01:15:23.987559   16344 log.go:244] (0x16f6eae18000) (95) Writing data frame
I0816 01:15:24.046761   16344 log.go:244] (0x16f6eb21c210) Data frame received for 95
I0816 01:15:24.067635   16344 log.go:244] (0x16f6eae18000) (95) Data frame handling
I0816 01:15:24.426165   16344 log.go:244] (0x16f6eae18000) (95) Data frame sent
I0816 01:15:34.469922   16344 log.go:244] (0x16f6eae18000) (95) Writing data frame
I0816 01:15:34.665120   16344 log.go:244] (0x16f6eb21c210) Data frame received for 95
I0816 01:15:34.882834   16344 log.go:244] (0x16f6eae18000) (95) Data frame handling
I0816 01:15:35.096363   16344 log.go:244] (0x16f6eae18000) (95) Data frame sent
I0816 01:15:44.996075   16344 log.go:244] (0x16f6eae18000) (95) Writing data frame
I0816 01:15:45.205636   16344 log.go:244] (0x16f6eb21c210) Data frame received for 95
I0816 01:15:45.214202   16344 log.go:244] (0x16f6eae18000) (95) Data frame handling
I0816 01:15:45.304641   16344 log.go:244] (0x16f6eae18000) (95) Data frame sent
I0816 01:15:55.563909   16344 log.go:244] (0x16f6eae18000) (95) Writing data frame
I0816 01:15:55.601839   16344 log.go:244] (0x16f6eb21c210) Data frame received for 95
I0816 01:15:55.618002   16344 log.go:244] (0x16f6eae18000) (95) Data frame handling
I0816 01:15:55.632422   16344 log.go:244] (0x16f6eae18000) (95) Data frame sent
I0816 01:16:06.150881   16344 log.go:244] (0x16f6eae18000) (95) Writing data frame
I0816 01:16:06.209872   16344 log.go:244] (0x16f6eb21c210) Data frame received for 95
I0816 01:16:06.241944   16344 log.go:244] (0x16f6eae18000) (95) Data frame handling
I0816 01:16:06.242952   16344 log.go:244] (0x16f6eae18000) (95) Data frame sent
I0816 01:16:16.736061   16344 log.go:244] (0x16f6eae18000) (95) Writing data frame
I0816 01:16:16.750324   16344 log.go:244] (0x16f6eb21c210) Data frame received for 95
I0816 01:16:16.759865   16344 log.go:244] (0x16f6eae18000) (95) Data frame handling
I0816 01:16:16.760407   16344 log.go:244] (0x16f6eae18000) (95) Data frame sent
I0816 01:16:27.331704   16344 log.go:244] (0x16f6eae18000) (95) Writing data frame
I0816 01:16:27.394959   16344 log.go:244] (0x16f6eb21c210) Data frame received for 95
I0816 01:16:27.470051   16344 log.go:244] (0x16f6eae18000) (95) Data frame handling
I0816 01:16:27.496939   16344 log.go:244] (0x16f6eae18000) (95) Data frame sent
I0816 01:16:37.961353   16344 log.go:244] (0x16f6eae18000) (95) Writing data frame
I0816 01:16:38.071407   16344 log.go:244] (0x16f6eb21c210) Data frame received for 95
I0816 01:16:38.101147   16344 log.go:244] (0x16f6eae18000) (95) Data frame handling
I0816 01:16:38.102955   16344 log.go:244] (0x16f6eae18000) (95) Data frame sent
I0816 01:16:47.372574   16344 log.go:244] (0x16f6eae18000) (95) Writing data frame
I0816 01:16:47.862692   16344 log.go:244] (0x16f6eb21c210) Data frame received for 95
I0816 01:16:47.993702   16344 log.go:244] (0x16f6eae18000) (95) Data frame handling
I0816 01:16:48.005357   16344 log.go:244] (0x16f6eb21c210) (0x16f6eae9c000) Create stream
I0816 01:16:48.112789   16344 log.go:244] (0x16f6eb21c210) (0x16f6eae9c000) Stream added, broadcasting: 97
I0816 01:16:48.227671   16344 log.go:244] (0x16f6eae18000) (95) Data frame sent
I0816 01:16:48.301565   16344 log.go:244] (0x16f6eb21c210) Reply frame received for 97
I0816 01:16:48.313353   16344 log.go:244] (0x16f6eae9c000) (97) Writing data frame
I0816 01:16:48.415073   16344 log.go:244] (0x16f6eb21c210) (0x16f6eae180a0) Create stream
I0816 01:16:48.501719   16344 log.go:244] (0x16f6eb21c210) (0x16f6eae180a0) Stream added, broadcasting: 99
I0816 01:16:48.513225   16344 log.go:244] (0x16f6eb21c210) Reply frame received for 99
I0816 01:16:48.514210   16344 log.go:244] (0x16f6eae180a0) (99) Writing data frame
I0816 01:16:48.526630   16344 log.go:244] (0x16f6eb21c210) Data frame received for 99
I0816 01:16:48.544347   16344 log.go:244] (0x16f6eae180a0) (99) Data frame handling
I0816 01:16:48.545357   16344 log.go:244] (0x16f6eae180a0) (99) Data frame sent
I0816 01:16:58.145243   16344 log.go:244] (0x16f6eae18000) (95) Writing data frame
I0816 01:16:58.175396   16344 log.go:244] (0x16f6eb21c210) Data frame received for 95
I0816 01:16:58.196850   16344 log.go:244] (0x16f6eae18000) (95) Data frame handling
I0816 01:16:58.197397   16344 log.go:244] (0x16f6eae18000) (95) Data frame sent
I0816 01:17:08.762369   16344 log.go:244] (0x16f6eae18000) (95) Writing data frame
I0816 01:17:08.798911   16344 log.go:244] (0x16f6eb21c210) Data frame received for 95
I0816 01:17:08.932663   16344 log.go:244] (0x16f6eae18000) (95) Data frame handling
I0816 01:17:09.041483   16344 log.go:244] (0x16f6eae18000) (95) Data frame sent
I0816 01:17:19.319117   16344 log.go:244] (0x16f6eae18000) (95) Writing data frame
I0816 01:17:19.333863   16344 log.go:244] (0x16f6eb21c210) Data frame received for 95
I0816 01:17:19.334370   16344 log.go:244] (0x16f6eae18000) (95) Data frame handling
I0816 01:17:19.334370   16344 log.go:244] (0x16f6eae18000) (95) Data frame sent
I0816 01:17:29.908488   16344 log.go:244] (0x16f6eae18000) (95) Writing data frame
I0816 01:17:29.974170   16344 log.go:244] (0x16f6eb21c210) Data frame received for 95
I0816 01:17:30.182818   16344 log.go:244] (0x16f6eae18000) (95) Data frame handling
I0816 01:17:30.230677   16344 log.go:244] (0x16f6eae18000) (95) Data frame sent
I0816 01:17:40.473393   16344 log.go:244] (0x16f6eae18000) (95) Writing data frame
I0816 01:17:40.475945   16344 log.go:244] (0x16f6eb21c210) Data frame received for 95
I0816 01:17:40.475945   16344 log.go:244] (0x16f6eae18000) (95) Data frame handling
I0816 01:17:40.476486   16344 log.go:244] (0x16f6eae18000) (95) Data frame sent
I0816 01:17:50.487163   16344 log.go:244] (0x16f6eae18000) (95) Writing data frame
I0816 01:17:50.521104   16344 log.go:244] (0x16f6eb21c210) Data frame received for 95
I0816 01:17:50.529026   16344 log.go:244] (0x16f6eae18000) (95) Data frame handling
I0816 01:17:50.540544   16344 log.go:244] (0x16f6eae18000) (95) Data frame sent
I0816 01:17:54.110457   16344 log.go:244] (0x16f6eb21c210) Data frame received for 97
I0816 01:17:54.138653   16344 log.go:244] (0x16f6eb21c210) Data frame received for 99
I0816 01:17:54.139193   16344 log.go:244] (0x16f6eae180a0) (99) Data frame handling
I0816 01:17:54.139193   16344 log.go:244] (0x16f6eae9c000) (97) Data frame handling
I0816 01:17:54.139734   16344 log.go:244] (0x16f6eb21c210) (0x16f6eae180a0) Stream removed, broadcasting: 99
I0816 01:17:54.140280   16344 log.go:244] (0x16f6eb21c210) (0x16f6eae9c000) Stream removed, broadcasting: 97
I0816 01:17:54.140280   16344 log.go:244] (0x16f6eb21c210) (0x16f6eae180a0) Stream removed, broadcasting: 99
I0816 01:18:01.076702   16344 log.go:244] (0x16f6eae18000) (95) Writing data frame
I0816 01:18:01.096824   16344 log.go:244] (0x16f6eb21c210) Data frame received for 95
I0816 01:18:01.108972   16344 log.go:244] (0x16f6eae18000) (95) Data frame handling
I0816 01:18:01.108972   16344 log.go:244] (0x16f6eae18000) (95) Data frame sent
I0816 01:18:11.672681   16344 log.go:244] (0x16f6eae18000) (95) Writing data frame
I0816 01:18:11.730682   16344 log.go:244] (0x16f6eb21c210) Data frame received for 95
I0816 01:18:11.731224   16344 log.go:244] (0x16f6eae18000) (95) Data frame handling
I0816 01:18:11.731354   16344 log.go:244] (0x16f6eae18000) (95) Data frame sent
I0816 01:18:22.288491   16344 log.go:244] (0x16f6eae18000) (95) Writing data frame
I0816 01:18:22.291604   16344 log.go:244] (0x16f6eb21c210) Data frame received for 95
I0816 01:18:22.292148   16344 log.go:244] (0x16f6eae18000) (95) Data frame handling
I0816 01:18:22.292148   16344 log.go:244] (0x16f6eae18000) (95) Data frame sent
I0816 01:18:32.871992   16344 log.go:244] (0x16f6eae18000) (95) Writing data frame
I0816 01:18:32.884785   16344 log.go:244] (0x16f6eb21c210) Data frame received for 95
I0816 01:18:32.915819   16344 log.go:244] (0x16f6eae18000) (95) Data frame handling
I0816 01:18:32.916785   16344 log.go:244] (0x16f6eae18000) (95) Data frame sent
I0816 01:18:43.465597   16344 log.go:244] (0x16f6eae18000) (95) Writing data frame
I0816 01:18:43.520741   16344 log.go:244] (0x16f6eb21c210) Data frame received for 95
I0816 01:18:43.641937   16344 log.go:244] (0x16f6eae18000) (95) Data frame handling
I0816 01:18:43.682054   16344 log.go:244] (0x16f6eae18000) (95) Data frame sent
I0816 01:18:54.029419   16344 log.go:244] (0x16f6eae18000) (95) Writing data frame
I0816 01:18:54.042826   16344 log.go:244] (0x16f6eb21c210) Data frame received for 95
I0816 01:18:54.043363   16344 log.go:244] (0x16f6eae18000) (95) Data frame handling
I0816 01:18:54.043893   16344 log.go:244] (0x16f6eae18000) (95) Data frame sent
I0816 01:19:04.620093   16344 log.go:244] (0x16f6eae18000) (95) Writing data frame
I0816 01:19:04.623259   16344 log.go:244] (0x16f6eb21c210) Data frame received for 95
I0816 01:19:04.623777   16344 log.go:244] (0x16f6eae18000) (95) Data frame handling
I0816 01:19:04.623777   16344 log.go:244] (0x16f6eae18000) (95) Data frame sent
I0816 01:19:11.305079   16344 log.go:244] (0x16f6eae18000) (95) Writing data frame
I0816 01:19:11.736216   16344 log.go:244] (0x16f6eb21c210) Data frame received for 95
I0816 01:19:11.751010   16344 log.go:244] (0x16f6eae18000) (95) Data frame handling
I0816 01:19:11.752821   16344 log.go:244] (0x16f6eae18000) (95) Data frame sent
I0816 01:19:14.702530   16344 log.go:244] (0x16f6eae18000) (95) Writing data frame
I0816 01:19:14.781647   16344 log.go:244] (0x16f6eb21c210) Data frame received for 95
I0816 01:19:14.985790   16344 log.go:244] (0x16f6eae18000) (95) Data frame handling
I0816 01:19:15.112263   16344 log.go:244] (0x16f6eae18000) (95) Data frame sent
I0816 01:19:24.932936   16344 log.go:244] (0x16f6eae18000) (95) Writing data frame
I0816 01:19:24.936161   16344 log.go:244] (0x16f6eb21c210) Data frame received for 95
I0816 01:19:24.936666   16344 log.go:244] (0x16f6eae18000) (95) Data frame handling
I0816 01:19:24.936666   16344 log.go:244] (0x16f6eae18000) (95) Data frame sent
I0816 01:19:35.528905   16344 log.go:244] (0x16f6eae18000) (95) Writing data frame
I0816 01:19:35.542308   16344 log.go:244] (0x16f6eb21c210) Data frame received for 95
I0816 01:19:35.542812   16344 log.go:244] (0x16f6eae18000) (95) Data frame handling
I0816 01:19:35.543326   16344 log.go:244] (0x16f6eae18000) (95) Data frame sent
I0816 01:19:46.115921   16344 log.go:244] (0x16f6eae18000) (95) Writing data frame
I0816 01:19:46.124371   16344 log.go:244] (0x16f6eb21c210) Data frame received for 95
I0816 01:19:46.222431   16344 log.go:244] (0x16f6eae18000) (95) Data frame handling
I0816 01:19:46.222431   16344 log.go:244] (0x16f6eae18000) (95) Data frame sent
I0816 01:19:56.699765   16344 log.go:244] (0x16f6eae18000) (95) Writing data frame
I0816 01:19:56.812322   16344 log.go:244] (0x16f6eb21c210) Data frame received for 95
I0816 01:19:56.865784   16344 log.go:244] (0x16f6eae18000) (95) Data frame handling
I0816 01:19:56.932340   16344 log.go:244] (0x16f6eae18000) (95) Data frame sent
I0816 01:20:07.275043   16344 log.go:244] (0x16f6eae18000) (95) Writing data frame
I0816 01:20:07.318582   16344 log.go:244] (0x16f6eb21c210) Data frame received for 95
I0816 01:20:07.354601   16344 log.go:244] (0x16f6eae18000) (95) Data frame handling
I0816 01:20:07.354601   16344 log.go:244] (0x16f6eae18000) (95) Data frame sent
I0816 01:20:17.866216   16344 log.go:244] (0x16f6eae18000) (95) Writing data frame
I0816 01:20:17.968935   16344 log.go:244] (0x16f6eb21c210) Data frame received for 95
I0816 01:20:18.018530   16344 log.go:244] (0x16f6eae18000) (95) Data frame handling
I0816 01:20:18.064359   16344 log.go:244] (0x16f6eae18000) (95) Data frame sent
I0816 01:20:28.465312   16344 log.go:244] (0x16f6eae18000) (95) Writing data frame
I0816 01:20:28.631555   16344 log.go:244] (0x16f6eb21c210) Data frame received for 95
I0816 01:20:28.685836   16344 log.go:244] (0x16f6eae18000) (95) Data frame handling
I0816 01:20:28.686051   16344 log.go:244] (0x16f6eae18000) (95) Data frame sent
I0816 01:20:34.118088   16344 log.go:244] (0x16f6eae18000) (95) Writing data frame
I0816 01:20:34.519721   16344 log.go:244] (0x16f6eb21c210) Data frame received for 95
I0816 01:20:34.520226   16344 log.go:244] (0x16f6eae18000) (95) Data frame handling
I0816 01:20:34.520754   16344 log.go:244] (0x16f6eae18000) (95) Data frame sent
I0816 01:20:38.465727   16344 log.go:244] (0x16f6eae18000) (95) Writing data frame
I0816 01:20:38.469266   16344 log.go:244] (0x16f6eb21c210) Data frame received for 95
I0816 01:20:38.469772   16344 log.go:244] (0x16f6eae18000) (95) Data frame handling
I0816 01:20:38.470316   16344 log.go:244] (0x16f6eae18000) (95) Data frame sent
I0816 01:20:48.863465   16344 log.go:244] (0x16f6eae18000) (95) Writing data frame
I0816 01:20:48.866761   16344 log.go:244] (0x16f6eb21c210) Data frame received for 95
I0816 01:20:48.867270   16344 log.go:244] (0x16f6eae18000) (95) Data frame handling
I0816 01:20:48.867270   16344 log.go:244] (0x16f6eae18000) (95) Data frame sent
I0816 01:20:59.466986   16344 log.go:244] (0x16f6eae18000) (95) Writing data frame
I0816 01:20:59.470612   16344 log.go:244] (0x16f6eb21c210) Data frame received for 95
I0816 01:20:59.471137   16344 log.go:244] (0x16f6eae18000) (95) Data frame handling
I0816 01:20:59.471670   16344 log.go:244] (0x16f6eae18000) (95) Data frame sent
I0816 01:21:09.567106   16344 log.go:244] (0x16f6eae18000) (95) Writing data frame
I0816 01:21:09.589594   16344 log.go:244] (0x16f6eb21c210) Data frame received for 95
I0816 01:21:09.638726   16344 log.go:244] (0x16f6eae18000) (95) Data frame handling
I0816 01:21:09.639252   16344 log.go:244] (0x16f6eae18000) (95) Data frame sent
I0816 01:21:19.677452   16344 log.go:244] (0x16f6eae18000) (95) Writing data frame
I0816 01:21:19.744976   16344 log.go:244] (0x16f6eb21c210) Data frame received for 95
I0816 01:21:19.887356   16344 log.go:244] (0x16f6eae18000) (95) Data frame handling
I0816 01:21:19.937163   16344 log.go:244] (0x16f6eae18000) (95) Data frame sent
I0816 01:21:30.198618   16344 log.go:244] (0x16f6eae18000) (95) Writing data frame
I0816 01:21:30.366306   16344 log.go:244] (0x16f6eb21c210) Data frame received for 95
I0816 01:21:30.459056   16344 log.go:244] (0x16f6eae18000) (95) Data frame handling
I0816 01:21:30.459056   16344 log.go:244] (0x16f6eae18000) (95) Data frame sent
I0816 01:21:40.765569   16344 log.go:244] (0x16f6eae18000) (95) Writing data frame
I0816 01:21:40.768780   16344 log.go:244] (0x16f6eb21c210) Data frame received for 95
I0816 01:21:40.769330   16344 log.go:244] (0x16f6eae18000) (95) Data frame handling
I0816 01:21:40.769865   16344 log.go:244] (0x16f6eae18000) (95) Data frame sent
I0816 01:21:51.368262   16344 log.go:244] (0x16f6eae18000) (95) Writing data frame
I0816 01:21:51.375828   16344 log.go:244] (0x16f6eb21c210) Data frame received for 95
I0816 01:21:51.412076   16344 log.go:244] (0x16f6eae18000) (95) Data frame handling
I0816 01:21:51.534802   16344 log.go:244] (0x16f6eae18000) (95) Data frame sent
I0816 01:22:01.937110   16344 log.go:244] (0x16f6eae18000) (95) Writing data frame
I0816 01:22:02.038922   16344 log.go:244] (0x16f6eb21c210) Data frame received for 95
I0816 01:22:02.239243   16344 log.go:244] (0x16f6eae18000) (95) Data frame handling
I0816 01:22:02.766757   16344 log.go:244] (0x16f6eae18000) (95) Data frame sent
I0816 01:22:12.488933   16344 log.go:244] (0x16f6eae18000) (95) Writing data frame
I0816 01:22:12.518233   16344 log.go:244] (0x16f6eb21c210) Data frame received for 95
I0816 01:22:12.670805   16344 log.go:244] (0x16f6eae18000) (95) Data frame handling
I0816 01:22:12.747310   16344 log.go:244] (0x16f6eae18000) (95) Data frame sent
I0816 01:22:23.066370   16344 log.go:244] (0x16f6eae18000) (95) Writing data frame
I0816 01:22:23.201758   16344 log.go:244] (0x16f6eb21c210) Data frame received for 95
I0816 01:22:23.301089   16344 log.go:244] (0x16f6eae18000) (95) Data frame handling
I0816 01:22:23.354733   16344 log.go:244] (0x16f6eae18000) (95) Data frame sent
I0816 01:22:33.627219   16344 log.go:244] (0x16f6eae18000) (95) Writing data frame
I0816 01:22:33.652994   16344 log.go:244] (0x16f6eb21c210) Data frame received for 95
I0816 01:22:33.787051   16344 log.go:244] (0x16f6eae18000) (95) Data frame handling
I0816 01:22:34.000768   16344 log.go:244] (0x16f6eae18000) (95) Data frame sent
I0816 01:22:44.171175   16344 log.go:244] (0x16f6eae18000) (95) Writing data frame
I0816 01:22:44.174185   16344 log.go:244] (0x16f6eb21c210) Data frame received for 95
I0816 01:22:44.174694   16344 log.go:244] (0x16f6eae18000) (95) Data frame handling
I0816 01:22:44.174694   16344 log.go:244] (0x16f6eae18000) (95) Data frame sent
I0816 01:22:54.762963   16344 log.go:244] (0x16f6eae18000) (95) Writing data frame
I0816 01:22:54.766462   16344 log.go:244] (0x16f6eb21c210) Data frame received for 95
I0816 01:22:54.766970   16344 log.go:244] (0x16f6eae18000) (95) Data frame handling
I0816 01:22:54.766970   16344 log.go:244] (0x16f6eae18000) (95) Data frame sent
I0816 01:23:02.689832   16344 log.go:244] (0x16f6eae18000) (95) Writing data frame
I0816 01:23:03.165633   16344 log.go:244] (0x16f6eb21c210) Data frame received for 95
I0816 01:23:03.166690   16344 log.go:244] (0x16f6eae18000) (95) Data frame handling
I0816 01:23:03.166690   16344 log.go:244] (0x16f6eae18000) (95) Data frame sent
I0816 01:23:04.776466   16344 log.go:244] (0x16f6eae18000) (95) Writing data frame
I0816 01:23:04.780111   16344 log.go:244] (0x16f6eb21c210) Data frame received for 95
I0816 01:23:04.780111   16344 log.go:244] (0x16f6eae18000) (95) Data frame handling
I0816 01:23:04.780616   16344 log.go:244] (0x16f6eae18000) (95) Data frame sent
I0816 01:23:07.568872   16344 log.go:244] (0x16f6eae18000) (95) Writing data frame
I0816 01:23:07.957755   16344 log.go:244] (0x16f6eb21c210) Data frame received for 95
I0816 01:23:07.962077   16344 log.go:244] (0x16f6eae18000) (95) Data frame handling
I0816 01:23:07.962629   16344 log.go:244] (0x16f6eae18000) (95) Data frame sent
I0816 01:23:14.973795   16344 log.go:244] (0x16f6eae18000) (95) Writing data frame
I0816 01:23:14.976379   16344 log.go:244] (0x16f6eb21c210) Data frame received for 95
I0816 01:23:14.976887   16344 log.go:244] (0x16f6eae18000) (95) Data frame handling
I0816 01:23:14.976887   16344 log.go:244] (0x16f6eae18000) (95) Data frame sent
I0816 01:23:25.553313   16344 log.go:244] (0x16f6eae18000) (95) Writing data frame
I0816 01:23:25.631625   16344 log.go:244] (0x16f6eb21c210) Data frame received for 95
I0816 01:23:25.775748   16344 log.go:244] (0x16f6eae18000) (95) Data frame handling
I0816 01:23:25.951277   16344 log.go:244] (0x16f6eae18000) (95) Data frame sent
I0816 01:23:35.391857   16344 log.go:244] (0x16f6eae18000) (95) Writing data frame
I0816 01:23:35.407515   16344 log.go:244] (0x16f6eb21c210) Data frame received for 95
I0816 01:23:35.442841   16344 log.go:244] (0x16f6eae18000) (95) Data frame handling
I0816 01:23:35.494593   16344 log.go:244] (0x16f6eae18000) (95) Data frame sent
I0816 01:23:45.395391   16344 log.go:244] (0x16f6eae18000) (95) Writing data frame
I0816 01:23:45.426942   16344 log.go:244] (0x16f6eb21c210) Data frame received for 95
I0816 01:23:45.457986   16344 log.go:244] (0x16f6eae18000) (95) Data frame handling
I0816 01:23:45.652769   16344 log.go:244] (0x16f6eae18000) (95) Data frame sent
I0816 01:23:55.980920   16344 log.go:244] (0x16f6eae18000) (95) Writing data frame
I0816 01:23:56.169200   16344 log.go:244] (0x16f6eb21c210) Data frame received for 95
I0816 01:23:56.211507   16344 log.go:244] (0x16f6eae18000) (95) Data frame handling
I0816 01:23:56.454012   16344 log.go:244] (0x16f6eae18000) (95) Data frame sent
I0816 01:24:06.506423   16344 log.go:244] (0x16f6eae18000) (95) Writing data frame
I0816 01:24:06.520620   16344 log.go:244] (0x16f6eb21c210) Data frame received for 95
I0816 01:24:06.534784   16344 log.go:244] (0x16f6eae18000) (95) Data frame handling
I0816 01:24:06.689716   16344 log.go:244] (0x16f6eae18000) (95) Data frame sent
I0816 01:24:17.068683   16344 log.go:244] (0x16f6eae18000) (95) Writing data frame
I0816 01:24:17.285551   16344 log.go:244] (0x16f6eb21c210) Data frame received for 95
I0816 01:24:17.479155   16344 log.go:244] (0x16f6eae18000) (95) Data frame handling
I0816 01:24:17.479155   16344 log.go:244] (0x16f6eae18000) (95) Data frame sent
I0816 01:24:27.599381   16344 log.go:244] (0x16f6eae18000) (95) Writing data frame
I0816 01:24:27.658247   16344 log.go:244] (0x16f6eb21c210) Data frame received for 95
I0816 01:24:27.754535   16344 log.go:244] (0x16f6eae18000) (95) Data frame handling
I0816 01:24:27.895959   16344 log.go:244] (0x16f6eae18000) (95) Data frame sent
I0816 01:24:38.175960   16344 log.go:244] (0x16f6eae18000) (95) Writing data frame
I0816 01:24:38.355339   16344 log.go:244] (0x16f6eb21c210) Data frame received for 95
I0816 01:24:38.446668   16344 log.go:244] (0x16f6eae18000) (95) Data frame handling
I0816 01:24:38.599505   16344 log.go:244] (0x16f6eae18000) (95) Data frame sent
I0816 01:24:48.715089   16344 log.go:244] (0x16f6eae18000) (95) Writing data frame
I0816 01:24:48.901859   16344 log.go:244] (0x16f6eb21c210) Data frame received for 95
I0816 01:24:49.089014   16344 log.go:244] (0x16f6eae18000) (95) Data frame handling
I0816 01:24:49.193476   16344 log.go:244] (0x16f6eae18000) (95) Data frame sent
I0816 01:24:58.726320   16344 log.go:244] (0x16f6eae18000) (95) Writing data frame
I0816 01:24:58.728402   16344 log.go:244] (0x16f6eb21c210) Data frame received for 95
I0816 01:24:58.728402   16344 log.go:244] (0x16f6eae18000) (95) Data frame handling
I0816 01:24:58.728907   16344 log.go:244] (0x16f6eae18000) (95) Data frame sent
I0816 01:25:09.335009   16344 log.go:244] (0x16f6eae18000) (95) Writing data frame
I0816 01:25:09.339280   16344 log.go:244] (0x16f6eb21c210) Data frame received for 95
I0816 01:25:09.339280   16344 log.go:244] (0x16f6eae18000) (95) Data frame handling
I0816 01:25:09.340287   16344 log.go:244] (0x16f6eae18000) (95) Data frame sent
I0816 01:25:19.335683   16344 log.go:244] (0x16f6eae18000) (95) Writing data frame
I0816 01:25:19.338887   16344 log.go:244] (0x16f6eb21c210) Data frame received for 95
I0816 01:25:19.339429   16344 log.go:244] (0x16f6eae18000) (95) Data frame handling
I0816 01:25:19.339429   16344 log.go:244] (0x16f6eae18000) (95) Data frame sent
I0816 01:25:29.924160   16344 log.go:244] (0x16f6eae18000) (95) Writing data frame
I0816 01:25:29.927131   16344 log.go:244] (0x16f6eb21c210) Data frame received for 95
I0816 01:25:29.927700   16344 log.go:244] (0x16f6eae18000) (95) Data frame handling
I0816 01:25:29.928214   16344 log.go:244] (0x16f6eae18000) (95) Data frame sent
I0816 01:25:40.504946   16344 log.go:244] (0x16f6eae18000) (95) Writing data frame
I0816 01:25:40.507855   16344 log.go:244] (0x16f6eb21c210) Data frame received for 95
I0816 01:25:40.508364   16344 log.go:244] (0x16f6eae18000) (95) Data frame handling
I0816 01:25:40.508364   16344 log.go:244] (0x16f6eae18000) (95) Data frame sent
I0816 01:25:51.109791   16344 log.go:244] (0x16f6eae18000) (95) Writing data frame
I0816 01:25:51.112933   16344 log.go:244] (0x16f6eb21c210) Data frame received for 95
I0816 01:25:51.113439   16344 log.go:244] (0x16f6eae18000) (95) Data frame handling
I0816 01:25:51.113439   16344 log.go:244] (0x16f6eae18000) (95) Data frame sent
I0816 01:26:01.397293   16344 log.go:244] (0x16f6eae18000) (95) Writing data frame
I0816 01:26:01.400231   16344 log.go:244] (0x16f6eb21c210) Data frame received for 95
I0816 01:26:01.400737   16344 log.go:244] (0x16f6eae18000) (95) Data frame handling
I0816 01:26:01.400737   16344 log.go:244] (0x16f6eae18000) (95) Data frame sent
I0816 01:26:12.002151   16344 log.go:244] (0x16f6eae18000) (95) Writing data frame
I0816 01:26:12.028751   16344 log.go:244] (0x16f6eb21c210) Data frame received for 95
I0816 01:26:12.035220   16344 log.go:244] (0x16f6eae18000) (95) Data frame handling
I0816 01:26:12.035735   16344 log.go:244] (0x16f6eae18000) (95) Data frame sent
I0816 01:26:22.665234   16344 log.go:244] (0x16f6eae18000) (95) Writing data frame
I0816 01:26:22.690593   16344 log.go:244] (0x16f6eb21c210) Data frame received for 95
I0816 01:26:22.750150   16344 log.go:244] (0x16f6eae18000) (95) Data frame handling
I0816 01:26:22.750150   16344 log.go:244] (0x16f6eae18000) (95) Data frame sent
I0816 01:26:33.181503   16344 log.go:244] (0x16f6eae18000) (95) Writing data frame
I0816 01:26:33.184723   16344 log.go:244] (0x16f6eb21c210) Data frame received for 95
I0816 01:26:33.185244   16344 log.go:244] (0x16f6eae18000) (95) Data frame handling
I0816 01:26:33.185244   16344 log.go:244] (0x16f6eae18000) (95) Data frame sent
I0816 01:26:43.772913   16344 log.go:244] (0x16f6eae18000) (95) Writing data frame
I0816 01:26:43.777917   16344 log.go:244] (0x16f6eb21c210) Data frame received for 95
I0816 01:26:43.815114   16344 log.go:244] (0x16f6eae18000) (95) Data frame handling
I0816 01:26:43.815638   16344 log.go:244] (0x16f6eae18000) (95) Data frame sent
I0816 01:26:54.348616   16344 log.go:244] (0x16f6eae18000) (95) Writing data frame
I0816 01:26:54.353705   16344 log.go:244] (0x16f6eb21c210) Data frame received for 95
I0816 01:26:54.354212   16344 log.go:244] (0x16f6eae18000) (95) Data frame handling
I0816 01:26:54.354761   16344 log.go:244] (0x16f6eae18000) (95) Data frame sent
I0816 01:27:04.968710   16344 log.go:244] (0x16f6eae18000) (95) Writing data frame
I0816 01:27:04.972175   16344 log.go:244] (0x16f6eb21c210) Data frame received for 95
I0816 01:27:04.972683   16344 log.go:244] (0x16f6eae18000) (95) Data frame handling
I0816 01:27:04.972683   16344 log.go:244] (0x16f6eae18000) (95) Data frame sent
I0816 01:27:15.547594   16344 log.go:244] (0x16f6eae18000) (95) Writing data frame
I0816 01:27:15.630892   16344 log.go:244] (0x16f6eb21c210) Data frame received for 95
I0816 01:27:15.747747   16344 log.go:244] (0x16f6eae18000) (95) Data frame handling
I0816 01:27:15.800615   16344 log.go:244] (0x16f6eae18000) (95) Data frame sent
I0816 01:27:26.134099   16344 log.go:244] (0x16f6eae18000) (95) Writing data frame
I0816 01:27:26.158364   16344 log.go:244] (0x16f6eb21c210) Data frame received for 95
I0816 01:27:26.191763   16344 log.go:244] (0x16f6eae18000) (95) Data frame handling
I0816 01:27:26.192284   16344 log.go:244] (0x16f6eae18000) (95) Data frame sent
I0816 01:27:36.727820   16344 log.go:244] (0x16f6eae18000) (95) Writing data frame
I0816 01:27:36.825223   16344 log.go:244] (0x16f6eb21c210) Data frame received for 95
I0816 01:27:36.898434   16344 log.go:244] (0x16f6eae18000) (95) Data frame handling
I0816 01:27:36.971975   16344 log.go:244] (0x16f6eae18000) (95) Data frame sent
I0816 01:27:47.303802   16344 log.go:244] (0x16f6eae18000) (95) Writing data frame
I0816 01:27:47.498954   16344 log.go:244] (0x16f6eb21c210) Data frame received for 95
I0816 01:27:47.588084   16344 log.go:244] (0x16f6eae18000) (95) Data frame handling
I0816 01:27:47.621452   16344 log.go:244] (0x16f6eae18000) (95) Data frame sent
I0816 01:27:57.887696   16344 log.go:244] (0x16f6eae18000) (95) Writing data frame
I0816 01:27:57.925115   16344 log.go:244] (0x16f6eb21c210) Data frame received for 95
I0816 01:27:58.068057   16344 log.go:244] (0x16f6eae18000) (95) Data frame handling
I0816 01:27:58.081776   16344 log.go:244] (0x16f6eae18000) (95) Data frame sent
I0816 01:28:08.408512   16344 log.go:244] (0x16f6eae18000) (95) Writing data frame
I0816 01:28:08.434426   16344 log.go:244] (0x16f6eb21c210) Data frame received for 95
I0816 01:28:08.434933   16344 log.go:244] (0x16f6eae18000) (95) Data frame handling
I0816 01:28:08.434933   16344 log.go:244] (0x16f6eae18000) (95) Data frame sent
I0816 01:28:19.009400   16344 log.go:244] (0x16f6eae18000) (95) Writing data frame
I0816 01:28:19.015169   16344 log.go:244] (0x16f6eb21c210) Data frame received for 95
I0816 01:28:19.015169   16344 log.go:244] (0x16f6eae18000) (95) Data frame handling
I0816 01:28:19.015715   16344 log.go:244] (0x16f6eae18000) (95) Data frame sent
I0816 01:28:29.008304   16344 log.go:244] (0x16f6eae18000) (95) Writing data frame
I0816 01:28:29.011301   16344 log.go:244] (0x16f6eb21c210) Data frame received for 95
I0816 01:28:29.011806   16344 log.go:244] (0x16f6eae18000) (95) Data frame handling
I0816 01:28:29.011806   16344 log.go:244] (0x16f6eae18000) (95) Data frame sent
I0816 01:28:39.334807   16344 log.go:244] (0x16f6eae18000) (95) Writing data frame
I0816 01:28:39.794114   16344 log.go:244] (0x16f6eb21c210) Data frame received for 95
I0816 01:28:39.891814   16344 log.go:244] (0x16f6eae18000) (95) Data frame handling
I0816 01:28:39.912390   16344 log.go:244] (0x16f6eae18000) (95) Data frame sent
I0816 01:28:44.944050   16344 log.go:244] (0x16f6eb21c210) (0x16f6eae9c000) Create stream
I0816 01:28:44.987285   16344 log.go:244] (0x16f6eb21c210) (0x16f6eae9c000) Stream added, broadcasting: 101
I0816 01:28:44.989800   16344 log.go:244] (0x16f6eb21c210) Reply frame received for 101
I0816 01:28:44.989800   16344 log.go:244] (0x16f6eae9c000) (101) Writing data frame
I0816 01:28:44.990616   16344 log.go:244] (0x16f6eb21c210) (0x16f6eae180a0) Create stream
I0816 01:28:44.990616   16344 log.go:244] (0x16f6eb21c210) (0x16f6eae180a0) Stream added, broadcasting: 103
I0816 01:28:44.991810   16344 log.go:244] (0x16f6eb21c210) Reply frame received for 103
I0816 01:28:44.992820   16344 log.go:244] (0x16f6eae180a0) (103) Writing data frame
I0816 01:28:45.013888   16344 log.go:244] (0x16f6eb21c210) Data frame received for 103
I0816 01:28:45.026519   16344 log.go:244] (0x16f6eae180a0) (103) Data frame handling
I0816 01:28:45.113341   16344 log.go:244] (0x16f6eae180a0) (103) Data frame sent
I0816 01:28:45.152224   16344 log.go:244] (0x16f6eae180a0) (103) Writing data frame
I0816 01:28:45.156282   16344 log.go:244] (0x16f6eb21c210) Data frame received for 101
I0816 01:28:45.156812   16344 log.go:244] (0x16f6eae9c000) (101) Data frame handling
I0816 01:28:45.157355   16344 log.go:244] (0x16f6eb21c210) Data frame received for 103
I0816 01:28:45.157889   16344 log.go:244] (0x16f6eb21c210) (0x16f6eae9c000) Stream removed, broadcasting: 101
I0816 01:28:45.157889   16344 log.go:244] (0x16f6eae180a0) (103) Data frame handling
I0816 01:28:45.158430   16344 log.go:244] (0x16f6eb21c210) (0x16f6eae180a0) Stream removed, broadcasting: 103
I0816 01:28:45.158430   16344 log.go:244] (0x16f6eb21c210) (0x16f6eae180a0) Stream removed, broadcasting: 103
I0816 01:28:49.852143   16344 log.go:244] (0x16f6eae18000) (95) Writing data frame
I0816 01:28:49.856246   16344 log.go:244] (0x16f6eb21c210) Data frame received for 95
I0816 01:28:49.856754   16344 log.go:244] (0x16f6eae18000) (95) Data frame handling
I0816 01:28:49.857294   16344 log.go:244] (0x16f6eae18000) (95) Data frame sent
I0816 01:29:00.449799   16344 log.go:244] (0x16f6eae18000) (95) Writing data frame
I0816 01:29:00.476189   16344 log.go:244] (0x16f6eb21c210) Data frame received for 95
I0816 01:29:00.598033   16344 log.go:244] (0x16f6eae18000) (95) Data frame handling
I0816 01:29:00.764876   16344 log.go:244] (0x16f6eae18000) (95) Data frame sent
I0816 01:29:11.014020   16344 log.go:244] (0x16f6eae18000) (95) Writing data frame
I0816 01:29:11.072743   16344 log.go:244] (0x16f6eb21c210) Data frame received for 95
I0816 01:29:11.239911   16344 log.go:244] (0x16f6eae18000) (95) Data frame handling
I0816 01:29:11.265377   16344 log.go:244] (0x16f6eae18000) (95) Data frame sent
I0816 01:29:21.585223   16344 log.go:244] (0x16f6eae18000) (95) Writing data frame
I0816 01:29:21.764728   16344 log.go:244] (0x16f6eb21c210) Data frame received for 95
I0816 01:29:22.258956   16344 log.go:244] (0x16f6eae18000) (95) Data frame handling
I0816 01:29:22.352799   16344 log.go:244] (0x16f6eae18000) (95) Data frame sent
I0816 01:29:31.590125   16344 log.go:244] (0x16f6eae18000) (95) Writing data frame
I0816 01:29:31.670719   16344 log.go:244] (0x16f6eb21c210) Data frame received for 95
I0816 01:29:31.750828   16344 log.go:244] (0x16f6eae18000) (95) Data frame handling
I0816 01:29:31.759382   16344 log.go:244] (0x16f6eae18000) (95) Data frame sent
I0816 01:29:41.590140   16344 log.go:244] (0x16f6eae18000) (95) Writing data frame
I0816 01:29:41.699740   16344 log.go:244] (0x16f6eb21c210) Data frame received for 95
I0816 01:29:42.112032   16344 log.go:244] (0x16f6eae18000) (95) Data frame handling
I0816 01:29:42.209498   16344 log.go:244] (0x16f6eae18000) (95) Data frame sent
I0816 01:29:51.893589   16344 log.go:244] (0x16f6eae18000) (95) Writing data frame
I0816 01:29:52.010032   16344 log.go:244] (0x16f6eb21c210) Data frame received for 95
I0816 01:29:52.182539   16344 log.go:244] (0x16f6eae18000) (95) Data frame handling
I0816 01:29:52.356604   16344 log.go:244] (0x16f6eae18000) (95) Data frame sent
I0816 01:30:02.441889   16344 log.go:244] (0x16f6eae18000) (95) Writing data frame
I0816 01:30:02.530620   16344 log.go:244] (0x16f6eb21c210) Data frame received for 95
I0816 01:30:02.658935   16344 log.go:244] (0x16f6eae18000) (95) Data frame handling
I0816 01:30:02.817263   16344 log.go:244] (0x16f6eae18000) (95) Data frame sent
I0816 01:30:12.974250   16344 log.go:244] (0x16f6eae18000) (95) Writing data frame
I0816 01:30:13.030603   16344 log.go:244] (0x16f6eb21c210) Data frame received for 95
I0816 01:30:13.057832   16344 log.go:244] (0x16f6eae18000) (95) Data frame handling
I0816 01:30:13.057832   16344 log.go:244] (0x16f6eae18000) (95) Data frame sent
I0816 01:30:23.746226   16344 log.go:244] (0x16f6eae18000) (95) Writing data frame
I0816 01:30:23.919966   16344 log.go:244] (0x16f6eb21c210) Data frame received for 95
I0816 01:30:24.178299   16344 log.go:244] (0x16f6eae18000) (95) Data frame handling
I0816 01:30:24.318751   16344 log.go:244] (0x16f6eae18000) (95) Data frame sent
I0816 01:30:34.091474   16344 log.go:244] (0x16f6eae18000) (95) Writing data frame
I0816 01:30:34.180365   16344 log.go:244] (0x16f6eb21c210) Data frame received for 95
I0816 01:30:34.299294   16344 log.go:244] (0x16f6eae18000) (95) Data frame handling
I0816 01:30:34.430357   16344 log.go:244] (0x16f6eae18000) (95) Data frame sent
I0816 01:30:44.722305   16344 log.go:244] (0x16f6eae18000) (95) Writing data frame
I0816 01:30:44.745035   16344 log.go:244] (0x16f6eb21c210) Data frame received for 95
I0816 01:30:44.747734   16344 log.go:244] (0x16f6eae18000) (95) Data frame handling
I0816 01:30:44.748269   16344 log.go:244] (0x16f6eae18000) (95) Data frame sent
I0816 01:30:55.327638   16344 log.go:244] (0x16f6eae18000) (95) Writing data frame
I0816 01:30:55.516381   16344 log.go:244] (0x16f6eb21c210) Data frame received for 95
I0816 01:30:55.813863   16344 log.go:244] (0x16f6eae18000) (95) Data frame handling
I0816 01:30:55.969883   16344 log.go:244] (0x16f6eae18000) (95) Data frame sent
I0816 01:30:59.608255   16344 log.go:244] (0x16f6eae18000) (95) Writing data frame
I0816 01:31:00.035457   16344 log.go:244] (0x16f6eb21c210) Data frame received for 95
I0816 01:31:00.225419   16344 log.go:244] (0x16f6eae18000) (95) Data frame handling
I0816 01:31:00.586491   16344 log.go:244] (0x16f6eae18000) (95) Data frame sent
I0816 01:31:05.389424   16344 log.go:244] (0x16f6eae18000) (95) Writing data frame
I0816 01:31:05.601679   16344 log.go:244] (0x16f6eb21c210) Data frame received for 95
I0816 01:31:05.983406   16344 log.go:244] (0x16f6eae18000) (95) Data frame handling
I0816 01:31:06.213130   16344 log.go:244] (0x16f6eae18000) (95) Data frame sent
I0816 01:31:15.818046   16344 log.go:244] (0x16f6eae18000) (95) Writing data frame
I0816 01:31:16.007473   16344 log.go:244] (0x16f6eb21c210) Data frame received for 95
I0816 01:31:16.014891   16344 log.go:244] (0x16f6eae18000) (95) Data frame handling
I0816 01:31:16.152238   16344 log.go:244] (0x16f6eae18000) (95) Data frame sent
I0816 01:31:26.386035   16344 log.go:244] (0x16f6eae18000) (95) Writing data frame
I0816 01:31:26.610259   16344 log.go:244] (0x16f6eb21c210) Data frame received for 95
I0816 01:31:26.623633   16344 log.go:244] (0x16f6eae18000) (95) Data frame handling
I0816 01:31:26.627132   16344 log.go:244] (0x16f6eae18000) (95) Data frame sent
I0816 01:31:36.956091   16344 log.go:244] (0x16f6eae18000) (95) Writing data frame
I0816 01:31:37.138416   16344 log.go:244] (0x16f6eb21c210) Data frame received for 95
I0816 01:31:37.333079   16344 log.go:244] (0x16f6eae18000) (95) Data frame handling
I0816 01:31:37.358494   16344 log.go:244] (0x16f6eae18000) (95) Data frame sent
I0816 01:31:47.136744   16344 log.go:244] (0x16f6eae18000) (95) Writing data frame
I0816 01:31:47.330787   16344 log.go:244] (0x16f6eb21c210) Data frame received for 95
I0816 01:31:47.760655   16344 log.go:244] (0x16f6eae18000) (95) Data frame handling
I0816 01:31:48.186175   16344 log.go:244] (0x16f6eae18000) (95) Data frame sent
I0816 01:31:57.201717   16344 log.go:244] (0x16f6eae18000) (95) Writing data frame
I0816 01:31:57.217591   16344 log.go:244] (0x16f6eb21c210) Data frame received for 95
I0816 01:31:57.256340   16344 log.go:244] (0x16f6eae18000) (95) Data frame handling
I0816 01:31:57.302886   16344 log.go:244] (0x16f6eae18000) (95) Data frame sent
I0816 01:31:57.396679   16344 log.go:244] (0x16f6eae18000) (95) Writing data frame
I0816 01:31:57.497372   16344 log.go:244] (0x16f6eb21c210) Data frame received for 95
I0816 01:31:57.631871   16344 log.go:244] (0x16f6eae18000) (95) Data frame handling
I0816 01:31:57.642731   16344 log.go:244] (0x16f6eae18000) (95) Data frame sent
I0816 01:32:07.512597   16344 log.go:244] (0x16f6eae18000) (95) Writing data frame
I0816 01:32:07.555893   16344 log.go:244] (0x16f6eb21c210) Data frame received for 95
I0816 01:32:07.576264   16344 log.go:244] (0x16f6eae18000) (95) Data frame handling
I0816 01:32:07.576264   16344 log.go:244] (0x16f6eae18000) (95) Data frame sent
I0816 01:32:18.097749   16344 log.go:244] (0x16f6eae18000) (95) Writing data frame
I0816 01:32:18.147045   16344 log.go:244] (0x16f6eb21c210) Data frame received for 95
I0816 01:32:18.194079   16344 log.go:244] (0x16f6eae18000) (95) Data frame handling
I0816 01:32:18.218192   16344 log.go:244] (0x16f6eae18000) (95) Data frame sent
I0816 01:32:28.352056   16344 log.go:244] (0x16f6eae18000) (95) Writing data frame
I0816 01:32:28.464894   16344 log.go:244] (0x16f6eb21c210) Data frame received for 95
I0816 01:32:28.934887   16344 log.go:244] (0x16f6eae18000) (95) Data frame handling
I0816 01:32:29.022785   16344 log.go:244] (0x16f6eae18000) (95) Data frame sent
I0816 01:32:38.864556   16344 log.go:244] (0x16f6eae18000) (95) Writing data frame
I0816 01:32:38.927391   16344 log.go:244] (0x16f6eb21c210) Data frame received for 95
I0816 01:32:38.988674   16344 log.go:244] (0x16f6eae18000) (95) Data frame handling
I0816 01:32:38.988674   16344 log.go:244] (0x16f6eae18000) (95) Data frame sent
I0816 01:32:49.432791   16344 log.go:244] (0x16f6eae18000) (95) Writing data frame
I0816 01:32:49.438440   16344 log.go:244] (0x16f6eb21c210) Data frame received for 95
I0816 01:32:49.438947   16344 log.go:244] (0x16f6eae18000) (95) Data frame handling
I0816 01:32:49.439030   16344 log.go:244] (0x16f6eae18000) (95) Data frame sent
I0816 01:32:50.410461   16344 log.go:244] (0x16f6eae18000) (95) Writing data frame
I0816 01:32:50.875674   16344 log.go:244] (0x16f6eb21c210) Data frame received for 95
I0816 01:32:50.955823   16344 log.go:244] (0x16f6eae18000) (95) Data frame handling
I0816 01:32:51.022540   16344 log.go:244] (0x16f6eae18000) (95) Data frame sent
I0816 01:32:59.486619   16344 log.go:244] (0x16f6eae18000) (95) Writing data frame
I0816 01:32:59.489473   16344 log.go:244] (0x16f6eb21c210) Data frame received for 95
I0816 01:32:59.489473   16344 log.go:244] (0x16f6eae18000) (95) Data frame handling
I0816 01:32:59.489982   16344 log.go:244] (0x16f6eae18000) (95) Data frame sent
I0816 01:33:01.804486   16344 log.go:244] (0x16f6eae18000) (95) Writing data frame
I0816 01:33:02.171288   16344 log.go:244] (0x16f6eb21c210) Data frame received for 95
I0816 01:33:02.186886   16344 log.go:244] (0x16f6eae18000) (95) Data frame handling
I0816 01:33:02.186886   16344 log.go:244] (0x16f6eae18000) (95) Data frame sent
I0816 01:33:02.812793   16344 log.go:244] (0x16f6eae18000) (95) Writing data frame
I0816 01:33:03.179027   16344 log.go:244] (0x16f6eb21c210) Data frame received for 95
I0816 01:33:03.180070   16344 log.go:244] (0x16f6eae18000) (95) Data frame handling
I0816 01:33:03.180070   16344 log.go:244] (0x16f6eae18000) (95) Data frame sent
I0816 01:33:09.571894   16344 log.go:244] (0x16f6eae18000) (95) Writing data frame
I0816 01:33:09.593256   16344 log.go:244] (0x16f6eb21c210) Data frame received for 95
I0816 01:33:09.609811   16344 log.go:244] (0x16f6eae18000) (95) Data frame handling
I0816 01:33:09.610315   16344 log.go:244] (0x16f6eae18000) (95) Data frame sent
I0816 01:33:19.838526   16344 log.go:244] (0x16f6eae18000) (95) Writing data frame
I0816 01:33:19.972725   16344 log.go:244] (0x16f6eb21c210) Data frame received for 95
I0816 01:33:20.105942   16344 log.go:244] (0x16f6eae18000) (95) Data frame handling
I0816 01:33:20.148169   16344 log.go:244] (0x16f6eae18000) (95) Data frame sent
I0816 01:33:30.399661   16344 log.go:244] (0x16f6eae18000) (95) Writing data frame
I0816 01:33:30.469446   16344 log.go:244] (0x16f6eb21c210) Data frame received for 95
I0816 01:33:30.469954   16344 log.go:244] (0x16f6eae18000) (95) Data frame handling
I0816 01:33:30.469954   16344 log.go:244] (0x16f6eae18000) (95) Data frame sent
I0816 01:33:40.443310   16344 log.go:244] (0x16f6eae18000) (95) Writing data frame
I0816 01:33:40.746661   16344 log.go:244] (0x16f6eb21c210) Data frame received for 95
I0816 01:33:40.833355   16344 log.go:244] (0x16f6eae18000) (95) Data frame handling
I0816 01:33:40.836843   16344 log.go:244] (0x16f6eae18000) (95) Data frame sent
I0816 01:33:50.986881   16344 log.go:244] (0x16f6eae18000) (95) Writing data frame
I0816 01:33:51.027450   16344 log.go:244] (0x16f6eb21c210) Data frame received for 95
I0816 01:33:51.027957   16344 log.go:244] (0x16f6eae18000) (95) Data frame handling
I0816 01:33:51.028630   16344 log.go:244] (0x16f6eae18000) (95) Data frame sent
I0816 01:34:01.567729   16344 log.go:244] (0x16f6eae18000) (95) Writing data frame
I0816 01:34:01.878246   16344 log.go:244] (0x16f6eb21c210) Data frame received for 95
I0816 01:34:02.117244   16344 log.go:244] (0x16f6eae18000) (95) Data frame handling
I0816 01:34:02.385913   16344 log.go:244] (0x16f6eae18000) (95) Data frame sent
I0816 01:34:12.061465   16344 log.go:244] (0x16f6eae18000) (95) Writing data frame
I0816 01:34:12.075673   16344 log.go:244] (0x16f6eb21c210) Data frame received for 95
I0816 01:34:12.248452   16344 log.go:244] (0x16f6eae18000) (95) Data frame handling
I0816 01:34:12.280928   16344 log.go:244] (0x16f6eae18000) (95) Data frame sent
I0816 01:34:22.619423   16344 log.go:244] (0x16f6eae18000) (95) Writing data frame
I0816 01:34:22.715229   16344 log.go:244] (0x16f6eb21c210) Data frame received for 95
I0816 01:34:22.863410   16344 log.go:244] (0x16f6eae18000) (95) Data frame handling
I0816 01:34:22.863916   16344 log.go:244] (0x16f6eae18000) (95) Data frame sent
I0816 01:34:32.624563   16344 log.go:244] (0x16f6eae18000) (95) Writing data frame
I0816 01:34:32.909141   16344 log.go:244] (0x16f6eb21c210) Data frame received for 95
I0816 01:34:33.235858   16344 log.go:244] (0x16f6eae18000) (95) Data frame handling
I0816 01:34:33.412511   16344 log.go:244] (0x16f6eae18000) (95) Data frame sent
I0816 01:34:43.119959   16344 log.go:244] (0x16f6eae18000) (95) Writing data frame
I0816 01:34:43.146696   16344 log.go:244] (0x16f6eb21c210) Data frame received for 95
I0816 01:34:43.327321   16344 log.go:244] (0x16f6eae18000) (95) Data frame handling
I0816 01:34:43.328322   16344 log.go:244] (0x16f6eae18000) (95) Data frame sent
I0816 01:34:53.121181   16344 log.go:244] (0x16f6eae18000) (95) Writing data frame
I0816 01:34:53.373347   16344 log.go:244] (0x16f6eb21c210) Data frame received for 95
I0816 01:34:53.590965   16344 log.go:244] (0x16f6eae18000) (95) Data frame handling
I0816 01:34:53.592036   16344 log.go:244] (0x16f6eae18000) (95) Data frame sent
I0816 01:35:03.144360   16344 log.go:244] (0x16f6eae18000) (95) Writing data frame
I0816 01:35:03.237911   16344 log.go:244] (0x16f6eb21c210) Data frame received for 95
I0816 01:35:03.409466   16344 log.go:244] (0x16f6eae18000) (95) Data frame handling
I0816 01:35:03.571200   16344 log.go:244] (0x16f6eae18000) (95) Data frame sent
I0816 01:35:13.683012   16344 log.go:244] (0x16f6eae18000) (95) Writing data frame
I0816 01:35:13.832243   16344 log.go:244] (0x16f6eb21c210) Data frame received for 95
I0816 01:35:13.858005   16344 log.go:244] (0x16f6eae18000) (95) Data frame handling
I0816 01:35:14.093082   16344 log.go:244] (0x16f6eae18000) (95) Data frame sent
I0816 01:35:24.222468   16344 log.go:244] (0x16f6eae18000) (95) Writing data frame
I0816 01:35:24.476643   16344 log.go:244] (0x16f6eb21c210) Data frame received for 95
I0816 01:35:24.681823   16344 log.go:244] (0x16f6eae18000) (95) Data frame handling
I0816 01:35:24.920900   16344 log.go:244] (0x16f6eae18000) (95) Data frame sent
I0816 01:35:34.729027   16344 log.go:244] (0x16f6eae18000) (95) Writing data frame
I0816 01:35:35.026844   16344 log.go:244] (0x16f6eb21c210) Data frame received for 95
I0816 01:35:35.266039   16344 log.go:244] (0x16f6eae18000) (95) Data frame handling
I0816 01:35:35.445183   16344 log.go:244] (0x16f6eae18000) (95) Data frame sent
I0816 01:35:45.245575   16344 log.go:244] (0x16f6eae18000) (95) Writing data frame
I0816 01:35:45.335925   16344 log.go:244] (0x16f6eb21c210) Data frame received for 95
I0816 01:35:45.492982   16344 log.go:244] (0x16f6eae18000) (95) Data frame handling
I0816 01:35:45.858582   16344 log.go:244] (0x16f6eae18000) (95) Data frame sent
I0816 01:35:55.757730   16344 log.go:244] (0x16f6eae18000) (95) Writing data frame
I0816 01:35:55.949659   16344 log.go:244] (0x16f6eb21c210) Data frame received for 95
I0816 01:35:56.219054   16344 log.go:244] (0x16f6eae18000) (95) Data frame handling
I0816 01:35:56.384113   16344 log.go:244] (0x16f6eae18000) (95) Data frame sent
I0816 01:36:06.272580   16344 log.go:244] (0x16f6eae18000) (95) Writing data frame
I0816 01:36:06.349841   16344 log.go:244] (0x16f6eb21c210) Data frame received for 95
I0816 01:36:06.444362   16344 log.go:244] (0x16f6eae18000) (95) Data frame handling
I0816 01:36:06.456664   16344 log.go:244] (0x16f6eae18000) (95) Data frame sent
I0816 01:36:16.837749   16344 log.go:244] (0x16f6eae18000) (95) Writing data frame
I0816 01:36:16.847250   16344 log.go:244] (0x16f6eb21c210) Data frame received for 95
I0816 01:36:16.879409   16344 log.go:244] (0x16f6eae18000) (95) Data frame handling
I0816 01:36:16.894422   16344 log.go:244] (0x16f6eae18000) (95) Data frame sent
I0816 01:36:27.432152   16344 log.go:244] (0x16f6eae18000) (95) Writing data frame
I0816 01:36:27.469763   16344 log.go:244] (0x16f6eb21c210) Data frame received for 95
I0816 01:36:27.620969   16344 log.go:244] (0x16f6eae18000) (95) Data frame handling
I0816 01:36:27.631730   16344 log.go:244] (0x16f6eae18000) (95) Data frame sent
I0816 01:36:37.996856   16344 log.go:244] (0x16f6eae18000) (95) Writing data frame
I0816 01:36:38.085943   16344 log.go:244] (0x16f6eb21c210) Data frame received for 95
I0816 01:36:38.249410   16344 log.go:244] (0x16f6eae18000) (95) Data frame handling
I0816 01:36:38.409204   16344 log.go:244] (0x16f6eae18000) (95) Data frame sent
I0816 01:36:48.538496   16344 log.go:244] (0x16f6eae18000) (95) Writing data frame
I0816 01:36:48.565176   16344 log.go:244] (0x16f6eb21c210) Data frame received for 95
I0816 01:36:48.634345   16344 log.go:244] (0x16f6eae18000) (95) Data frame handling
I0816 01:36:48.660761   16344 log.go:244] (0x16f6eae18000) (95) Data frame sent
I0816 01:36:59.148953   16344 log.go:244] (0x16f6eae18000) (95) Writing data frame
I0816 01:36:59.285888   16344 log.go:244] (0x16f6eb21c210) Data frame received for 95
I0816 01:36:59.436787   16344 log.go:244] (0x16f6eae18000) (95) Data frame handling
I0816 01:36:59.552320   16344 log.go:244] (0x16f6eae18000) (95) Data frame sent
I0816 01:37:09.681014   16344 log.go:244] (0x16f6eae18000) (95) Writing data frame
I0816 01:37:10.007249   16344 log.go:244] (0x16f6eb21c210) Data frame received for 95
I0816 01:37:10.216257   16344 log.go:244] (0x16f6eae18000) (95) Data frame handling
I0816 01:37:10.613435   16344 log.go:244] (0x16f6eae18000) (95) Data frame sent
I0816 01:37:20.175992   16344 log.go:244] (0x16f6eae18000) (95) Writing data frame
I0816 01:37:20.494027   16344 log.go:244] (0x16f6eb21c210) Data frame received for 95
I0816 01:37:20.764874   16344 log.go:244] (0x16f6eae18000) (95) Data frame handling
I0816 01:37:20.996466   16344 log.go:244] (0x16f6eae18000) (95) Data frame sent
I0816 01:37:30.659972   16344 log.go:244] (0x16f6eae18000) (95) Writing data frame
I0816 01:37:31.027263   16344 log.go:244] (0x16f6eb21c210) Data frame received for 95
I0816 01:37:31.501859   16344 log.go:244] (0x16f6eae18000) (95) Data frame handling
I0816 01:37:31.837370   16344 log.go:244] (0x16f6eae18000) (95) Data frame sent
I0816 01:37:41.097194   16344 log.go:244] (0x16f6eae18000) (95) Writing data frame
I0816 01:37:41.463353   16344 log.go:244] (0x16f6eb21c210) Data frame received for 95
I0816 01:37:41.766199   16344 log.go:244] (0x16f6eae18000) (95) Data frame handling
I0816 01:37:41.856033   16344 log.go:244] (0x16f6eae18000) (95) Data frame sent
I0816 01:37:51.598838   16344 log.go:244] (0x16f6eae18000) (95) Writing data frame
I0816 01:37:51.817832   16344 log.go:244] (0x16f6eb21c210) Data frame received for 95
I0816 01:37:52.088252   16344 log.go:244] (0x16f6eae18000) (95) Data frame handling
I0816 01:37:52.257202   16344 log.go:244] (0x16f6eae18000) (95) Data frame sent
I0816 01:38:02.113851   16344 log.go:244] (0x16f6eae18000) (95) Writing data frame
I0816 01:38:02.203527   16344 log.go:244] (0x16f6eb21c210) Data frame received for 95
I0816 01:38:02.356906   16344 log.go:244] (0x16f6eae18000) (95) Data frame handling
I0816 01:38:02.500829   16344 log.go:244] (0x16f6eae18000) (95) Data frame sent
I0816 01:38:12.655563   16344 log.go:244] (0x16f6eae18000) (95) Writing data frame
I0816 01:38:12.713903   16344 log.go:244] (0x16f6eb21c210) Data frame received for 95
I0816 01:38:12.721160   16344 log.go:244] (0x16f6eae18000) (95) Data frame handling
I0816 01:38:12.721703   16344 log.go:244] (0x16f6eae18000) (95) Data frame sent
I0816 01:38:23.244403   16344 log.go:244] (0x16f6eae18000) (95) Writing data frame
I0816 01:38:23.409703   16344 log.go:244] (0x16f6eb21c210) Data frame received for 95
I0816 01:38:23.647273   16344 log.go:244] (0x16f6eae18000) (95) Data frame handling
I0816 01:38:23.824092   16344 log.go:244] (0x16f6eae18000) (95) Data frame sent
I0816 01:38:33.749728   16344 log.go:244] (0x16f6eae18000) (95) Writing data frame
I0816 01:38:33.830553   16344 log.go:244] (0x16f6eb21c210) Data frame received for 95
I0816 01:38:33.945063   16344 log.go:244] (0x16f6eae18000) (95) Data frame handling
I0816 01:38:33.963492   16344 log.go:244] (0x16f6eae18000) (95) Data frame sent
I0816 01:38:54.594024   16344 log.go:244] (0x16f6eae18000) (95) Writing data frame
I0816 01:38:54.600667   16344 log.go:244] (0x16f6eb21c210) Data frame received for 95
I0816 01:38:54.601205   16344 log.go:244] (0x16f6eae18000) (95) Data frame handling
I0816 01:38:54.613640   16344 log.go:244] (0x16f6eae18000) (95) Data frame sent
I0816 01:39:05.179581   16344 log.go:244] (0x16f6eae18000) (95) Writing data frame
I0816 01:39:05.770277   16344 log.go:244] (0x16f6eb21c210) Data frame received for 95
I0816 01:39:06.319051   16344 log.go:244] (0x16f6eae18000) (95) Data frame handling
I0816 01:39:06.650719   16344 log.go:244] (0x16f6eae18000) (95) Data frame sent
I0816 01:39:15.598183   16344 log.go:244] (0x16f6eae18000) (95) Writing data frame
I0816 01:39:16.243130   16344 log.go:244] (0x16f6eb21c210) Data frame received for 95
I0816 01:39:16.697390   16344 log.go:244] (0x16f6eae18000) (95) Data frame handling
I0816 01:39:17.051705   16344 log.go:244] (0x16f6eae18000) (95) Data frame sent
I0816 01:39:26.022925   16344 log.go:244] (0x16f6eae18000) (95) Writing data frame
I0816 01:39:26.046269   16344 log.go:244] (0x16f6eb21c210) Data frame received for 95
I0816 01:39:26.046774   16344 log.go:244] (0x16f6eae18000) (95) Data frame handling
I0816 01:39:26.046774   16344 log.go:244] (0x16f6eae18000) (95) Data frame sent
I0816 01:39:36.611735   16344 log.go:244] (0x16f6eae18000) (95) Writing data frame
I0816 01:39:37.076496   16344 log.go:244] (0x16f6eb21c210) Data frame received for 95
I0816 01:39:37.581606   16344 log.go:244] (0x16f6eae18000) (95) Data frame handling
I0816 01:39:38.222603   16344 log.go:244] (0x16f6eae18000) (95) Data frame sent
I0816 01:39:47.004390   16344 log.go:244] (0x16f6eae18000) (95) Writing data frame
I0816 01:39:47.264261   16344 log.go:244] (0x16f6eb21c210) Data frame received for 95
I0816 01:39:47.734623   16344 log.go:244] (0x16f6eae18000) (95) Data frame handling
I0816 01:39:47.913390   16344 log.go:244] (0x16f6eae18000) (95) Data frame sent
I0816 01:39:57.508505   16344 log.go:244] (0x16f6eae18000) (95) Writing data frame
I0816 01:39:57.772525   16344 log.go:244] (0x16f6eb21c210) Data frame received for 95
I0816 01:39:57.964894   16344 log.go:244] (0x16f6eae18000) (95) Data frame handling
I0816 01:39:58.172442   16344 log.go:244] (0x16f6eae18000) (95) Data frame sent
I0816 01:40:08.149874   16344 log.go:244] (0x16f6eae18000) (95) Writing data frame
I0816 01:40:08.652533   16344 log.go:244] (0x16f6eb21c210) Data frame received for 95
I0816 01:40:09.073034   16344 log.go:244] (0x16f6eae18000) (95) Data frame handling
I0816 01:40:09.325323   16344 log.go:244] (0x16f6eae18000) (95) Data frame sent
I0816 01:40:18.616409   16344 log.go:244] (0x16f6eae18000) (95) Writing data frame
I0816 01:40:18.953693   16344 log.go:244] (0x16f6eb21c210) Data frame received for 95
I0816 01:40:18.973888   16344 log.go:244] (0x16f6eae18000) (95) Data frame handling
I0816 01:40:18.985704   16344 log.go:244] (0x16f6eae18000) (95) Data frame sent
I0816 01:40:28.623389   16344 log.go:244] (0x16f6eae18000) (95) Writing data frame
I0816 01:40:28.889236   16344 log.go:244] (0x16f6eb21c210) Data frame received for 95
I0816 01:40:29.125655   16344 log.go:244] (0x16f6eae18000) (95) Data frame handling
I0816 01:40:29.560742   16344 log.go:244] (0x16f6eae18000) (95) Data frame sent
I0816 01:40:39.114560   16344 log.go:244] (0x16f6eae18000) (95) Writing data frame
I0816 01:40:39.358649   16344 log.go:244] (0x16f6eb21c210) Data frame received for 95
I0816 01:40:39.384590   16344 log.go:244] (0x16f6eae18000) (95) Data frame handling
I0816 01:40:39.598416   16344 log.go:244] (0x16f6eae18000) (95) Data frame sent
I0816 01:40:49.656087   16344 log.go:244] (0x16f6eae18000) (95) Writing data frame
I0816 01:40:49.850738   16344 log.go:244] (0x16f6eb21c210) Data frame received for 95
I0816 01:40:50.347088   16344 log.go:244] (0x16f6eae18000) (95) Data frame handling
I0816 01:40:50.385034   16344 log.go:244] (0x16f6eae18000) (95) Data frame sent
I0816 01:41:00.165842   16344 log.go:244] (0x16f6eae18000) (95) Writing data frame
I0816 01:41:00.589783   16344 log.go:244] (0x16f6eb21c210) Data frame received for 95
I0816 01:41:01.253001   16344 log.go:244] (0x16f6eae18000) (95) Data frame handling
I0816 01:41:01.275895   16344 log.go:244] (0x16f6eae18000) (95) Data frame sent
I0816 01:41:10.624527   16344 log.go:244] (0x16f6eae18000) (95) Writing data frame
I0816 01:41:11.073951   16344 log.go:244] (0x16f6eb21c210) Data frame received for 95
I0816 01:41:11.342180   16344 log.go:244] (0x16f6eae18000) (95) Data frame handling
I0816 01:41:11.613592   16344 log.go:244] (0x16f6eae18000) (95) Data frame sent
I0816 01:41:21.075732   16344 log.go:244] (0x16f6eae18000) (95) Writing data frame
I0816 01:41:21.446891   16344 log.go:244] (0x16f6eb21c210) Data frame received for 95
I0816 01:41:21.885862   16344 log.go:244] (0x16f6eae18000) (95) Data frame handling
I0816 01:41:22.072981   16344 log.go:244] (0x16f6eae18000) (95) Data frame sent
I0816 01:41:31.546652   16344 log.go:244] (0x16f6eae18000) (95) Writing data frame
I0816 01:41:31.745801   16344 log.go:244] (0x16f6eb21c210) Data frame received for 95
I0816 01:41:32.155655   16344 log.go:244] (0x16f6eae18000) (95) Data frame handling
I0816 01:41:32.393099   16344 log.go:244] (0x16f6eae18000) (95) Data frame sent
I0816 01:41:42.044740   16344 log.go:244] (0x16f6eae18000) (95) Writing data frame
I0816 01:41:42.474383   16344 log.go:244] (0x16f6eb21c210) Data frame received for 95
I0816 01:41:42.672247   16344 log.go:244] (0x16f6eae18000) (95) Data frame handling
I0816 01:41:43.061970   16344 log.go:244] (0x16f6eae18000) (95) Data frame sent
I0816 01:41:52.505931   16344 log.go:244] (0x16f6eae18000) (95) Writing data frame
I0816 01:41:52.674337   16344 log.go:244] (0x16f6eb21c210) Data frame received for 95
I0816 01:41:53.208659   16344 log.go:244] (0x16f6eae18000) (95) Data frame handling
I0816 01:41:53.693835   16344 log.go:244] (0x16f6eae18000) (95) Data frame sent
I0816 01:42:02.946307   16344 log.go:244] (0x16f6eae18000) (95) Writing data frame
I0816 01:42:03.194140   16344 log.go:244] (0x16f6eb21c210) Data frame received for 95
I0816 01:42:03.437896   16344 log.go:244] (0x16f6eae18000) (95) Data frame handling
I0816 01:42:03.692379   16344 log.go:244] (0x16f6eae18000) (95) Data frame sent
I0816 01:42:12.987871   16344 log.go:244] (0x16f6eae18000) (95) Writing data frame
I0816 01:42:13.517743   16344 log.go:244] (0x16f6eb21c210) Data frame received for 95
I0816 01:42:13.969696   16344 log.go:244] (0x16f6eae18000) (95) Data frame handling
I0816 01:42:14.322852   16344 log.go:244] (0x16f6eae18000) (95) Data frame sent
I0816 01:42:15.058553   16344 log.go:244] (0x16f6eae18000) (95) Writing data frame
I0816 01:42:16.246933   16344 log.go:244] (0x16f6eb21c210) Data frame received for 95
I0816 01:42:16.481176   16344 log.go:244] (0x16f6eae18000) (95) Data frame handling
I0816 01:42:16.807666   16344 log.go:244] (0x16f6eae18000) (95) Data frame sent
I0816 01:42:22.994384   16344 log.go:244] (0x16f6eae18000) (95) Writing data frame
I0816 01:42:23.672340   16344 log.go:244] (0x16f6eb21c210) Data frame received for 95
I0816 01:42:24.011906   16344 log.go:244] (0x16f6eae18000) (95) Data frame handling
I0816 01:42:24.286522   16344 log.go:244] (0x16f6eae18000) (95) Data frame sent
I0816 01:42:33.440081   16344 log.go:244] (0x16f6eae18000) (95) Writing data frame
I0816 01:42:33.783352   16344 log.go:244] (0x16f6eb21c210) Data frame received for 95
I0816 01:42:34.557110   16344 log.go:244] (0x16f6eae18000) (95) Data frame handling
I0816 01:42:35.061775   16344 log.go:244] (0x16f6eae18000) (95) Data frame sent
I0816 01:42:43.841808   16344 log.go:244] (0x16f6eae18000) (95) Writing data frame
I0816 01:42:44.137737   16344 log.go:244] (0x16f6eb21c210) Data frame received for 95
I0816 01:42:44.544974   16344 log.go:244] (0x16f6eae18000) (95) Data frame handling
I0816 01:42:44.709161   16344 log.go:244] (0x16f6eae18000) (95) Data frame sent
I0816 01:42:49.160428   16344 log.go:244] (0x16f6eae18000) (95) Writing data frame
I0816 01:42:49.458968   16344 log.go:244] (0x16f6eb21c210) Data frame received for 95
I0816 01:42:49.627018   16344 log.go:244] (0x16f6eae18000) (95) Data frame handling
I0816 01:42:50.049317   16344 log.go:244] (0x16f6eae18000) (95) Data frame sent
I0816 01:42:53.923374   16344 log.go:244] (0x16f6eae18000) (95) Writing data frame
I0816 01:42:54.375817   16344 log.go:244] (0x16f6eb21c210) Data frame received for 95
I0816 01:42:54.672105   16344 log.go:244] (0x16f6eae18000) (95) Data frame handling
I0816 01:42:54.924528   16344 log.go:244] (0x16f6eae18000) (95) Data frame sent
I0816 01:43:04.395500   16344 log.go:244] (0x16f6eae18000) (95) Writing data frame
I0816 01:43:04.927261   16344 log.go:244] (0x16f6eb21c210) Data frame received for 95
I0816 01:43:05.315062   16344 log.go:244] (0x16f6eae18000) (95) Data frame handling
I0816 01:43:05.555532   16344 log.go:244] (0x16f6eae18000) (95) Data frame sent
I0816 01:43:14.852393   16344 log.go:244] (0x16f6eae18000) (95) Writing data frame
I0816 01:43:15.171266   16344 log.go:244] (0x16f6eb21c210) Data frame received for 95
I0816 01:43:15.479707   16344 log.go:244] (0x16f6eae18000) (95) Data frame handling
I0816 01:43:15.580093   16344 log.go:244] (0x16f6eae18000) (95) Data frame sent
I0816 01:43:17.358092   16344 log.go:244] (0x16f6eae18000) (95) Writing data frame
I0816 01:43:17.650969   16344 log.go:244] (0x16f6eb21c210) Data frame received for 95
I0816 01:43:17.835500   16344 log.go:244] (0x16f6eae18000) (95) Data frame handling
I0816 01:43:18.014552   16344 log.go:244] (0x16f6eae18000) (95) Data frame sent
I0816 01:43:25.253313   16344 log.go:244] (0x16f6eae18000) (95) Writing data frame
I0816 01:43:25.681609   16344 log.go:244] (0x16f6eb21c210) Data frame received for 95
I0816 01:43:25.861595   16344 log.go:244] (0x16f6eae18000) (95) Data frame handling
I0816 01:43:25.990107   16344 log.go:244] (0x16f6eae18000) (95) Data frame sent
I0816 01:43:31.259420   16344 log.go:244] (0x16f6eae18000) (95) Writing data frame
I0816 01:43:31.440841   16344 log.go:244] (0x16f6eb21c210) Data frame received for 95
I0816 01:43:31.650394   16344 log.go:244] (0x16f6eae18000) (95) Data frame handling
I0816 01:43:31.843421   16344 log.go:244] (0x16f6eae18000) (95) Data frame sent
I0816 01:43:35.057860   16344 log.go:244] (0x16f6eae18000) (95) Writing data frame
I0816 01:43:35.327561   16344 log.go:244] (0x16f6eb21c210) Data frame received for 95
I0816 01:43:35.503669   16344 log.go:244] (0x16f6eae18000) (95) Data frame handling
I0816 01:43:35.679895   16344 log.go:244] (0x16f6eae18000) (95) Data frame sent
I0816 01:43:36.168864   16344 log.go:244] (0x16f6eae18000) (95) Writing data frame
I0816 01:43:36.306753   16344 log.go:244] (0x16f6eb21c210) Data frame received for 95
I0816 01:43:36.379142   16344 log.go:244] (0x16f6eae18000) (95) Data frame handling
I0816 01:43:36.665679   16344 log.go:244] (0x16f6eae18000) (95) Data frame sent
I0816 01:43:43.508005   16344 log.go:244] (0x16f6eae18000) (95) Writing data frame
I0816 01:43:44.646404   16344 log.go:244] (0x16f6eb21c210) Data frame received for 95
I0816 01:43:44.749742   16344 log.go:244] (0x16f6eae18000) (95) Data frame handling
I0816 01:43:44.857380   16344 log.go:244] (0x16f6eae18000) (95) Data frame sent
I0816 01:43:45.064640   16344 log.go:244] (0x16f6eae18000) (95) Writing data frame
I0816 01:43:45.165801   16344 log.go:244] (0x16f6eb21c210) Data frame received for 95
I0816 01:43:45.340694   16344 log.go:244] (0x16f6eae18000) (95) Data frame handling
I0816 01:43:45.390143   16344 log.go:244] (0x16f6eae18000) (95) Data frame sent
I0816 01:43:45.592911   16344 log.go:244] (0x16f6eae18000) (95) Writing data frame
I0816 01:43:46.560643   16344 log.go:244] (0x16f6eb21c210) Data frame received for 95
I0816 01:43:46.630874   16344 log.go:244] (0x16f6eae18000) (95) Data frame handling
I0816 01:43:46.763409   16344 log.go:244] (0x16f6eae18000) (95) Data frame sent
I0816 01:43:55.362257   16344 log.go:244] (0x16f6eae18000) (95) Writing data frame
I0816 01:43:55.477048   16344 log.go:244] (0x16f6eb21c210) Data frame received for 95
I0816 01:43:55.595210   16344 log.go:244] (0x16f6eae18000) (95) Data frame handling
I0816 01:43:55.680183   16344 log.go:244] (0x16f6eae18000) (95) Data frame sent
I0816 01:44:05.546020   16344 log.go:244] (0x16f6eae18000) (95) Writing data frame
I0816 01:44:05.614593   16344 log.go:244] (0x16f6eb21c210) Data frame received for 95
I0816 01:44:05.811005   16344 log.go:244] (0x16f6eae18000) (95) Data frame handling
I0816 01:44:05.950579   16344 log.go:244] (0x16f6eae18000) (95) Data frame sent
I0816 01:44:16.086722   16344 log.go:244] (0x16f6eae18000) (95) Writing data frame
I0816 01:44:16.238894   16344 log.go:244] (0x16f6eb21c210) Data frame received for 95
I0816 01:44:16.407448   16344 log.go:244] (0x16f6eae18000) (95) Data frame handling
I0816 01:44:16.548737   16344 log.go:244] (0x16f6eae18000) (95) Data frame sent
I0816 01:44:26.622850   16344 log.go:244] (0x16f6eae18000) (95) Writing data frame
I0816 01:44:26.756652   16344 log.go:244] (0x16f6eb21c210) Data frame received for 95
I0816 01:44:27.149629   16344 log.go:244] (0x16f6eae18000) (95) Data frame handling
I0816 01:44:27.320991   16344 log.go:244] (0x16f6eae18000) (95) Data frame sent
I0816 01:44:37.132188   16344 log.go:244] (0x16f6eae18000) (95) Writing data frame
I0816 01:44:37.200142   16344 log.go:244] (0x16f6eb21c210) Data frame received for 95
I0816 01:44:37.227858   16344 log.go:244] (0x16f6eae18000) (95) Data frame handling
I0816 01:44:37.238595   16344 log.go:244] (0x16f6eae18000) (95) Data frame sent
I0816 01:44:47.733005   16344 log.go:244] (0x16f6eae18000) (95) Writing data frame
I0816 01:44:47.794454   16344 log.go:244] (0x16f6eb21c210) Data frame received for 95
I0816 01:44:47.876483   16344 log.go:244] (0x16f6eae18000) (95) Data frame handling
I0816 01:44:47.889714   16344 log.go:244] (0x16f6eae18000) (95) Data frame sent
I0816 01:44:58.288678   16344 log.go:244] (0x16f6eae18000) (95) Writing data frame
I0816 01:44:58.376521   16344 log.go:244] (0x16f6eb21c210) Data frame received for 95
I0816 01:44:58.563301   16344 log.go:244] (0x16f6eae18000) (95) Data frame handling
I0816 01:44:58.711892   16344 log.go:244] (0x16f6eae18000) (95) Data frame sent
I0816 01:45:08.830472   16344 log.go:244] (0x16f6eae18000) (95) Writing data frame
I0816 01:45:08.909840   16344 log.go:244] (0x16f6eb21c210) Data frame received for 95
I0816 01:45:09.019031   16344 log.go:244] (0x16f6eae18000) (95) Data frame handling
I0816 01:45:09.072536   16344 log.go:244] (0x16f6eae18000) (95) Data frame sent
I0816 01:45:19.398585   16344 log.go:244] (0x16f6eae18000) (95) Writing data frame
I0816 01:45:19.414013   16344 log.go:244] (0x16f6eb21c210) Data frame received for 95
I0816 01:45:19.424597   16344 log.go:244] (0x16f6eae18000) (95) Data frame handling
I0816 01:45:19.424597   16344 log.go:244] (0x16f6eae18000) (95) Data frame sent
I0816 01:45:29.982291   16344 log.go:244] (0x16f6eae18000) (95) Writing data frame
I0816 01:45:30.156591   16344 log.go:244] (0x16f6eb21c210) Data frame received for 95
I0816 01:45:30.226915   16344 log.go:244] (0x16f6eae18000) (95) Data frame handling
I0816 01:45:30.246413   16344 log.go:244] (0x16f6eae18000) (95) Data frame sent
I0816 01:45:40.546552   16344 log.go:244] (0x16f6eae18000) (95) Writing data frame
I0816 01:45:40.626918   16344 log.go:244] (0x16f6eb21c210) Data frame received for 95
I0816 01:45:40.677413   16344 log.go:244] (0x16f6eae18000) (95) Data frame handling
I0816 01:45:40.677413   16344 log.go:244] (0x16f6eae18000) (95) Data frame sent
I0816 01:45:51.115905   16344 log.go:244] (0x16f6eae18000) (95) Writing data frame
I0816 01:45:51.234331   16344 log.go:244] (0x16f6eb21c210) Data frame received for 95
I0816 01:45:51.343562   16344 log.go:244] (0x16f6eae18000) (95) Data frame handling
I0816 01:45:51.409620   16344 log.go:244] (0x16f6eae18000) (95) Data frame sent
I0816 01:46:01.616306   16344 log.go:244] (0x16f6eae18000) (95) Writing data frame
I0816 01:46:01.756614   16344 log.go:244] (0x16f6eb21c210) Data frame received for 95
I0816 01:46:01.926755   16344 log.go:244] (0x16f6eae18000) (95) Data frame handling
I0816 01:46:01.938816   16344 log.go:244] (0x16f6eae18000) (95) Data frame sent
I0816 01:46:12.184346   16344 log.go:244] (0x16f6eae18000) (95) Writing data frame
I0816 01:46:12.402472   16344 log.go:244] (0x16f6eb21c210) Data frame received for 95
I0816 01:46:12.557701   16344 log.go:244] (0x16f6eae18000) (95) Data frame handling
I0816 01:46:12.609656   16344 log.go:244] (0x16f6eae18000) (95) Data frame sent
I0816 01:46:22.734185   16344 log.go:244] (0x16f6eae18000) (95) Writing data frame
I0816 01:46:22.884866   16344 log.go:244] (0x16f6eb21c210) Data frame received for 95
I0816 01:46:22.933031   16344 log.go:244] (0x16f6eae18000) (95) Data frame handling
I0816 01:46:22.933031   16344 log.go:244] (0x16f6eae18000) (95) Data frame sent
I0816 01:46:32.742850   16344 log.go:244] (0x16f6eae18000) (95) Writing data frame
I0816 01:46:32.791620   16344 log.go:244] (0x16f6eb21c210) Data frame received for 95
I0816 01:46:32.896460   16344 log.go:244] (0x16f6eae18000) (95) Data frame handling
I0816 01:46:32.960952   16344 log.go:244] (0x16f6eae18000) (95) Data frame sent
I0816 01:46:43.307455   16344 log.go:244] (0x16f6eae18000) (95) Writing data frame
I0816 01:46:44.496182   16344 log.go:244] (0x16f6eb21c210) Data frame received for 95
I0816 01:46:44.496702   16344 log.go:244] (0x16f6eae18000) (95) Data frame handling
I0816 01:46:44.496702   16344 log.go:244] (0x16f6eae18000) (95) Data frame sent
I0816 01:46:53.733895   16344 log.go:244] (0x16f6eae18000) (95) Writing data frame
I0816 01:46:56.237134   16344 log.go:244] (0x16f6eae18000) (95) Writing data frame
I0816 01:46:56.666882   16344 log.go:244] (0x16f6eb21c210) Data frame received for 95
I0816 01:46:56.805735   16344 log.go:244] (0x16f6eae18000) (95) Data frame handling
I0816 01:46:56.819957   16344 log.go:244] (0x16f6eae18000) (95) Data frame sent
I0816 01:46:57.306985   16344 log.go:244] (0x16f6eb21c210) Data frame received for 93
I0816 01:46:57.405425   16344 log.go:244] (0x16f6eb21c210) Data frame received for 95
I0816 01:46:57.406932   16344 log.go:244] (0x16f6eae18000) (95) Data frame handling
I0816 01:46:57.406932   16344 log.go:244] (0x16f6eae9c0a0) (93) Data frame handling
I0816 01:46:57.411606   16344 log.go:244] (0x16f6eb21c210) (0x16f6eae18000) Stream removed, broadcasting: 95
I0816 01:46:57.411606   16344 log.go:244] (0x16f6eb21c210) (0x16f6eae18000) Stream removed, broadcasting: 95
I0816 01:46:57.412115   16344 log.go:244] (0x16f6eb21c210) (0x16f6eae9c0a0) Stream removed, broadcasting: 93
I0816 01:47:05.780108   16344 log.go:244] (0x16f6eb21c210) (0x16f6eae9c000) Create stream
I0816 01:47:05.780620   16344 log.go:244] (0x16f6eb21c210) (0x16f6eae9c000) Stream added, broadcasting: 105
I0816 01:47:12.856292   16344 log.go:244] frame read error: websocket: close 1006 (abnormal closure): unexpected EOF
error: lost connection to pod
